image,total length_status,head width_status,head length_status,inter ocular distance_status,right antenna length_status,left antenna length_status,thorax width_status,thorax length_status,abdomen width_status,abdomen length_status,intertegular distance_status,left hind wing length_status,right hind wing length_status,left hind wing width_status,right hind wing width_status,left fore wing length_status,right fore wing length_status,left fore wing width_status,right fore wing width_status,left hind leg length_status,left hind leg femur length_status,left hind leg tibia length_status,left hind leg tarsus length_status,right hind leg length_status,right hind leg femur length_status,right hind leg tibia length_status,right hind leg tarsus length_status,total length_px,head width_px,head length_px,inter ocular distance_px,right antenna length_px,left antenna length_px,thorax width_px,thorax length_px,abdomen width_px,abdomen length_px,intertegular distance_px,left hind wing length_px,right hind wing length_px,left hind wing width_px,right hind wing width_px,left fore wing length_px,right fore wing length_px,left fore wing width_px,right fore wing width_px,left hind leg length_px,left hind leg femur length_px,left hind leg tibia length_px,left hind leg tarsus length_px,right hind leg length_px,right hind leg femur length_px,right hind leg tibia length_px,right hind leg tarsus length_px
C:\Users\tombe\Documents\_MLE\CV-for-GRIT\databases\luomus_hoverflies_pictures\3\GJ.2413.jpg,measurable,measurable,measurable,measurable,measurable,non_measurable,measurable,measurable,measurable,measurable,measurable,non_measurable,non_measurable,non_measurable,non_measurable,measurable,measurable,non_measurable,non_measurable,non_measurable,non_measurable,non_measurable,non_measurable,non_measurable,non_measurable,non_measurable,non_measurable,3935.481,1162.901,577.224,12.889,192.124,,971.867,1617.872,767.722,1740.385,879.096,,,,,3137.753,3098.148,,,,,,,,,,
C:\Users\tombe\Documents\_MLE\CV-for-GRIT\databases\luomus_hoverflies_pictures\3\GJ.2414.jpg,measurable,measurable,measurable,measurable,non_measurable,measurable,measurable,measurable,measurable,measurable,measurable,non_measurable,non_measurable,non_measurable,non_measurable,measurable,measurable,non_measurable,non_measurable,non_measurable,non_measurable,non_measurable,non_measurable,non_measurable,non_measurable,non_measurable,non_measurable,3993.267,1175.471,523.236,15.887,,192.159,1038.769,1604.602,794.362,1865.429,943.149,,,,,3232.34,3234.066,,,,,,,,,,
C:\Users\tombe\Documents\_MLE\CV-for-GRIT\databases\luomus_hoverflies_pictures\3\GJ.2415.jpg,measurable,measurable,measurable,measurable,non_measurable,measurable,measurable,measurable,measurable,measurable,measurable,non_measurable,non_measurable,non_measurable,non_measurable,measurable,measurable,non_measurable,non_measurable,non_measurable,non_measurable,non_measurable,non_measurable,non_measurable,non_measurable,non_measurable,non_measurable,3617.593,1098.522,531.721,0.0,,196.055,969.722,1572.617,733.04,1513.256,866.225,,,,,3153.907,3147.751,,,,,,,,,,
C:\Users\tombe\Documents\_MLE\CV-for-GRIT\databases\luomus_hoverflies_pictures\3\GJ.2416.jpg,measurable,measurable,measurable,measurable,non_measurable,non_measurable,measurable,measurable,measurable,measurable,measurable,non_measurable,non_measurable,non_measurable,non_measurable,measurable,measurable,measurable,non_measurable,non_measurable,non_measurable,non_measurable,non_measurable,non_measurable,non_measurable,non_measurable,non_measurable,3580.089,1032.27,429.234,8.264,,,841.077,1430.792,677.382,1720.063,764.318,,,,,2656.702,2572.238,841.236,,,,,,,,,
C:\Users\tombe\Documents\_MLE\CV-for-GRIT\databases\luomus_hoverflies_pictures\3\GJ.2419.jpg,measurable,measurable,measurable,measurable,measurable,measurable,measurable,measurable,measurable,measurable,measurable,non_measurable,non_measurable,non_measurable,non_measurable,measurable,measurable,non_measurable,measurable,non_measurable,non_measurable,non_measurable,non_measurable,non_measurable,non_measurable,non_measurable,non_measurable,2990.018,971.147,410.214,155.261,69.087,87.255,849.456,1413.682,676.089,1166.123,767.257,,,,,2696.735,2766.194,,825.108,,,,,,,,
C:\Users\tombe\Documents\_MLE\CV-for-GRIT\databases\luomus_hoverflies_pictures\3\GJ.2427.jpg,non_measurable,measurable,measurable,measurable,measurable,measurable,measurable,measurable,measurable,non_measurable,measurable,non_measurable,non_measurable,non_measurable,non_measurable,measurable,measurable,non_measurable,non_measurable,non_measurable,non_measurable,non_measurable,non_measurable,non_measurable,non_measurable,non_measurable,non_measurable,,1206.225,604.226,261.783,218.543,237.701,927.375,1399.448,1036.561,,827.581,,,,,4184.24,3839.418,,,,,,,,,,
C:\Users\tombe\Documents\_MLE\CV-for-GRIT\databases\luomus_hoverflies_pictures\3\GJ.2447.jpg,measurable,measurable,measurable,measurable,measurable,measurable,measurable,measurable,measurable,measurable,measurable,non_measurable,non_measurable,non_measurable,non_measurable,measurable,measurable,non_measurable,non_measurable,non_measurable,non_measurable,non_measurable,non_measurable,non_measurable,non_measurable,measurable,measurable,3564.62,1023.738,355.62,8.387,122.14,167.666,865.161,1460.2,592.522,1748.799,841.209,,,,,2836.659,2816.372,,,,,,,,,349.872,586.234
C:\Users\tombe\Documents\_MLE\CV-for-GRIT\databases\luomus_hoverflies_pictures\3\GJ.2460.jpg,non_measurable,non_measurable,measurable,non_measurable,non_measurable,measurable,measurable,measurable,non_measurable,non_measurable,measurable,non_measurable,non_measurable,non_measurable,non_measurable,measurable,non_measurable,non_measurable,non_measurable,non_measurable,non_measurable,non_measurable,non_measurable,non_measurable,non_measurable,non_measurable,non_measurable,,,767.746,,,267.068,1120.695,1391.551,,,1118.508,,,,,3600.049,,,,,,,,,,,
C:\Users\tombe\Documents\_MLE\CV-for-GRIT\databases\luomus_hoverflies_pictures\3\GJ.2476.jpg,non_measurable,measurable,measurable,measurable,non_measurable,non_measurable,measurable,measurable,measurable,non_measurable,measurable,non_measurable,non_measurable,non_measurable,non_measurable,measurable,measurable,measurable,measurable,non_measurable,non_measurable,non_measurable,non_measurable,non_measurable,non_measurable,non_measurable,non_measurable,,1460.388,652.969,4.014,,,1401.597,1447.837,1699.141,,1307.665,,,,,3206.119,3259.662,1000.197,954.329,,,,,,,,
C:\Users\tombe\Documents\_MLE\CV-for-GRIT\databases\luomus_hoverflies_pictures\3\GJ.2481.jpg,measurable,measurable,measurable,measurable,measurable,measurable,measurable,measurable,measurable,measurable,measurable,non_measurable,non_measurable,non_measurable,non_measurable,non_measurable,non_measurable,non_measurable,non_measurable,non_measurable,non_measurable,non_measurable,non_measurable,non_measurable,non_measurable,non_measurable,non_measurable,4346.582,1318.823,603.741,272.471,279.035,168.224,909.886,1559.346,990.138,2183.495,970.978,,,,,,,,,,,,,,,,
C:\Users\tombe\Documents\_MLE\CV-for-GRIT\databases\luomus_hoverflies_pictures\3\GJ.2486.jpg,non_measurable,measurable,measurable,measurable,measurable,measurable,measurable,measurable,measurable,non_measurable,non_measurable,non_measurable,non_measurable,non_measurable,non_measurable,measurable,non_measurable,non_measurable,non_measurable,non_measurable,non_measurable,non_measurable,non_measurable,non_measurable,non_measurable,non_measurable,non_measurable,,268.586,145.499,1.719,59.22,59.024,212.992,285.975,334.81,,,,,,,557.928,,,,,,,,,,,
C:\Users\tombe\Documents\_MLE\CV-for-GRIT\databases\luomus_hoverflies_pictures\3\GJ.2501.jpg,non_measurable,measurable,measurable,measurable,measurable,measurable,measurable,measurable,measurable,non_measurable,measurable,non_measurable,non_measurable,non_measurable,non_measurable,measurable,measurable,non_measurable,measurable,non_measurable,non_measurable,non_measurable,non_measurable,non_measurable,non_measurable,non_measurable,non_measurable,,685.762,353.828,167.277,172.565,144.389,629.0,812.187,832.986,,527.105,,,,,1679.771,1624.754,,541.33,,,,,,,,
C:\Users\tombe\Documents\_MLE\CV-for-GRIT\databases\luomus_hoverflies_pictures\3\GJ.2505.jpg,measurable,measurable,measurable,measurable,measurable,measurable,measurable,measurable,non_measurable,measurable,measurable,non_measurable,non_measurable,non_measurable,non_measurable,non_measurable,measurable,non_measurable,measurable,non_measurable,non_measurable,non_measurable,non_measurable,non_measurable,non_measurable,non_measurable,non_measurable,3249.988,1091.245,487.546,0.0,235.564,186.526,1128.408,1461.147,,1301.295,1017.122,,,,,,2393.018,,874.535,,,,,,,,
C:\Users\tombe\Documents\_MLE\CV-for-GRIT\databases\luomus_hoverflies_pictures\3\GJ.2506.jpg,measurable,measurable,measurable,measurable,non_measurable,non_measurable,measurable,measurable,measurable,measurable,measurable,non_measurable,non_measurable,non_measurable,non_measurable,measurable,measurable,non_measurable,measurable,non_measurable,non_measurable,non_measurable,non_measurable,non_measurable,non_measurable,non_measurable,non_measurable,4582.657,1419.231,556.942,51.589,,,1256.513,2077.299,1256.637,1948.416,1243.69,,,,,3273.915,3229.738,,1042.152,,,,,,,,
C:\Users\tombe\Documents\_MLE\CV-for-GRIT\databases\luomus_hoverflies_pictures\3\GJ.2507.jpg,measurable,measurable,measurable,measurable,measurable,non_measurable,measurable,measurable,measurable,measurable,measurable,non_measurable,non_measurable,non_measurable,non_measurable,measurable,measurable,non_measurable,non_measurable,non_measurable,non_measurable,non_measurable,non_measurable,non_measurable,non_measurable,non_measurable,non_measurable,3895.36,1212.657,484.35,55.281,269.076,,1000.309,1725.26,1177.578,1685.751,1065.59,,,,,2816.65,2951.991,,,,,,,,,,
C:\Users\tombe\Documents\_MLE\CV-for-GRIT\databases\luomus_hoverflies_pictures\3\GJ.2508.jpg,measurable,non_measurable,measurable,non_measurable,measurable,non_measurable,measurable,measurable,measurable,measurable,measurable,non_measurable,non_measurable,non_measurable,non_measurable,measurable,measurable,non_measurable,measurable,non_measurable,non_measurable,non_measurable,non_measurable,non_measurable,non_measurable,non_measurable,non_measurable,4214.927,,694.902,,170.723,,1077.986,1485.324,1116.223,2034.701,1150.706,,,,,2668.58,2754.008,,830.147,,,,,,,,
C:\Users\tombe\Documents\_MLE\CV-for-GRIT\databases\luomus_hoverflies_pictures\3\GJ.2509.jpg,measurable,measurable,measurable,measurable,measurable,non_measurable,measurable,measurable,measurable,measurable,measurable,non_measurable,non_measurable,non_measurable,non_measurable,non_measurable,non_measurable,non_measurable,non_measurable,non_measurable,non_measurable,non_measurable,non_measurable,non_measurable,non_measurable,non_measurable,non_measurable,2579.913,755.909,267.102,26.887,143.832,,774.537,1113.0,717.579,1199.81,718.557,,,,,,,,,,,,,,,,
C:\Users\tombe\Documents\_MLE\CV-for-GRIT\databases\luomus_hoverflies_pictures\3\GJ.2510.jpg,measurable,measurable,measurable,measurable,measurable,measurable,measurable,measurable,measurable,measurable,measurable,non_measurable,non_measurable,non_measurable,non_measurable,measurable,measurable,measurable,measurable,non_measurable,non_measurable,non_measurable,non_measurable,non_measurable,non_measurable,non_measurable,non_measurable,3346.193,1077.009,464.983,15.158,270.241,239.387,1067.393,1469.681,1132.106,1411.529,1043.334,,,,,2256.956,2331.136,634.319,664.012,,,,,,,,
C:\Users\tombe\Documents\_MLE\CV-for-GRIT\databases\luomus_hoverflies_pictures\3\GJ.2511.jpg,measurable,measurable,measurable,measurable,measurable,non_measurable,measurable,measurable,measurable,measurable,measurable,non_measurable,non_measurable,non_measurable,non_measurable,measurable,measurable,non_measurable,non_measurable,non_measurable,non_measurable,non_measurable,non_measurable,non_measurable,non_measurable,non_measurable,non_measurable,3176.588,947.94,362.003,201.846,183.874,,939.669,1406.084,1042.293,1408.501,847.546,,,,,2266.764,2275.142,,,,,,,,,,
C:\Users\tombe\Documents\_MLE\CV-for-GRIT\databases\luomus_hoverflies_pictures\3\GJ.2512.jpg,measurable,measurable,measurable,measurable,measurable,measurable,measurable,measurable,measurable,measurable,measurable,non_measurable,non_measurable,non_measurable,non_measurable,measurable,measurable,non_measurable,non_measurable,non_measurable,non_measurable,non_measurable,non_measurable,non_measurable,non_measurable,non_measurable,non_measurable,2479.928,894.076,354.338,175.757,212.999,171.223,856.555,1190.852,948.325,934.738,771.701,,,,,2124.844,2144.791,,,,,,,,,,
C:\Users\tombe\Documents\_MLE\CV-for-GRIT\databases\luomus_hoverflies_pictures\3\GJ.2513.jpg,measurable,measurable,measurable,measurable,measurable,measurable,measurable,measurable,measurable,measurable,measurable,non_measurable,non_measurable,non_measurable,non_measurable,non_measurable,measurable,non_measurable,non_measurable,non_measurable,non_measurable,non_measurable,non_measurable,non_measurable,non_measurable,non_measurable,non_measurable,3622.151,1003.474,424.645,14.236,269.715,242.442,932.37,1366.567,1006.439,1830.939,915.091,,,,,,2439.54,,,,,,,,,,
C:\Users\tombe\Documents\_MLE\CV-for-GRIT\databases\luomus_hoverflies_pictures\3\GJ.2514.jpg,measurable,measurable,measurable,measurable,measurable,measurable,measurable,measurable,measurable,measurable,measurable,non_measurable,non_measurable,non_measurable,non_measurable,non_measurable,non_measurable,non_measurable,non_measurable,non_measurable,non_measurable,non_measurable,non_measurable,non_measurable,non_measurable,non_measurable,non_measurable,3589.939,1110.063,486.003,7.925,292.14,202.4,1165.026,1578.28,1059.726,1525.656,1105.927,,,,,,,,,,,,,,,,
C:\Users\tombe\Documents\_MLE\CV-for-GRIT\databases\luomus_hoverflies_pictures\3\GJ.2515.jpg,measurable,measurable,measurable,measurable,measurable,measurable,measurable,measurable,measurable,measurable,measurable,non_measurable,non_measurable,non_measurable,non_measurable,measurable,measurable,non_measurable,measurable,non_measurable,non_measurable,non_measurable,non_measurable,non_measurable,non_measurable,non_measurable,non_measurable,3400.139,939.712,397.381,13.13,231.951,195.62,988.192,1278.551,898.998,1724.207,881.184,,,,,1990.713,2207.369,,641.339,,,,,,,,
C:\Users\tombe\Documents\_MLE\CV-for-GRIT\databases\luomus_hoverflies_pictures\3\GJ.2516.jpg,measurable,measurable,measurable,measurable,measurable,measurable,measurable,measurable,measurable,measurable,measurable,non_measurable,non_measurable,non_measurable,non_measurable,non_measurable,non_measurable,non_measurable,non_measurable,non_measurable,non_measurable,non_measurable,non_measurable,non_measurable,non_measurable,non_measurable,non_measurable,3437.098,1053.865,434.724,17.053,234.267,207.201,1101.614,1487.868,1045.846,1514.507,953.155,,,,,,,,,,,,,,,,
C:\Users\tombe\Documents\_MLE\CV-for-GRIT\databases\luomus_hoverflies_pictures\3\GJ.2517.jpg,measurable,measurable,measurable,measurable,measurable,measurable,measurable,measurable,measurable,measurable,measurable,non_measurable,non_measurable,non_measurable,non_measurable,measurable,measurable,measurable,non_measurable,non_measurable,non_measurable,non_measurable,non_measurable,non_measurable,non_measurable,measurable,measurable,3836.493,1052.19,374.554,42.701,211.78,179.968,1006.136,1587.214,1076.122,1874.725,908.254,,,,,2427.713,2414.235,862.06,,,,,,,,274.428,298.668
C:\Users\tombe\Documents\_MLE\CV-for-GRIT\databases\luomus_hoverflies_pictures\3\GJ.2518.jpg,measurable,measurable,measurable,measurable,measurable,measurable,measurable,measurable,measurable,measurable,measurable,non_measurable,non_measurable,non_measurable,non_measurable,measurable,measurable,measurable,measurable,non_measurable,non_measurable,non_measurable,non_measurable,non_measurable,non_measurable,non_measurable,non_measurable,3731.386,1064.007,451.919,8.61,214.837,207.531,1065.451,1512.977,1104.711,1766.49,1018.373,,,,,2388.926,2415.415,811.833,848.972,,,,,,,,
C:\Users\tombe\Documents\_MLE\CV-for-GRIT\databases\luomus_hoverflies_pictures\3\GJ.2519.jpg,measurable,measurable,measurable,measurable,measurable,measurable,measurable,measurable,measurable,measurable,measurable,non_measurable,non_measurable,non_measurable,non_measurable,measurable,measurable,non_measurable,measurable,non_measurable,non_measurable,non_measurable,non_measurable,non_measurable,non_measurable,non_measurable,non_measurable,3487.208,1034.762,451.32,12.24,228.222,173.914,988.932,1478.549,980.647,1557.339,957.83,,,,,2429.534,2510.039,,718.939,,,,,,,,
C:\Users\tombe\Documents\_MLE\CV-for-GRIT\databases\luomus_hoverflies_pictures\3\GJ.2520.jpg,measurable,non_measurable,measurable,non_measurable,measurable,measurable,measurable,measurable,measurable,measurable,measurable,non_measurable,non_measurable,non_measurable,non_measurable,measurable,measurable,measurable,measurable,non_measurable,non_measurable,non_measurable,non_measurable,non_measurable,non_measurable,non_measurable,non_measurable,3346.633,,617.791,,197.347,232.369,958.116,1303.892,952.315,1424.95,872.539,,,,,2260.282,2278.274,760.905,753.979,,,,,,,,
C:\Users\tombe\Documents\_MLE\CV-for-GRIT\databases\luomus_hoverflies_pictures\3\GJ.2521.jpg,measurable,measurable,measurable,measurable,measurable,measurable,measurable,measurable,measurable,measurable,measurable,non_measurable,non_measurable,non_measurable,non_measurable,measurable,measurable,measurable,non_measurable,non_measurable,non_measurable,non_measurable,non_measurable,non_measurable,non_measurable,non_measurable,non_measurable,3585.388,1015.251,401.509,31.1,232.26,167.526,977.583,1505.578,1020.305,1678.302,914.618,,,,,2301.805,2348.89,785.407,,,,,,,,,
C:\Users\tombe\Documents\_MLE\CV-for-GRIT\databases\luomus_hoverflies_pictures\3\GJ.2522.jpg,non_measurable,measurable,measurable,measurable,measurable,measurable,measurable,measurable,measurable,non_measurable,measurable,non_measurable,non_measurable,non_measurable,non_measurable,measurable,measurable,non_measurable,non_measurable,non_measurable,non_measurable,non_measurable,non_measurable,non_measurable,non_measurable,non_measurable,non_measurable,,1056.399,414.723,48.394,270.727,182.71,1046.355,1535.795,952.665,,972.777,,,,,2272.026,2317.76,,,,,,,,,,
C:\Users\tombe\Documents\_MLE\CV-for-GRIT\databases\luomus_hoverflies_pictures\3\GJ.2523.jpg,measurable,measurable,measurable,measurable,measurable,measurable,measurable,measurable,measurable,measurable,measurable,non_measurable,non_measurable,non_measurable,non_measurable,measurable,measurable,non_measurable,measurable,non_measurable,non_measurable,non_measurable,non_measurable,non_measurable,non_measurable,non_measurable,non_measurable,3248.502,986.401,378.705,28.143,205.497,220.128,944.263,1382.004,986.653,1487.793,826.013,,,,,2350.351,2348.001,,744.793,,,,,,,,
C:\Users\tombe\Documents\_MLE\CV-for-GRIT\databases\luomus_hoverflies_pictures\3\GJ.2531.jpg,non_measurable,measurable,measurable,measurable,measurable,measurable,measurable,measurable,measurable,non_measurable,measurable,non_measurable,non_measurable,non_measurable,non_measurable,non_measurable,non_measurable,non_measurable,non_measurable,non_measurable,non_measurable,non_measurable,non_measurable,non_measurable,non_measurable,non_measurable,non_measurable,,930.524,420.217,297.416,94.619,79.05,824.185,1197.581,1237.548,,804.537,,,,,,,,,,,,,,,,
C:\Users\tombe\Documents\_MLE\CV-for-GRIT\databases\luomus_hoverflies_pictures\3\GJ.2541.jpg,measurable,measurable,measurable,measurable,measurable,measurable,measurable,measurable,measurable,measurable,measurable,non_measurable,non_measurable,non_measurable,non_measurable,measurable,measurable,non_measurable,non_measurable,non_measurable,non_measurable,non_measurable,non_measurable,non_measurable,non_measurable,non_measurable,non_measurable,3078.131,999.853,388.208,249.973,188.883,221.706,817.495,1234.068,1104.414,1455.855,723.331,,,,,2949.047,2830.439,,,,,,,,,,
C:\Users\tombe\Documents\_MLE\CV-for-GRIT\databases\luomus_hoverflies_pictures\3\GJ.2542.jpg,measurable,measurable,measurable,measurable,measurable,measurable,measurable,measurable,measurable,measurable,measurable,non_measurable,non_measurable,non_measurable,non_measurable,non_measurable,measurable,non_measurable,non_measurable,non_measurable,non_measurable,non_measurable,non_measurable,non_measurable,non_measurable,non_measurable,non_measurable,2496.775,823.087,386.315,0.0,182.202,188.135,647.509,882.971,766.24,1227.489,701.926,,,,,,1570.354,,,,,,,,,,
C:\Users\tombe\Documents\_MLE\CV-for-GRIT\databases\luomus_hoverflies_pictures\3\GJ.2543.jpg,measurable,measurable,measurable,measurable,measurable,measurable,measurable,measurable,measurable,measurable,measurable,non_measurable,non_measurable,non_measurable,non_measurable,measurable,measurable,non_measurable,non_measurable,non_measurable,non_measurable,non_measurable,non_measurable,non_measurable,non_measurable,non_measurable,non_measurable,2279.099,726.254,330.493,4.869,126.36,79.518,621.775,963.76,750.996,984.846,652.452,,,,,2025.531,1886.895,,,,,,,,,,
C:\Users\tombe\Documents\_MLE\CV-for-GRIT\databases\luomus_hoverflies_pictures\3\GJ.2544.jpg,measurable,measurable,measurable,measurable,measurable,measurable,measurable,measurable,measurable,measurable,measurable,non_measurable,non_measurable,non_measurable,non_measurable,measurable,non_measurable,non_measurable,non_measurable,non_measurable,non_measurable,non_measurable,non_measurable,non_measurable,non_measurable,non_measurable,non_measurable,2632.928,821.009,318.643,2.648,78.07,71.646,730.87,1035.384,942.694,1278.901,762.879,,,,,2004.713,,,,,,,,,,,
C:\Users\tombe\Documents\_MLE\CV-for-GRIT\databases\luomus_hoverflies_pictures\3\GJ.2546.jpg,non_measurable,measurable,measurable,measurable,measurable,measurable,measurable,measurable,measurable,non_measurable,measurable,non_measurable,non_measurable,non_measurable,non_measurable,measurable,measurable,non_measurable,non_measurable,non_measurable,non_measurable,non_measurable,non_measurable,non_measurable,non_measurable,non_measurable,non_measurable,,1346.232,606.13,330.192,306.701,309.365,1126.088,1592.184,1664.507,,1237.194,,,,,3441.503,3488.207,,,,,,,,,,
C:\Users\tombe\Documents\_MLE\CV-for-GRIT\databases\luomus_hoverflies_pictures\3\GJ.2567.jpg,non_measurable,measurable,measurable,measurable,measurable,measurable,measurable,measurable,measurable,non_measurable,measurable,non_measurable,non_measurable,non_measurable,non_measurable,non_measurable,non_measurable,non_measurable,non_measurable,non_measurable,non_measurable,non_measurable,non_measurable,non_measurable,non_measurable,non_measurable,non_measurable,,751.317,362.13,186.944,151.962,188.197,601.169,852.082,856.117,,586.838,,,,,,,,,,,,,,,,
C:\Users\tombe\Documents\_MLE\CV-for-GRIT\databases\luomus_hoverflies_pictures\3\GJ.2568.jpg,measurable,measurable,measurable,measurable,measurable,measurable,measurable,measurable,measurable,measurable,measurable,non_measurable,non_measurable,non_measurable,non_measurable,measurable,measurable,measurable,non_measurable,non_measurable,non_measurable,non_measurable,non_measurable,non_measurable,non_measurable,non_measurable,non_measurable,2154.792,771.668,338.361,187.832,121.275,171.968,584.039,799.812,940.593,1016.619,613.26,,,,,1746.785,2004.962,670.597,,,,,,,,,
C:\Users\tombe\Documents\_MLE\CV-for-GRIT\databases\luomus_hoverflies_pictures\3\GJ.2570.jpg,non_measurable,measurable,measurable,measurable,measurable,measurable,measurable,measurable,measurable,non_measurable,measurable,non_measurable,non_measurable,non_measurable,non_measurable,measurable,measurable,non_measurable,non_measurable,non_measurable,non_measurable,non_measurable,non_measurable,non_measurable,non_measurable,non_measurable,non_measurable,,1298.872,568.785,367.963,323.327,292.338,992.6,1478.667,1661.805,,915.108,,,,,3597.362,3870.053,,,,,,,,,,
C:\Users\tombe\Documents\_MLE\CV-for-GRIT\databases\luomus_hoverflies_pictures\3\GJ.2571.jpg,measurable,measurable,measurable,measurable,measurable,measurable,measurable,measurable,measurable,measurable,measurable,non_measurable,non_measurable,non_measurable,non_measurable,measurable,measurable,non_measurable,non_measurable,non_measurable,non_measurable,non_measurable,non_measurable,non_measurable,non_measurable,non_measurable,non_measurable,3786.839,1342.102,622.051,377.424,319.016,299.505,1088.919,1523.527,1677.94,1641.261,1057.84,,,,,4043.26,4009.246,,,,,,,,,,
C:\Users\tombe\Documents\_MLE\CV-for-GRIT\databases\luomus_hoverflies_pictures\3\GJ.2575.jpg,non_measurable,non_measurable,non_measurable,measurable,measurable,measurable,measurable,measurable,non_measurable,non_measurable,measurable,non_measurable,non_measurable,non_measurable,non_measurable,measurable,measurable,non_measurable,non_measurable,non_measurable,non_measurable,non_measurable,non_measurable,non_measurable,non_measurable,non_measurable,non_measurable,,,,203.787,111.357,102.698,1001.19,1540.157,,,1034.252,,,,,3952.114,3960.045,,,,,,,,,,
C:\Users\tombe\Documents\_MLE\CV-for-GRIT\databases\luomus_hoverflies_pictures\3\GJ.2588.jpg,measurable,measurable,measurable,measurable,measurable,measurable,measurable,measurable,measurable,measurable,measurable,non_measurable,non_measurable,non_measurable,non_measurable,measurable,measurable,non_measurable,non_measurable,non_measurable,non_measurable,non_measurable,non_measurable,non_measurable,non_measurable,non_measurable,non_measurable,4841.317,1549.119,470.233,182.947,100.483,108.71,1500.945,1478.49,2039.827,2892.594,1599.549,,,,,4015.651,4027.307,,,,,,,,,,
C:\Users\tombe\Documents\_MLE\CV-for-GRIT\databases\luomus_hoverflies_pictures\3\GJ.2590.jpg,non_measurable,measurable,measurable,measurable,measurable,measurable,measurable,measurable,measurable,non_measurable,measurable,non_measurable,non_measurable,non_measurable,non_measurable,measurable,measurable,non_measurable,non_measurable,non_measurable,non_measurable,non_measurable,non_measurable,non_measurable,non_measurable,non_measurable,non_measurable,,1401.124,421.664,5.496,154.528,132.995,1309.647,2038.57,1841.745,,1020.734,,,,,3997.098,4198.288,,,,,,,,,,
C:\Users\tombe\Documents\_MLE\CV-for-GRIT\databases\luomus_hoverflies_pictures\3\GJ.2591.jpg,non_measurable,measurable,measurable,measurable,measurable,measurable,measurable,measurable,measurable,non_measurable,measurable,non_measurable,non_measurable,non_measurable,non_measurable,measurable,measurable,non_measurable,non_measurable,non_measurable,non_measurable,non_measurable,non_measurable,non_measurable,non_measurable,non_measurable,non_measurable,,857.735,335.661,173.35,45.395,221.492,659.086,1021.475,964.358,,717.866,,,,,2197.398,2292.303,,,,,,,,,,
C:\Users\tombe\Documents\_MLE\CV-for-GRIT\databases\luomus_hoverflies_pictures\3\GJ.2592.jpg,non_measurable,non_measurable,measurable,non_measurable,non_measurable,measurable,measurable,measurable,measurable,non_measurable,measurable,non_measurable,non_measurable,non_measurable,non_measurable,measurable,measurable,measurable,non_measurable,non_measurable,non_measurable,non_measurable,non_measurable,measurable,measurable,measurable,measurable,,,289.735,,,146.268,673.479,957.353,817.196,,727.471,,,,,2060.825,1398.989,564.873,,,,,,1230.118,297.217,524.417,408.485
C:\Users\tombe\Documents\_MLE\CV-for-GRIT\databases\luomus_hoverflies_pictures\3\GJ.2593.jpg,non_measurable,measurable,measurable,measurable,measurable,measurable,measurable,measurable,measurable,non_measurable,measurable,non_measurable,non_measurable,non_measurable,non_measurable,measurable,non_measurable,measurable,non_measurable,non_measurable,non_measurable,non_measurable,non_measurable,non_measurable,non_measurable,non_measurable,non_measurable,,812.773,363.974,147.82,86.824,156.648,673.966,977.312,897.598,,676.271,,,,,2282.787,,718.413,,,,,,,,,
C:\Users\tombe\Documents\_MLE\CV-for-GRIT\databases\luomus_hoverflies_pictures\3\GJ.2595.jpg,non_measurable,measurable,measurable,measurable,measurable,measurable,measurable,measurable,measurable,non_measurable,measurable,non_measurable,non_measurable,non_measurable,non_measurable,measurable,measurable,measurable,measurable,non_measurable,non_measurable,non_measurable,non_measurable,non_measurable,non_measurable,non_measurable,non_measurable,,1064.819,757.786,276.1,148.252,156.108,811.369,1054.764,1209.835,,865.224,,,,,2480.355,2468.244,714.749,721.377,,,,,,,,
C:\Users\tombe\Documents\_MLE\CV-for-GRIT\databases\luomus_hoverflies_pictures\3\GJ.2596.jpg,measurable,measurable,measurable,measurable,non_measurable,non_measurable,measurable,measurable,measurable,measurable,measurable,non_measurable,non_measurable,non_measurable,non_measurable,measurable,measurable,non_measurable,non_measurable,non_measurable,non_measurable,non_measurable,non_measurable,non_measurable,non_measurable,non_measurable,non_measurable,2541.797,914.101,346.621,272.014,,,713.797,1144.072,1057.383,1051.105,720.792,,,,,2541.237,2577.468,,,,,,,,,,
C:\Users\tombe\Documents\_MLE\CV-for-GRIT\databases\luomus_hoverflies_pictures\3\GJ.2597.jpg,measurable,measurable,measurable,measurable,measurable,measurable,measurable,measurable,measurable,measurable,measurable,non_measurable,non_measurable,non_measurable,non_measurable,non_measurable,non_measurable,non_measurable,non_measurable,non_measurable,non_measurable,non_measurable,non_measurable,non_measurable,non_measurable,non_measurable,non_measurable,3169.872,1016.631,497.108,2.436,123.525,161.768,1005.196,1273.711,1043.084,1399.053,937.694,,,,,,,,,,,,,,,,
C:\Users\tombe\Documents\_MLE\CV-for-GRIT\databases\luomus_hoverflies_pictures\3\GJ.2631.jpg,measurable,measurable,measurable,measurable,measurable,measurable,measurable,measurable,measurable,measurable,measurable,non_measurable,non_measurable,non_measurable,non_measurable,measurable,measurable,non_measurable,non_measurable,non_measurable,non_measurable,non_measurable,non_measurable,non_measurable,non_measurable,non_measurable,non_measurable,6115.218,1136.12,442.973,239.07,147.549,241.941,884.489,1601.471,605.612,4070.774,780.118,,,,,4243.463,4231.233,,,,,,,,,,
C:\Users\tombe\Documents\_MLE\CV-for-GRIT\databases\luomus_hoverflies_pictures\3\GJ.2654.jpg,measurable,measurable,measurable,measurable,measurable,measurable,measurable,measurable,measurable,measurable,measurable,non_measurable,non_measurable,non_measurable,non_measurable,non_measurable,non_measurable,non_measurable,non_measurable,non_measurable,non_measurable,non_measurable,non_measurable,non_measurable,non_measurable,non_measurable,non_measurable,2774.18,746.582,401.536,87.066,140.932,135.446,568.527,957.625,491.168,1415.019,633.378,,,,,,,,,,,,,,,,
C:\Users\tombe\Documents\_MLE\CV-for-GRIT\databases\luomus_hoverflies_pictures\3\GJ.2661.jpg,measurable,measurable,measurable,measurable,non_measurable,non_measurable,measurable,measurable,measurable,measurable,measurable,non_measurable,non_measurable,non_measurable,non_measurable,measurable,measurable,non_measurable,non_measurable,non_measurable,non_measurable,non_measurable,non_measurable,non_measurable,non_measurable,non_measurable,non_measurable,4769.67,1446.009,286.977,169.189,,,1242.881,2120.688,1302.583,2362.006,1597.07,,,,,3418.907,3436.49,,,,,,,,,,
C:\Users\tombe\Documents\_MLE\CV-for-GRIT\databases\luomus_hoverflies_pictures\3\GJ.2667.jpg,non_measurable,measurable,measurable,measurable,measurable,measurable,measurable,measurable,measurable,non_measurable,measurable,non_measurable,non_measurable,non_measurable,non_measurable,non_measurable,non_measurable,non_measurable,non_measurable,non_measurable,non_measurable,non_measurable,non_measurable,non_measurable,non_measurable,non_measurable,non_measurable,,1039.194,373.772,81.901,138.529,138.974,952.624,1573.457,1045.246,,1105.734,,,,,,,,,,,,,,,,
C:\Users\tombe\Documents\_MLE\CV-for-GRIT\databases\luomus_hoverflies_pictures\3\GJ.2672.jpg,measurable,measurable,measurable,measurable,measurable,measurable,measurable,measurable,measurable,measurable,measurable,non_measurable,non_measurable,non_measurable,non_measurable,non_measurable,non_measurable,non_measurable,non_measurable,non_measurable,non_measurable,non_measurable,non_measurable,non_measurable,non_measurable,non_measurable,non_measurable,3565.691,1255.881,580.178,5.148,498.25,442.509,1089.365,1494.5,1310.422,1491.013,1111.373,,,,,,,,,,,,,,,,
C:\Users\tombe\Documents\_MLE\CV-for-GRIT\databases\luomus_hoverflies_pictures\3\GJ.2686.jpg,measurable,measurable,measurable,measurable,measurable,measurable,measurable,measurable,measurable,measurable,measurable,non_measurable,non_measurable,non_measurable,non_measurable,measurable,measurable,non_measurable,non_measurable,non_measurable,non_measurable,non_measurable,non_measurable,non_measurable,non_measurable,non_measurable,non_measurable,3195.075,1069.455,503.064,1.319,269.763,148.702,1035.326,1409.821,1014.223,1282.19,1044.805,,,,,2931.84,2878.317,,,,,,,,,,
C:\Users\tombe\Documents\_MLE\CV-for-GRIT\databases\luomus_hoverflies_pictures\3\GJ.2690.jpg,measurable,measurable,measurable,measurable,measurable,measurable,measurable,measurable,measurable,measurable,measurable,non_measurable,non_measurable,non_measurable,non_measurable,measurable,measurable,non_measurable,non_measurable,non_measurable,non_measurable,non_measurable,non_measurable,non_measurable,non_measurable,non_measurable,non_measurable,2681.669,906.364,418.548,176.008,88.637,135.408,963.662,1239.433,1179.212,1023.688,957.125,,,,,2395.0,2617.715,,,,,,,,,,
C:\Users\tombe\Documents\_MLE\CV-for-GRIT\databases\luomus_hoverflies_pictures\3\GJ.2704.jpg,measurable,measurable,measurable,measurable,measurable,measurable,measurable,measurable,measurable,measurable,measurable,non_measurable,non_measurable,non_measurable,non_measurable,non_measurable,non_measurable,non_measurable,non_measurable,non_measurable,non_measurable,non_measurable,non_measurable,non_measurable,non_measurable,non_measurable,non_measurable,3154.684,855.599,214.857,208.233,158.58,160.487,680.009,1151.299,610.127,1788.528,615.504,,,,,,,,,,,,,,,,
C:\Users\tombe\Documents\_MLE\CV-for-GRIT\databases\luomus_hoverflies_pictures\3\GJ.2705.jpg,measurable,measurable,measurable,measurable,measurable,measurable,measurable,measurable,measurable,measurable,measurable,non_measurable,non_measurable,non_measurable,non_measurable,non_measurable,non_measurable,non_measurable,non_measurable,non_measurable,non_measurable,non_measurable,non_measurable,non_measurable,non_measurable,non_measurable,non_measurable,2562.457,704.657,178.739,203.079,145.147,110.044,590.651,943.05,476.822,1440.668,529.491,,,,,,,,,,,,,,,,
C:\Users\tombe\Documents\_MLE\CV-for-GRIT\databases\luomus_hoverflies_pictures\3\GJ.2706.jpg,measurable,non_measurable,measurable,non_measurable,measurable,measurable,measurable,measurable,measurable,measurable,measurable,non_measurable,non_measurable,non_measurable,non_measurable,measurable,measurable,non_measurable,non_measurable,non_measurable,non_measurable,non_measurable,non_measurable,non_measurable,non_measurable,non_measurable,non_measurable,2834.933,,337.934,,252.127,148.184,611.68,945.173,532.549,1551.825,613.601,,,,,2376.894,2359.895,,,,,,,,,,
C:\Users\tombe\Documents\_MLE\CV-for-GRIT\databases\luomus_hoverflies_pictures\3\GJ.2751.jpg,measurable,measurable,measurable,measurable,measurable,measurable,measurable,measurable,non_measurable,measurable,measurable,non_measurable,non_measurable,non_measurable,non_measurable,measurable,measurable,measurable,non_measurable,non_measurable,non_measurable,non_measurable,non_measurable,non_measurable,non_measurable,non_measurable,non_measurable,3131.282,1056.603,584.596,3.729,608.813,615.417,869.737,1053.136,,1493.55,1017.506,,,,,2404.467,2461.698,717.689,,,,,,,,,
C:\Users\tombe\Documents\_MLE\CV-for-GRIT\databases\luomus_hoverflies_pictures\3\GJ.2753.jpg,measurable,measurable,measurable,measurable,measurable,measurable,measurable,measurable,measurable,measurable,measurable,non_measurable,non_measurable,non_measurable,non_measurable,measurable,non_measurable,measurable,non_measurable,non_measurable,non_measurable,non_measurable,non_measurable,non_measurable,non_measurable,non_measurable,non_measurable,1900.202,607.924,198.847,2.632,71.275,111.02,560.491,941.835,601.335,759.52,568.498,,,,,1193.729,,481.029,,,,,,,,,
C:\Users\tombe\Documents\_MLE\CV-for-GRIT\databases\luomus_hoverflies_pictures\3\GJ.2773.jpg,non_measurable,measurable,measurable,measurable,non_measurable,measurable,measurable,measurable,non_measurable,non_measurable,measurable,non_measurable,non_measurable,non_measurable,non_measurable,measurable,measurable,non_measurable,non_measurable,non_measurable,non_measurable,non_measurable,non_measurable,non_measurable,non_measurable,non_measurable,non_measurable,,1017.026,302.543,288.318,,114.415,821.328,1229.241,,,878.051,,,,,3081.971,3143.106,,,,,,,,,,
C:\Users\tombe\Documents\_MLE\CV-for-GRIT\databases\luomus_hoverflies_pictures\3\GJ.2775.jpg,non_measurable,measurable,measurable,measurable,non_measurable,measurable,measurable,measurable,measurable,non_measurable,measurable,non_measurable,non_measurable,non_measurable,non_measurable,measurable,measurable,non_measurable,non_measurable,non_measurable,non_measurable,non_measurable,non_measurable,non_measurable,non_measurable,non_measurable,non_measurable,,1172.772,567.685,369.246,,251.182,961.403,1530.515,1523.483,,932.284,,,,,3552.926,3506.027,,,,,,,,,,
C:\Users\tombe\Documents\_MLE\CV-for-GRIT\databases\luomus_hoverflies_pictures\3\GJ.2776.jpg,non_measurable,measurable,non_measurable,measurable,non_measurable,non_measurable,measurable,measurable,measurable,non_measurable,measurable,non_measurable,non_measurable,non_measurable,non_measurable,measurable,measurable,non_measurable,non_measurable,non_measurable,non_measurable,non_measurable,non_measurable,non_measurable,non_measurable,non_measurable,non_measurable,,1132.166,,53.253,,,917.961,1231.122,1392.305,,972.382,,,,,2231.583,2063.836,,,,,,,,,,
C:\Users\tombe\Documents\_MLE\CV-for-GRIT\databases\luomus_hoverflies_pictures\3\GJ.2777.jpg,non_measurable,measurable,measurable,measurable,measurable,measurable,measurable,measurable,measurable,non_measurable,measurable,non_measurable,non_measurable,non_measurable,non_measurable,measurable,measurable,non_measurable,non_measurable,non_measurable,non_measurable,non_measurable,non_measurable,non_measurable,non_measurable,non_measurable,non_measurable,,998.043,432.587,311.759,227.747,255.08,757.5,1152.261,1006.996,,745.265,,,,,2608.214,2615.68,,,,,,,,,,
C:\Users\tombe\Documents\_MLE\CV-for-GRIT\databases\luomus_hoverflies_pictures\3\GJ.2778.jpg,non_measurable,measurable,measurable,measurable,non_measurable,measurable,measurable,measurable,non_measurable,non_measurable,measurable,non_measurable,non_measurable,non_measurable,non_measurable,measurable,measurable,non_measurable,non_measurable,non_measurable,non_measurable,non_measurable,non_measurable,non_measurable,non_measurable,measurable,measurable,,1115.067,582.887,311.687,,337.528,828.589,1363.778,,,811.148,,,,,3007.99,2840.34,,,,,,,,,531.916,445.766
C:\Users\tombe\Documents\_MLE\CV-for-GRIT\databases\luomus_hoverflies_pictures\3\GJ.2805.jpg,non_measurable,measurable,measurable,measurable,measurable,measurable,measurable,measurable,measurable,non_measurable,measurable,non_measurable,non_measurable,non_measurable,non_measurable,measurable,measurable,measurable,measurable,non_measurable,non_measurable,non_measurable,non_measurable,non_measurable,non_measurable,non_measurable,non_measurable,,1369.443,775.305,313.734,260.195,262.373,1289.106,1577.353,1206.503,,1176.872,,,,,2423.769,2409.184,847.527,920.273,,,,,,,,
C:\Users\tombe\Documents\_MLE\CV-for-GRIT\databases\luomus_hoverflies_pictures\3\GJ.2809.jpg,non_measurable,measurable,measurable,measurable,measurable,measurable,measurable,measurable,measurable,non_measurable,measurable,non_measurable,non_measurable,non_measurable,non_measurable,measurable,measurable,non_measurable,non_measurable,non_measurable,non_measurable,non_measurable,non_measurable,non_measurable,non_measurable,non_measurable,non_measurable,,952.277,476.552,269.725,209.528,212.631,798.54,1159.727,1093.512,,830.104,,,,,2528.027,2467.225,,,,,,,,,,
C:\Users\tombe\Documents\_MLE\CV-for-GRIT\databases\luomus_hoverflies_pictures\3\GJ.2820.jpg,measurable,measurable,measurable,measurable,measurable,measurable,measurable,measurable,measurable,measurable,measurable,non_measurable,non_measurable,non_measurable,non_measurable,measurable,measurable,non_measurable,non_measurable,non_measurable,non_measurable,non_measurable,non_measurable,non_measurable,non_measurable,non_measurable,non_measurable,2791.317,1002.428,478.426,292.144,354.234,119.352,748.451,1171.931,1035.817,1140.961,831.147,,,,,2414.156,2503.771,,,,,,,,,,
C:\Users\tombe\Documents\_MLE\CV-for-GRIT\databases\luomus_hoverflies_pictures\3\GJ.2831.jpg,measurable,measurable,measurable,measurable,non_measurable,non_measurable,measurable,measurable,non_measurable,measurable,measurable,non_measurable,non_measurable,non_measurable,non_measurable,measurable,measurable,measurable,measurable,non_measurable,non_measurable,non_measurable,non_measurable,non_measurable,non_measurable,non_measurable,non_measurable,4613.926,1391.827,499.396,53.487,,,1416.398,2034.537,,2079.993,1469.281,,,,,3135.715,3172.035,1206.239,1125.53,,,,,,,,
C:\Users\tombe\Documents\_MLE\CV-for-GRIT\databases\luomus_hoverflies_pictures\3\GJ.2962.jpg,measurable,measurable,measurable,measurable,measurable,measurable,measurable,measurable,measurable,measurable,measurable,non_measurable,non_measurable,non_measurable,non_measurable,measurable,measurable,non_measurable,measurable,non_measurable,non_measurable,non_measurable,non_measurable,non_measurable,non_measurable,non_measurable,non_measurable,3769.616,1157.499,432.317,3.485,264.961,246.967,1160.464,1557.625,1013.863,1779.673,1119.054,,,,,2555.718,2601.902,,791.721,,,,,,,,
C:\Users\tombe\Documents\_MLE\CV-for-GRIT\databases\luomus_hoverflies_pictures\3\GJ.3018.jpg,non_measurable,measurable,measurable,measurable,measurable,measurable,measurable,measurable,measurable,non_measurable,measurable,non_measurable,non_measurable,non_measurable,non_measurable,measurable,non_measurable,non_measurable,non_measurable,non_measurable,non_measurable,non_measurable,non_measurable,non_measurable,non_measurable,non_measurable,non_measurable,,936.961,417.813,217.633,70.814,131.933,826.236,1346.624,1042.92,,833.946,,,,,2402.483,,,,,,,,,,,
C:\Users\tombe\Documents\_MLE\CV-for-GRIT\databases\luomus_hoverflies_pictures\3\GJ.3019.jpg,measurable,measurable,measurable,measurable,measurable,measurable,measurable,measurable,measurable,measurable,measurable,non_measurable,non_measurable,non_measurable,non_measurable,measurable,measurable,non_measurable,non_measurable,non_measurable,non_measurable,non_measurable,measurable,non_measurable,non_measurable,non_measurable,non_measurable,2707.487,866.852,381.778,107.132,104.903,172.656,801.803,1292.958,893.12,1032.751,810.207,,,,,2430.008,2456.84,,,,,,385.112,,,,
C:\Users\tombe\Documents\_MLE\CV-for-GRIT\databases\luomus_hoverflies_pictures\3\GJ.3155.jpg,measurable,measurable,measurable,measurable,measurable,measurable,measurable,measurable,measurable,measurable,measurable,non_measurable,non_measurable,non_measurable,non_measurable,measurable,measurable,non_measurable,non_measurable,non_measurable,non_measurable,non_measurable,non_measurable,non_measurable,non_measurable,non_measurable,non_measurable,3000.299,932.716,464.398,214.719,93.895,115.594,782.795,1215.881,870.513,1320.02,775.173,,,,,2277.89,2433.523,,,,,,,,,,
C:\Users\tombe\Documents\_MLE\CV-for-GRIT\databases\luomus_hoverflies_pictures\3\GJ.3160.jpg,measurable,measurable,measurable,measurable,measurable,measurable,measurable,measurable,measurable,measurable,measurable,non_measurable,non_measurable,non_measurable,non_measurable,measurable,measurable,non_measurable,non_measurable,non_measurable,non_measurable,non_measurable,non_measurable,non_measurable,non_measurable,non_measurable,non_measurable,3227.653,945.644,320.587,6.078,94.742,98.537,926.812,1426.169,825.952,1480.897,923.856,,,,,2677.843,2625.282,,,,,,,,,,
C:\Users\tombe\Documents\_MLE\CV-for-GRIT\databases\luomus_hoverflies_pictures\3\GJ.3195.jpg,measurable,measurable,measurable,measurable,measurable,measurable,measurable,measurable,measurable,measurable,measurable,non_measurable,non_measurable,non_measurable,non_measurable,measurable,measurable,measurable,measurable,non_measurable,non_measurable,non_measurable,non_measurable,non_measurable,non_measurable,non_measurable,non_measurable,2728.261,1034.392,487.034,256.657,109.806,162.168,937.79,1374.055,1259.579,867.173,1007.853,,,,,2565.16,2556.339,888.272,740.306,,,,,,,,
C:\Users\tombe\Documents\_MLE\CV-for-GRIT\databases\luomus_hoverflies_pictures\3\GJ.3457.jpg,non_measurable,measurable,measurable,measurable,measurable,measurable,measurable,measurable,measurable,non_measurable,measurable,non_measurable,non_measurable,non_measurable,non_measurable,measurable,measurable,non_measurable,non_measurable,non_measurable,non_measurable,non_measurable,non_measurable,non_measurable,non_measurable,non_measurable,non_measurable,,808.252,325.595,3.224,55.497,112.151,806.113,1121.606,925.457,,851.868,,,,,2002.362,1935.759,,,,,,,,,,
C:\Users\tombe\Documents\_MLE\CV-for-GRIT\databases\luomus_hoverflies_pictures\3\GJ.394.jpg,measurable,measurable,measurable,measurable,measurable,measurable,measurable,measurable,non_measurable,measurable,measurable,non_measurable,non_measurable,non_measurable,non_measurable,non_measurable,non_measurable,non_measurable,non_measurable,non_measurable,non_measurable,non_measurable,non_measurable,non_measurable,non_measurable,non_measurable,non_measurable,2817.709,844.13,245.038,236.878,118.048,120.411,703.72,1110.904,,1461.767,671.053,,,,,,,,,,,,,,,,
C:\Users\tombe\Documents\_MLE\CV-for-GRIT\databases\luomus_hoverflies_pictures\3\GJ.395.jpg,measurable,measurable,measurable,measurable,measurable,measurable,measurable,measurable,measurable,measurable,measurable,non_measurable,non_measurable,non_measurable,non_measurable,measurable,measurable,non_measurable,non_measurable,non_measurable,non_measurable,non_measurable,non_measurable,non_measurable,non_measurable,non_measurable,non_measurable,2718.504,840.884,271.146,228.377,145.724,146.918,720.627,965.367,715.166,1481.991,705.675,,,,,2462.659,2415.627,,,,,,,,,,
C:\Users\tombe\Documents\_MLE\CV-for-GRIT\databases\luomus_hoverflies_pictures\3\GJ.400.jpg,measurable,measurable,measurable,measurable,measurable,measurable,measurable,measurable,measurable,measurable,measurable,non_measurable,non_measurable,non_measurable,non_measurable,measurable,measurable,measurable,measurable,non_measurable,measurable,measurable,non_measurable,non_measurable,non_measurable,measurable,measurable,2748.644,890.177,382.18,7.511,314.448,318.934,937.134,1113.293,859.51,1253.17,922.193,,,,,2289.037,2246.251,690.308,678.291,,613.347,577.349,,,,614.922,568.894
C:\Users\tombe\Documents\_MLE\CV-for-GRIT\databases\luomus_hoverflies_pictures\3\GJ.5923.jpg,measurable,measurable,measurable,measurable,non_measurable,non_measurable,measurable,measurable,non_measurable,measurable,measurable,non_measurable,non_measurable,non_measurable,non_measurable,measurable,measurable,measurable,non_measurable,non_measurable,non_measurable,non_measurable,non_measurable,non_measurable,non_measurable,non_measurable,non_measurable,3683.946,1145.41,457.424,2.949,,,1055.341,1638.613,,1587.909,1175.491,,,,,2991.654,2894.888,1008.96,,,,,,,,,
C:\Users\tombe\Documents\_MLE\CV-for-GRIT\databases\luomus_hoverflies_pictures\3\GJ.5926.jpg,measurable,non_measurable,measurable,non_measurable,measurable,non_measurable,measurable,measurable,non_measurable,measurable,measurable,non_measurable,non_measurable,non_measurable,non_measurable,measurable,measurable,non_measurable,measurable,non_measurable,non_measurable,non_measurable,non_measurable,non_measurable,non_measurable,non_measurable,non_measurable,3705.043,,394.033,,250.453,,929.918,1565.775,,1745.235,978.771,,,,,2939.444,3006.691,,973.903,,,,,,,,
C:\Users\tombe\Documents\_MLE\CV-for-GRIT\databases\luomus_hoverflies_pictures\3\GJ.5927.jpg,measurable,measurable,measurable,measurable,non_measurable,non_measurable,measurable,measurable,measurable,measurable,measurable,non_measurable,non_measurable,non_measurable,non_measurable,measurable,measurable,non_measurable,non_measurable,non_measurable,non_measurable,non_measurable,non_measurable,non_measurable,non_measurable,non_measurable,non_measurable,3305.664,944.649,316.387,17.347,,,870.896,1458.161,912.683,1531.117,824.637,,,,,2688.478,2634.611,,,,,,,,,,
C:\Users\tombe\Documents\_MLE\CV-for-GRIT\databases\luomus_hoverflies_pictures\3\GJ.5931.jpg,measurable,measurable,measurable,measurable,non_measurable,non_measurable,measurable,measurable,measurable,measurable,measurable,non_measurable,non_measurable,non_measurable,non_measurable,measurable,measurable,measurable,measurable,non_measurable,non_measurable,non_measurable,non_measurable,non_measurable,non_measurable,non_measurable,non_measurable,3843.395,1094.445,257.146,58.326,,,1007.335,1641.762,1168.795,1944.488,1002.441,,,,,3323.64,3300.51,1081.973,1052.601,,,,,,,,
C:\Users\tombe\Documents\_MLE\CV-for-GRIT\databases\luomus_hoverflies_pictures\3\GJ.5932.jpg,non_measurable,measurable,non_measurable,measurable,measurable,measurable,measurable,measurable,measurable,measurable,measurable,non_measurable,non_measurable,non_measurable,non_measurable,non_measurable,non_measurable,non_measurable,non_measurable,non_measurable,non_measurable,non_measurable,non_measurable,non_measurable,non_measurable,non_measurable,non_measurable,,647.138,,166.281,117.962,129.309,474.185,805.61,504.681,1327.139,517.277,,,,,,,,,,,,,,,,
C:\Users\tombe\Documents\_MLE\CV-for-GRIT\databases\luomus_hoverflies_pictures\3\GJ.5933.jpg,measurable,measurable,measurable,measurable,measurable,measurable,measurable,measurable,measurable,measurable,measurable,non_measurable,non_measurable,non_measurable,non_measurable,measurable,measurable,non_measurable,non_measurable,non_measurable,non_measurable,non_measurable,non_measurable,non_measurable,non_measurable,non_measurable,non_measurable,3253.208,911.792,408.742,244.661,321.932,301.939,689.198,1199.428,663.253,1645.038,726.784,,,,,2305.228,2053.607,,,,,,,,,,
C:\Users\tombe\Documents\_MLE\CV-for-GRIT\databases\luomus_hoverflies_pictures\3\GJ.5935.jpg,measurable,measurable,measurable,measurable,measurable,measurable,measurable,measurable,measurable,measurable,measurable,non_measurable,non_measurable,non_measurable,non_measurable,measurable,measurable,measurable,non_measurable,non_measurable,non_measurable,non_measurable,non_measurable,non_measurable,non_measurable,non_measurable,non_measurable,3644.172,1022.075,385.429,266.614,316.373,322.137,890.568,1383.076,992.196,1875.667,909.634,,,,,3387.159,3579.227,666.667,,,,,,,,,
C:\Users\tombe\Documents\_MLE\CV-for-GRIT\databases\luomus_hoverflies_pictures\3\GJ.5936.jpg,measurable,measurable,measurable,measurable,measurable,measurable,measurable,measurable,measurable,measurable,measurable,non_measurable,non_measurable,non_measurable,non_measurable,measurable,measurable,measurable,measurable,non_measurable,non_measurable,non_measurable,non_measurable,non_measurable,non_measurable,non_measurable,non_measurable,4055.779,1260.691,656.584,216.657,236.995,220.458,1167.89,1749.34,1011.481,1649.855,1069.153,,,,,3457.341,3527.297,773.789,714.081,,,,,,,,
C:\Users\tombe\Documents\_MLE\CV-for-GRIT\databases\luomus_hoverflies_pictures\3\GJ.5937.jpg,non_measurable,non_measurable,measurable,measurable,measurable,measurable,measurable,measurable,non_measurable,non_measurable,measurable,non_measurable,non_measurable,non_measurable,non_measurable,non_measurable,measurable,non_measurable,non_measurable,non_measurable,non_measurable,non_measurable,non_measurable,non_measurable,non_measurable,non_measurable,non_measurable,,,695.524,8.169,210.49,253.727,813.325,1249.583,,,779.826,,,,,,3099.689,,,,,,,,,,
C:\Users\tombe\Documents\_MLE\CV-for-GRIT\databases\luomus_hoverflies_pictures\3\GJ.5938.jpg,non_measurable,measurable,measurable,measurable,non_measurable,non_measurable,measurable,measurable,non_measurable,non_measurable,measurable,non_measurable,non_measurable,non_measurable,non_measurable,measurable,measurable,measurable,non_measurable,non_measurable,non_measurable,non_measurable,non_measurable,non_measurable,non_measurable,non_measurable,non_measurable,,1234.018,197.57,118.13,,,1016.969,2021.625,,,1173.693,,,,,3518.072,3572.239,1180.316,,,,,,,,,
C:\Users\tombe\Documents\_MLE\CV-for-GRIT\databases\luomus_hoverflies_pictures\3\GJ.5939.jpg,non_measurable,measurable,measurable,measurable,measurable,measurable,measurable,measurable,measurable,non_measurable,measurable,non_measurable,non_measurable,non_measurable,non_measurable,measurable,measurable,non_measurable,non_measurable,non_measurable,non_measurable,non_measurable,non_measurable,non_measurable,non_measurable,non_measurable,non_measurable,,1317.334,584.496,384.575,192.652,180.467,1121.123,1680.156,1407.073,,1079.098,,,,,3183.227,3416.449,,,,,,,,,,
C:\Users\tombe\Documents\_MLE\CV-for-GRIT\databases\luomus_hoverflies_pictures\3\GJ.5940.jpg,measurable,measurable,measurable,measurable,measurable,measurable,measurable,measurable,measurable,measurable,measurable,non_measurable,non_measurable,non_measurable,non_measurable,non_measurable,non_measurable,non_measurable,non_measurable,non_measurable,non_measurable,non_measurable,non_measurable,non_measurable,non_measurable,non_measurable,non_measurable,4027.298,1394.0,694.401,414.604,233.206,248.117,1222.79,1895.063,1578.509,1437.834,1316.203,,,,,,,,,,,,,,,,
C:\Users\tombe\Documents\_MLE\CV-for-GRIT\databases\luomus_hoverflies_pictures\3\GJ.5941.jpg,non_measurable,non_measurable,measurable,measurable,measurable,measurable,measurable,measurable,measurable,non_measurable,measurable,non_measurable,non_measurable,non_measurable,non_measurable,measurable,measurable,non_measurable,non_measurable,non_measurable,non_measurable,non_measurable,non_measurable,non_measurable,non_measurable,non_measurable,non_measurable,,,358.684,6.208,114.68,181.226,725.442,1253.881,986.228,,855.824,,,,,3228.796,3116.994,,,,,,,,,,
C:\Users\tombe\Documents\_MLE\CV-for-GRIT\databases\luomus_hoverflies_pictures\5\GJ.6045.jpg,non_measurable,measurable,measurable,measurable,non_measurable,non_measurable,measurable,measurable,non_measurable,non_measurable,measurable,non_measurable,non_measurable,non_measurable,non_measurable,measurable,measurable,non_measurable,non_measurable,non_measurable,non_measurable,non_measurable,non_measurable,non_measurable,non_measurable,non_measurable,non_measurable,,1243.675,319.801,282.204,,,1078.513,1668.905,,,1076.486,,,,,3733.028,3764.011,,,,,,,,,,
C:\Users\tombe\Documents\_MLE\CV-for-GRIT\databases\luomus_hoverflies_pictures\5\GJ.6046.jpg,non_measurable,non_measurable,non_measurable,non_measurable,non_measurable,non_measurable,measurable,measurable,measurable,measurable,measurable,non_measurable,non_measurable,non_measurable,non_measurable,measurable,measurable,measurable,measurable,non_measurable,non_measurable,non_measurable,non_measurable,non_measurable,non_measurable,non_measurable,non_measurable,,,,,,,1127.802,1720.023,1565.502,1117.736,1220.66,,,,,3816.662,3686.339,1076.167,1046.054,,,,,,,,
C:\Users\tombe\Documents\_MLE\CV-for-GRIT\databases\luomus_hoverflies_pictures\5\GJ.6047.jpg,non_measurable,non_measurable,non_measurable,measurable,non_measurable,non_measurable,measurable,measurable,non_measurable,non_measurable,measurable,non_measurable,non_measurable,non_measurable,non_measurable,measurable,measurable,measurable,non_measurable,non_measurable,non_measurable,non_measurable,non_measurable,non_measurable,non_measurable,measurable,measurable,,,,255.077,,,1036.36,1632.341,,,927.871,,,,,3215.347,3579.572,1128.709,,,,,,,,627.714,724.816
C:\Users\tombe\Documents\_MLE\CV-for-GRIT\databases\luomus_hoverflies_pictures\5\GJ.6048.jpg,measurable,measurable,measurable,non_measurable,measurable,measurable,measurable,measurable,measurable,measurable,measurable,non_measurable,non_measurable,non_measurable,non_measurable,measurable,measurable,non_measurable,non_measurable,non_measurable,non_measurable,non_measurable,non_measurable,non_measurable,non_measurable,non_measurable,non_measurable,3455.209,1302.078,469.811,,160.769,165.235,1185.003,1747.901,1308.486,1237.497,1167.866,,,,,3692.173,3620.592,,,,,,,,,,
C:\Users\tombe\Documents\_MLE\CV-for-GRIT\databases\luomus_hoverflies_pictures\5\GJ.6049.jpg,non_measurable,measurable,measurable,measurable,measurable,measurable,measurable,measurable,measurable,non_measurable,measurable,non_measurable,non_measurable,non_measurable,non_measurable,measurable,non_measurable,measurable,non_measurable,non_measurable,non_measurable,non_measurable,non_measurable,non_measurable,non_measurable,non_measurable,non_measurable,,1227.691,687.301,336.715,274.288,291.906,1119.177,1190.684,875.763,,1090.183,,,,,2801.735,,1147.679,,,,,,,,,
C:\Users\tombe\Documents\_MLE\CV-for-GRIT\databases\luomus_hoverflies_pictures\5\GJ.6050.jpg,non_measurable,measurable,measurable,measurable,measurable,measurable,measurable,measurable,measurable,non_measurable,measurable,non_measurable,non_measurable,non_measurable,non_measurable,measurable,measurable,non_measurable,non_measurable,non_measurable,non_measurable,measurable,non_measurable,non_measurable,non_measurable,non_measurable,non_measurable,,1240.597,488.886,335.653,204.983,120.452,1002.37,1496.828,966.649,,1057.193,,,,,3593.583,3588.807,,,,,780.633,,,,,
C:\Users\tombe\Documents\_MLE\CV-for-GRIT\databases\luomus_hoverflies_pictures\5\GJ.6051.jpg,measurable,measurable,measurable,measurable,measurable,measurable,measurable,measurable,measurable,measurable,measurable,non_measurable,non_measurable,non_measurable,non_measurable,measurable,measurable,non_measurable,measurable,non_measurable,non_measurable,non_measurable,non_measurable,non_measurable,non_measurable,non_measurable,non_measurable,3969.198,1252.543,567.263,300.397,118.736,99.504,1061.295,1506.436,1016.247,1895.499,1250.603,,,,,3685.325,3378.0,,880.644,,,,,,,,
C:\Users\tombe\Documents\_MLE\CV-for-GRIT\databases\luomus_hoverflies_pictures\5\GJ.6052.jpg,measurable,measurable,measurable,measurable,measurable,measurable,measurable,measurable,measurable,measurable,measurable,non_measurable,non_measurable,non_measurable,non_measurable,measurable,measurable,non_measurable,non_measurable,non_measurable,non_measurable,measurable,measurable,non_measurable,non_measurable,non_measurable,non_measurable,3000.277,994.291,451.969,260.045,106.864,184.455,799.884,1173.818,802.237,1374.49,885.725,,,,,2741.821,2759.113,,,,,420.043,486.675,,,,
C:\Users\tombe\Documents\_MLE\CV-for-GRIT\databases\luomus_hoverflies_pictures\5\GJ.6053.jpg,measurable,measurable,measurable,measurable,measurable,measurable,measurable,measurable,measurable,measurable,measurable,non_measurable,non_measurable,non_measurable,non_measurable,measurable,measurable,non_measurable,non_measurable,non_measurable,non_measurable,non_measurable,non_measurable,non_measurable,non_measurable,non_measurable,non_measurable,2952.798,924.318,495.173,5.481,97.104,86.836,818.751,1116.029,689.81,1341.596,807.89,,,,,2595.138,2613.441,,,,,,,,,,
C:\Users\tombe\Documents\_MLE\CV-for-GRIT\databases\luomus_hoverflies_pictures\5\GJ.6054.jpg,non_measurable,non_measurable,measurable,measurable,non_measurable,measurable,measurable,measurable,measurable,non_measurable,measurable,non_measurable,non_measurable,non_measurable,non_measurable,non_measurable,non_measurable,non_measurable,non_measurable,non_measurable,non_measurable,non_measurable,non_measurable,non_measurable,non_measurable,non_measurable,non_measurable,,,364.357,205.975,,123.208,871.136,1347.183,985.284,,836.634,,,,,,,,,,,,,,,,
C:\Users\tombe\Documents\_MLE\CV-for-GRIT\databases\luomus_hoverflies_pictures\5\GJ.6055.jpg,measurable,measurable,measurable,measurable,measurable,measurable,measurable,measurable,measurable,measurable,measurable,non_measurable,non_measurable,non_measurable,non_measurable,measurable,measurable,non_measurable,non_measurable,non_measurable,non_measurable,non_measurable,non_measurable,non_measurable,non_measurable,non_measurable,non_measurable,3300.284,1159.916,702.013,2.87,133.24,153.248,998.519,1262.538,924.317,1335.733,987.711,,,,,3365.907,3381.255,,,,,,,,,,
C:\Users\tombe\Documents\_MLE\CV-for-GRIT\databases\luomus_hoverflies_pictures\5\GJ.6057.jpg,non_measurable,measurable,measurable,measurable,measurable,measurable,measurable,measurable,non_measurable,non_measurable,measurable,non_measurable,non_measurable,non_measurable,non_measurable,non_measurable,measurable,non_measurable,non_measurable,non_measurable,non_measurable,non_measurable,non_measurable,non_measurable,non_measurable,non_measurable,non_measurable,,1026.203,477.208,207.157,128.379,113.418,984.24,1378.647,,,981.775,,,,,,3135.336,,,,,,,,,,
C:\Users\tombe\Documents\_MLE\CV-for-GRIT\databases\luomus_hoverflies_pictures\5\GJ.6058.jpg,non_measurable,measurable,measurable,measurable,measurable,measurable,measurable,measurable,non_measurable,non_measurable,measurable,non_measurable,non_measurable,non_measurable,non_measurable,measurable,measurable,non_measurable,measurable,non_measurable,non_measurable,non_measurable,non_measurable,non_measurable,non_measurable,non_measurable,non_measurable,,1112.371,317.717,257.119,80.778,80.545,981.791,1663.583,,,976.352,,,,,2817.103,2998.762,,1047.621,,,,,,,,
C:\Users\tombe\Documents\_MLE\CV-for-GRIT\databases\luomus_hoverflies_pictures\5\GJ.6059.jpg,non_measurable,non_measurable,measurable,non_measurable,non_measurable,non_measurable,measurable,measurable,measurable,non_measurable,measurable,non_measurable,non_measurable,non_measurable,non_measurable,non_measurable,measurable,non_measurable,non_measurable,non_measurable,non_measurable,non_measurable,non_measurable,non_measurable,non_measurable,non_measurable,non_measurable,,,427.944,,,,986.735,1455.443,982.475,,996.643,,,,,,3068.429,,,,,,,,,,
C:\Users\tombe\Documents\_MLE\CV-for-GRIT\databases\luomus_hoverflies_pictures\5\GJ.6060.jpg,non_measurable,measurable,measurable,measurable,measurable,non_measurable,measurable,measurable,non_measurable,non_measurable,measurable,non_measurable,non_measurable,non_measurable,non_measurable,measurable,measurable,non_measurable,non_measurable,non_measurable,non_measurable,non_measurable,non_measurable,non_measurable,non_measurable,non_measurable,non_measurable,,1130.858,550.941,5.889,126.089,,1049.069,1404.887,,,1049.098,,,,,3075.55,3154.356,,,,,,,,,,
C:\Users\tombe\Documents\_MLE\CV-for-GRIT\databases\luomus_hoverflies_pictures\5\GJ.6061.jpg,measurable,measurable,measurable,measurable,non_measurable,measurable,measurable,measurable,measurable,measurable,measurable,non_measurable,non_measurable,non_measurable,non_measurable,non_measurable,measurable,non_measurable,measurable,non_measurable,non_measurable,non_measurable,non_measurable,non_measurable,non_measurable,non_measurable,non_measurable,3008.313,1146.149,483.078,287.437,,171.593,1017.525,1544.347,1153.049,980.888,1101.392,,,,,,2921.625,,910.424,,,,,,,,
C:\Users\tombe\Documents\_MLE\CV-for-GRIT\databases\luomus_hoverflies_pictures\5\GJ.6062.jpg,measurable,non_measurable,measurable,non_measurable,non_measurable,measurable,measurable,measurable,measurable,measurable,measurable,non_measurable,non_measurable,non_measurable,non_measurable,measurable,measurable,measurable,measurable,non_measurable,non_measurable,non_measurable,non_measurable,non_measurable,non_measurable,non_measurable,non_measurable,3360.098,,527.959,,,279.7,982.921,1479.706,1183.957,1352.433,1057.891,,,,,3377.044,3522.285,1084.895,955.671,,,,,,,,
C:\Users\tombe\Documents\_MLE\CV-for-GRIT\databases\luomus_hoverflies_pictures\5\GJ.6063.jpg,non_measurable,measurable,measurable,measurable,measurable,measurable,measurable,measurable,measurable,non_measurable,measurable,non_measurable,non_measurable,non_measurable,non_measurable,measurable,measurable,non_measurable,non_measurable,non_measurable,non_measurable,non_measurable,non_measurable,non_measurable,non_measurable,non_measurable,non_measurable,,1189.438,474.936,457.19,115.194,243.037,987.219,1312.184,1361.783,,896.673,,,,,2859.727,2694.552,,,,,,,,,,
C:\Users\tombe\Documents\_MLE\CV-for-GRIT\databases\luomus_hoverflies_pictures\5\GJ.6064.jpg,measurable,measurable,measurable,measurable,measurable,measurable,measurable,measurable,measurable,measurable,measurable,non_measurable,non_measurable,non_measurable,non_measurable,measurable,measurable,measurable,measurable,non_measurable,non_measurable,non_measurable,non_measurable,non_measurable,non_measurable,non_measurable,non_measurable,4020.013,1214.725,628.147,5.759,116.542,101.53,1217.507,1506.559,1206.838,1885.307,1141.241,,,,,3546.262,3514.523,810.471,849.112,,,,,,,,
C:\Users\tombe\Documents\_MLE\CV-for-GRIT\databases\luomus_hoverflies_pictures\5\GJ.6065.jpg,measurable,measurable,measurable,measurable,measurable,measurable,measurable,measurable,measurable,measurable,measurable,non_measurable,non_measurable,non_measurable,non_measurable,measurable,non_measurable,measurable,non_measurable,non_measurable,non_measurable,non_measurable,non_measurable,non_measurable,non_measurable,non_measurable,non_measurable,4117.377,1319.946,643.511,2.509,198.663,186.32,1180.307,1559.73,1208.032,1914.137,1240.792,,,,,3515.869,,908.002,,,,,,,,,
C:\Users\tombe\Documents\_MLE\CV-for-GRIT\databases\luomus_hoverflies_pictures\5\GJ.6066.jpg,measurable,measurable,measurable,measurable,measurable,measurable,measurable,measurable,measurable,measurable,measurable,non_measurable,non_measurable,non_measurable,non_measurable,measurable,measurable,measurable,measurable,non_measurable,non_measurable,non_measurable,non_measurable,non_measurable,non_measurable,non_measurable,non_measurable,3406.485,1078.192,558.673,7.237,178.292,152.541,950.488,1268.607,945.623,1579.205,967.791,,,,,2933.717,2987.558,751.265,703.32,,,,,,,,
C:\Users\tombe\Documents\_MLE\CV-for-GRIT\databases\luomus_hoverflies_pictures\5\GJ.6067.jpg,non_measurable,non_measurable,measurable,non_measurable,non_measurable,non_measurable,measurable,measurable,measurable,non_measurable,measurable,non_measurable,non_measurable,non_measurable,non_measurable,measurable,measurable,non_measurable,non_measurable,non_measurable,non_measurable,measurable,measurable,non_measurable,non_measurable,measurable,measurable,,,570.317,,,,889.873,1316.333,931.225,,867.934,,,,,3144.296,3153.021,,,,,828.565,685.102,,,825.439,665.677
C:\Users\tombe\Documents\_MLE\CV-for-GRIT\databases\luomus_hoverflies_pictures\5\GJ.6068.jpg,non_measurable,measurable,measurable,measurable,non_measurable,non_measurable,measurable,measurable,non_measurable,non_measurable,measurable,non_measurable,non_measurable,non_measurable,non_measurable,measurable,measurable,measurable,non_measurable,non_measurable,non_measurable,non_measurable,non_measurable,non_measurable,non_measurable,non_measurable,non_measurable,,1270.969,723.794,8.307,,,1116.767,1221.631,,,1137.643,,,,,3400.851,3536.958,1038.822,,,,,,,,,
C:\Users\tombe\Documents\_MLE\CV-for-GRIT\databases\luomus_hoverflies_pictures\5\GJ.6069.jpg,measurable,measurable,measurable,measurable,measurable,measurable,measurable,measurable,non_measurable,measurable,measurable,non_measurable,non_measurable,non_measurable,non_measurable,measurable,measurable,measurable,non_measurable,non_measurable,non_measurable,non_measurable,non_measurable,non_measurable,non_measurable,non_measurable,non_measurable,3448.578,1109.959,530.656,8.982,194.357,157.501,902.831,1492.927,,1424.995,929.663,,,,,3342.274,3342.02,855.97,,,,,,,,,
C:\Users\tombe\Documents\_MLE\CV-for-GRIT\databases\luomus_hoverflies_pictures\5\GJ.6070.jpg,measurable,non_measurable,measurable,measurable,measurable,non_measurable,measurable,measurable,measurable,measurable,measurable,non_measurable,non_measurable,non_measurable,non_measurable,measurable,measurable,non_measurable,non_measurable,non_measurable,non_measurable,non_measurable,non_measurable,non_measurable,non_measurable,non_measurable,non_measurable,3484.851,,490.481,4.699,252.261,,992.171,1714.273,944.829,1280.097,1072.549,,,,,3682.16,3754.144,,,,,,,,,,
C:\Users\tombe\Documents\_MLE\CV-for-GRIT\databases\luomus_hoverflies_pictures\5\GJ.6071.jpg,non_measurable,measurable,measurable,measurable,measurable,measurable,measurable,measurable,non_measurable,non_measurable,measurable,non_measurable,non_measurable,non_measurable,non_measurable,measurable,measurable,non_measurable,measurable,non_measurable,non_measurable,measurable,measurable,non_measurable,non_measurable,non_measurable,non_measurable,,1158.515,459.004,5.644,129.733,164.005,1027.307,1478.872,,,1046.786,,,,,3344.462,3313.505,,940.916,,,823.536,839.843,,,,
C:\Users\tombe\Documents\_MLE\CV-for-GRIT\databases\luomus_hoverflies_pictures\5\GJ.6072.jpg,measurable,non_measurable,measurable,measurable,measurable,non_measurable,measurable,measurable,measurable,measurable,measurable,non_measurable,non_measurable,non_measurable,non_measurable,measurable,measurable,measurable,non_measurable,non_measurable,non_measurable,non_measurable,non_measurable,non_measurable,non_measurable,non_measurable,non_measurable,4072.577,,477.788,67.447,241.191,,996.171,1634.736,949.211,1960.053,1039.249,,,,,3757.728,3716.317,1108.471,,,,,,,,,
C:\Users\tombe\Documents\_MLE\CV-for-GRIT\databases\luomus_hoverflies_pictures\5\GJ.6073.jpg,measurable,measurable,measurable,measurable,measurable,measurable,measurable,measurable,measurable,measurable,measurable,non_measurable,non_measurable,non_measurable,non_measurable,measurable,measurable,non_measurable,non_measurable,non_measurable,non_measurable,non_measurable,non_measurable,non_measurable,non_measurable,non_measurable,non_measurable,3537.39,1266.245,489.742,2.809,303.88,180.245,1093.145,1608.562,934.206,1439.087,1179.75,,,,,3775.666,3324.765,,,,,,,,,,
C:\Users\tombe\Documents\_MLE\CV-for-GRIT\databases\luomus_hoverflies_pictures\5\GJ.6130.jpg,non_measurable,measurable,measurable,measurable,non_measurable,non_measurable,measurable,measurable,measurable,non_measurable,measurable,non_measurable,non_measurable,non_measurable,non_measurable,measurable,measurable,measurable,measurable,non_measurable,non_measurable,non_measurable,non_measurable,non_measurable,non_measurable,non_measurable,non_measurable,,697.191,183.905,121.162,,,620.596,971.559,564.955,,744.364,,,,,1598.719,1549.525,519.01,466.292,,,,,,,,
C:\Users\tombe\Documents\_MLE\CV-for-GRIT\databases\luomus_hoverflies_pictures\5\GJ.6131.jpg,measurable,measurable,measurable,measurable,measurable,non_measurable,measurable,measurable,measurable,measurable,measurable,non_measurable,non_measurable,non_measurable,non_measurable,measurable,measurable,measurable,measurable,non_measurable,non_measurable,non_measurable,non_measurable,non_measurable,non_measurable,non_measurable,non_measurable,2775.399,929.157,359.043,130.033,227.177,,779.579,1293.849,927.984,1122.506,1001.064,,,,,2109.78,2140.058,725.025,749.991,,,,,,,,
C:\Users\tombe\Documents\_MLE\CV-for-GRIT\databases\luomus_hoverflies_pictures\5\GJ.6132.jpg,measurable,measurable,measurable,measurable,non_measurable,non_measurable,measurable,measurable,non_measurable,measurable,measurable,non_measurable,non_measurable,non_measurable,non_measurable,measurable,measurable,measurable,non_measurable,non_measurable,non_measurable,non_measurable,non_measurable,non_measurable,non_measurable,non_measurable,non_measurable,3392.737,1034.508,371.052,99.435,,,1040.232,1567.358,,1454.327,1180.538,,,,,2357.554,2353.147,801.012,,,,,,,,,
C:\Users\tombe\Documents\_MLE\CV-for-GRIT\databases\luomus_hoverflies_pictures\5\GJ.6133.jpg,measurable,measurable,measurable,measurable,measurable,measurable,measurable,measurable,non_measurable,measurable,measurable,non_measurable,non_measurable,non_measurable,non_measurable,measurable,measurable,non_measurable,measurable,non_measurable,non_measurable,non_measurable,non_measurable,non_measurable,non_measurable,non_measurable,non_measurable,4038.619,1278.257,652.927,15.07,224.686,223.435,1242.978,1762.175,,1623.517,1377.88,,,,,2978.317,2855.33,,970.331,,,,,,,,
C:\Users\tombe\Documents\_MLE\CV-for-GRIT\databases\luomus_hoverflies_pictures\5\GJ.6134.jpg,non_measurable,measurable,measurable,measurable,measurable,measurable,measurable,measurable,non_measurable,non_measurable,measurable,non_measurable,non_measurable,non_measurable,non_measurable,measurable,measurable,non_measurable,measurable,non_measurable,non_measurable,non_measurable,non_measurable,non_measurable,non_measurable,non_measurable,non_measurable,,1159.059,402.22,258.403,218.325,215.097,1038.526,1562.087,,,1095.978,,,,,2533.725,2591.707,,918.288,,,,,,,,
C:\Users\tombe\Documents\_MLE\CV-for-GRIT\databases\luomus_hoverflies_pictures\5\GJ.6135.jpg,non_measurable,non_measurable,measurable,measurable,non_measurable,non_measurable,measurable,measurable,non_measurable,non_measurable,measurable,non_measurable,non_measurable,non_measurable,non_measurable,measurable,non_measurable,measurable,measurable,non_measurable,non_measurable,non_measurable,non_measurable,non_measurable,non_measurable,non_measurable,non_measurable,,,503.297,235.881,,,1101.174,1520.589,,,1194.45,,,,,2793.843,,1041.881,1434.405,,,,,,,,
C:\Users\tombe\Documents\_MLE\CV-for-GRIT\databases\luomus_hoverflies_pictures\5\GJ.6136.jpg,measurable,measurable,measurable,measurable,non_measurable,non_measurable,measurable,measurable,measurable,measurable,measurable,non_measurable,non_measurable,non_measurable,non_measurable,measurable,measurable,measurable,measurable,non_measurable,non_measurable,non_measurable,non_measurable,non_measurable,non_measurable,non_measurable,non_measurable,3833.514,1274.398,399.211,286.798,,,0.0,1587.448,1327.348,1846.855,1218.454,,,,,2920.292,2912.159,1006.547,939.142,,,,,,,,
C:\Users\tombe\Documents\_MLE\CV-for-GRIT\databases\luomus_hoverflies_pictures\5\GJ.6276.jpg,measurable,measurable,measurable,measurable,non_measurable,non_measurable,measurable,measurable,measurable,measurable,measurable,non_measurable,non_measurable,non_measurable,non_measurable,measurable,measurable,measurable,measurable,non_measurable,non_measurable,non_measurable,non_measurable,non_measurable,non_measurable,non_measurable,non_measurable,3491.482,1004.865,434.92,195.625,,,880.316,1261.397,799.229,1795.165,957.498,,,,,2489.973,2404.375,685.229,756.492,,,,,,,,
C:\Users\tombe\Documents\_MLE\CV-for-GRIT\databases\luomus_hoverflies_pictures\5\GJ.6284.jpg,non_measurable,measurable,measurable,measurable,non_measurable,non_measurable,measurable,measurable,non_measurable,non_measurable,measurable,non_measurable,non_measurable,non_measurable,non_measurable,measurable,measurable,measurable,non_measurable,non_measurable,non_measurable,non_measurable,non_measurable,non_measurable,non_measurable,non_measurable,non_measurable,,917.338,344.297,229.963,,,839.231,1258.304,,,854.374,,,,,2706.566,2784.942,688.356,,,,,,,,,
C:\Users\tombe\Documents\_MLE\CV-for-GRIT\databases\luomus_hoverflies_pictures\5\GJ.6588.jpg,measurable,measurable,measurable,measurable,measurable,measurable,measurable,measurable,measurable,measurable,measurable,non_measurable,non_measurable,non_measurable,non_measurable,non_measurable,measurable,measurable,non_measurable,non_measurable,non_measurable,non_measurable,non_measurable,non_measurable,non_measurable,non_measurable,non_measurable,2279.825,758.039,347.14,149.539,101.314,90.214,645.518,968.932,827.989,963.753,681.718,,,,,,2172.827,670.976,,,,,,,,,
C:\Users\tombe\Documents\_MLE\CV-for-GRIT\databases\luomus_hoverflies_pictures\5\GJ.6753.jpg,measurable,non_measurable,measurable,non_measurable,non_measurable,non_measurable,measurable,measurable,measurable,measurable,measurable,non_measurable,non_measurable,non_measurable,non_measurable,measurable,measurable,non_measurable,non_measurable,non_measurable,non_measurable,non_measurable,non_measurable,non_measurable,non_measurable,non_measurable,non_measurable,2746.431,,401.62,,,,765.915,1102.865,821.32,1241.945,872.918,,,,,2602.997,2663.209,,,,,,,,,,
C:\Users\tombe\Documents\_MLE\CV-for-GRIT\databases\luomus_hoverflies_pictures\5\GJ.6754.jpg,measurable,measurable,measurable,measurable,measurable,non_measurable,measurable,measurable,measurable,measurable,measurable,non_measurable,non_measurable,non_measurable,non_measurable,measurable,measurable,measurable,measurable,non_measurable,non_measurable,non_measurable,non_measurable,non_measurable,non_measurable,non_measurable,non_measurable,3024.345,1026.462,583.01,5.629,194.22,,840.692,1064.503,817.613,1376.832,934.224,,,,,2673.186,2695.797,867.838,853.68,,,,,,,,
C:\Users\tombe\Documents\_MLE\CV-for-GRIT\databases\luomus_hoverflies_pictures\5\GJ.6757.jpg,measurable,measurable,measurable,measurable,measurable,non_measurable,measurable,measurable,measurable,measurable,measurable,non_measurable,non_measurable,non_measurable,non_measurable,measurable,measurable,non_measurable,non_measurable,non_measurable,non_measurable,non_measurable,non_measurable,non_measurable,non_measurable,non_measurable,non_measurable,2462.469,848.842,367.702,340.264,191.156,,687.251,1120.146,886.229,974.622,794.916,,,,,1963.534,2078.889,,,,,,,,,,
C:\Users\tombe\Documents\_MLE\CV-for-GRIT\databases\luomus_hoverflies_pictures\5\GJ.6809.jpg,measurable,measurable,measurable,measurable,measurable,measurable,measurable,measurable,measurable,measurable,measurable,non_measurable,non_measurable,non_measurable,non_measurable,measurable,measurable,non_measurable,non_measurable,non_measurable,non_measurable,non_measurable,non_measurable,non_measurable,non_measurable,non_measurable,non_measurable,3100.39,948.083,331.173,3.924,88.858,84.676,835.012,1271.543,800.463,1497.674,881.96,,,,,2488.8,2608.193,,,,,,,,,,
C:\Users\tombe\Documents\_MLE\CV-for-GRIT\databases\luomus_hoverflies_pictures\5\GJ.6812.jpg,measurable,measurable,measurable,non_measurable,measurable,measurable,measurable,measurable,measurable,measurable,measurable,non_measurable,non_measurable,non_measurable,non_measurable,measurable,measurable,non_measurable,measurable,non_measurable,non_measurable,non_measurable,non_measurable,non_measurable,non_measurable,non_measurable,non_measurable,2629.218,885.354,342.998,,125.701,76.461,730.558,1135.461,829.906,1150.759,799.591,,,,,2449.433,2615.187,,717.618,,,,,,,,
C:\Users\tombe\Documents\_MLE\CV-for-GRIT\databases\luomus_hoverflies_pictures\5\GJ.6831.jpg,measurable,measurable,measurable,measurable,measurable,measurable,measurable,measurable,measurable,measurable,measurable,non_measurable,non_measurable,non_measurable,non_measurable,measurable,measurable,measurable,non_measurable,non_measurable,non_measurable,non_measurable,non_measurable,non_measurable,non_measurable,non_measurable,non_measurable,2996.652,992.13,320.938,5.305,146.601,150.219,872.072,1132.368,826.397,1543.346,853.033,,,,,2394.466,2351.125,734.438,,,,,,,,,
C:\Users\tombe\Documents\_MLE\CV-for-GRIT\databases\luomus_hoverflies_pictures\5\GJ.6832.jpg,measurable,measurable,measurable,measurable,measurable,measurable,measurable,measurable,measurable,measurable,measurable,non_measurable,non_measurable,non_measurable,non_measurable,measurable,measurable,measurable,measurable,non_measurable,non_measurable,measurable,measurable,non_measurable,non_measurable,measurable,measurable,1708.054,583.71,265.529,155.175,105.094,89.378,499.658,637.833,677.474,804.692,490.566,,,,,1363.945,1431.29,425.059,487.562,,,343.131,427.553,,,325.143,337.966
C:\Users\tombe\Documents\_MLE\CV-for-GRIT\databases\luomus_hoverflies_pictures\5\GJ.6851.jpg,measurable,measurable,measurable,measurable,non_measurable,non_measurable,measurable,measurable,measurable,measurable,measurable,non_measurable,non_measurable,non_measurable,non_measurable,non_measurable,measurable,measurable,non_measurable,non_measurable,non_measurable,non_measurable,non_measurable,non_measurable,non_measurable,non_measurable,non_measurable,2560.433,857.429,349.248,1.57,,,789.883,1174.024,870.29,1037.161,896.916,,,,,,2092.417,776.671,,,,,,,,,
C:\Users\tombe\Documents\_MLE\CV-for-GRIT\databases\luomus_hoverflies_pictures\5\GJ.6857.jpg,non_measurable,measurable,measurable,measurable,non_measurable,non_measurable,measurable,measurable,measurable,non_measurable,measurable,non_measurable,non_measurable,non_measurable,non_measurable,measurable,measurable,measurable,non_measurable,non_measurable,non_measurable,non_measurable,non_measurable,non_measurable,non_measurable,non_measurable,non_measurable,,1074.59,339.798,252.996,,,932.756,1240.118,1266.421,,952.905,,,,,2111.586,2406.646,818.604,,,,,,,,,
C:\Users\tombe\Documents\_MLE\CV-for-GRIT\databases\luomus_hoverflies_pictures\5\GJ.6962.jpg,non_measurable,non_measurable,measurable,measurable,non_measurable,measurable,measurable,measurable,measurable,non_measurable,measurable,non_measurable,non_measurable,non_measurable,non_measurable,measurable,measurable,non_measurable,non_measurable,non_measurable,non_measurable,non_measurable,non_measurable,non_measurable,non_measurable,non_measurable,non_measurable,,,519.561,180.598,,147.439,878.408,1370.826,1244.779,,885.84,,,,,2598.509,2611.439,,,,,,,,,,
C:\Users\tombe\Documents\_MLE\CV-for-GRIT\databases\luomus_hoverflies_pictures\5\GJ.6963.jpg,measurable,non_measurable,measurable,measurable,measurable,measurable,measurable,measurable,non_measurable,measurable,measurable,non_measurable,non_measurable,non_measurable,non_measurable,measurable,measurable,non_measurable,measurable,non_measurable,non_measurable,non_measurable,non_measurable,non_measurable,non_measurable,non_measurable,non_measurable,2840.334,,523.112,3.621,92.837,135.257,869.564,1217.769,,1099.452,958.218,,,,,2615.251,2645.538,,738.648,,,,,,,,
C:\Users\tombe\Documents\_MLE\CV-for-GRIT\databases\luomus_hoverflies_pictures\5\GJ.6964.jpg,measurable,measurable,measurable,measurable,non_measurable,non_measurable,measurable,measurable,non_measurable,measurable,measurable,non_measurable,non_measurable,non_measurable,non_measurable,measurable,measurable,non_measurable,non_measurable,non_measurable,non_measurable,non_measurable,non_measurable,non_measurable,non_measurable,non_measurable,non_measurable,3144.466,969.205,355.556,5.766,,,853.955,1396.349,,1392.561,914.929,,,,,2636.898,2617.969,,,,,,,,,,
C:\Users\tombe\Documents\_MLE\CV-for-GRIT\databases\luomus_hoverflies_pictures\5\GJ.6999.jpg,measurable,measurable,measurable,measurable,measurable,measurable,measurable,measurable,measurable,measurable,measurable,non_measurable,non_measurable,non_measurable,non_measurable,measurable,measurable,measurable,measurable,non_measurable,non_measurable,non_measurable,non_measurable,non_measurable,non_measurable,non_measurable,non_measurable,2751.446,872.979,350.826,2.575,127.839,131.894,788.202,1164.07,824.084,1236.55,829.042,,,,,2372.399,2437.705,602.788,615.288,,,,,,,,
C:\Users\tombe\Documents\_MLE\CV-for-GRIT\databases\luomus_hoverflies_pictures\5\GJ.7000.jpg,measurable,measurable,measurable,measurable,measurable,measurable,measurable,measurable,measurable,measurable,measurable,non_measurable,non_measurable,non_measurable,non_measurable,measurable,measurable,non_measurable,non_measurable,non_measurable,non_measurable,non_measurable,non_measurable,non_measurable,non_measurable,non_measurable,non_measurable,2815.035,973.641,492.59,279.203,155.217,112.21,845.587,1237.978,980.129,1084.468,816.83,,,,,2458.126,2391.894,,,,,,,,,,
C:\Users\tombe\Documents\_MLE\CV-for-GRIT\databases\luomus_hoverflies_pictures\5\GJ.7033.jpg,measurable,measurable,measurable,measurable,measurable,non_measurable,measurable,measurable,measurable,measurable,measurable,non_measurable,non_measurable,non_measurable,non_measurable,measurable,measurable,non_measurable,non_measurable,non_measurable,non_measurable,non_measurable,non_measurable,non_measurable,non_measurable,non_measurable,non_measurable,3488.352,1013.854,451.368,207.647,92.623,,936.383,1339.7,1051.152,1697.284,929.063,,,,,2993.899,2987.095,,,,,,,,,,
C:\Users\tombe\Documents\_MLE\CV-for-GRIT\databases\luomus_hoverflies_pictures\5\GJ.7034.jpg,measurable,measurable,measurable,measurable,measurable,measurable,measurable,measurable,measurable,measurable,measurable,non_measurable,non_measurable,non_measurable,non_measurable,measurable,measurable,measurable,non_measurable,non_measurable,non_measurable,non_measurable,non_measurable,non_measurable,non_measurable,non_measurable,non_measurable,2723.32,918.811,515.793,1.868,128.417,119.908,792.489,1005.939,802.383,1201.588,869.531,,,,,2449.147,2396.77,640.908,,,,,,,,,
C:\Users\tombe\Documents\_MLE\CV-for-GRIT\databases\luomus_hoverflies_pictures\5\GJ.7508.jpg,measurable,measurable,measurable,measurable,measurable,measurable,measurable,measurable,measurable,measurable,measurable,non_measurable,non_measurable,non_measurable,non_measurable,non_measurable,non_measurable,non_measurable,non_measurable,non_measurable,non_measurable,non_measurable,non_measurable,non_measurable,non_measurable,non_measurable,non_measurable,2077.716,666.811,245.67,2.626,31.574,44.348,563.239,836.114,599.201,995.932,572.482,,,,,,,,,,,,,,,,
C:\Users\tombe\Documents\_MLE\CV-for-GRIT\databases\luomus_hoverflies_pictures\5\GJ.781.jpg,measurable,measurable,measurable,measurable,non_measurable,non_measurable,measurable,measurable,measurable,measurable,measurable,non_measurable,non_measurable,non_measurable,non_measurable,measurable,measurable,measurable,non_measurable,non_measurable,non_measurable,non_measurable,non_measurable,non_measurable,non_measurable,non_measurable,non_measurable,2966.967,911.686,395.853,13.131,,,771.697,1222.809,817.79,1348.304,863.419,,,,,2145.874,2268.036,665.181,,,,,,,,,
C:\Users\tombe\Documents\_MLE\CV-for-GRIT\databases\luomus_hoverflies_pictures\5\GJ.782.jpg,non_measurable,measurable,non_measurable,measurable,measurable,measurable,measurable,measurable,measurable,measurable,measurable,non_measurable,non_measurable,non_measurable,non_measurable,measurable,measurable,measurable,measurable,non_measurable,non_measurable,non_measurable,non_measurable,non_measurable,non_measurable,non_measurable,non_measurable,,929.266,,216.944,177.23,194.42,799.627,1195.811,947.218,1070.27,756.427,,,,,2114.19,2136.046,655.336,662.794,,,,,,,,
C:\Users\tombe\Documents\_MLE\CV-for-GRIT\databases\luomus_hoverflies_pictures\5\GJ.783.jpg,measurable,measurable,measurable,measurable,non_measurable,non_measurable,measurable,measurable,measurable,measurable,measurable,non_measurable,non_measurable,non_measurable,non_measurable,measurable,measurable,measurable,measurable,non_measurable,non_measurable,non_measurable,non_measurable,non_measurable,non_measurable,non_measurable,non_measurable,3270.007,965.862,361.992,25.392,,,876.065,1394.386,970.066,1513.628,888.237,,,,,2172.169,2152.205,676.876,700.3,,,,,,,,
C:\Users\tombe\Documents\_MLE\CV-for-GRIT\databases\luomus_hoverflies_pictures\5\GJ.784.jpg,measurable,measurable,measurable,measurable,non_measurable,non_measurable,measurable,measurable,measurable,measurable,measurable,non_measurable,non_measurable,non_measurable,non_measurable,measurable,measurable,measurable,non_measurable,non_measurable,non_measurable,non_measurable,non_measurable,non_measurable,non_measurable,non_measurable,non_measurable,3030.294,894.271,384.344,6.812,,,787.422,1160.26,784.306,1485.689,760.262,,,,,1893.786,1861.735,637.88,,,,,,,,,
C:\Users\tombe\Documents\_MLE\CV-for-GRIT\databases\luomus_hoverflies_pictures\5\GJ.785.jpg,measurable,measurable,measurable,measurable,measurable,measurable,measurable,measurable,measurable,measurable,measurable,non_measurable,non_measurable,non_measurable,non_measurable,measurable,measurable,non_measurable,non_measurable,non_measurable,non_measurable,non_measurable,non_measurable,non_measurable,non_measurable,non_measurable,non_measurable,3301.761,1081.093,479.85,246.359,175.112,173.495,918.904,1517.872,1062.747,1304.038,925.655,,,,,2366.391,2317.675,,,,,,,,,,
C:\Users\tombe\Documents\_MLE\CV-for-GRIT\databases\luomus_hoverflies_pictures\5\GJ.786.jpg,measurable,measurable,measurable,measurable,non_measurable,non_measurable,measurable,measurable,measurable,measurable,measurable,non_measurable,non_measurable,non_measurable,non_measurable,measurable,measurable,non_measurable,non_measurable,non_measurable,non_measurable,non_measurable,non_measurable,non_measurable,non_measurable,measurable,measurable,2947.648,995.076,334.387,36.232,,,948.48,1336.164,999.212,1277.097,1005.886,,,,,2126.988,2040.759,,,,,,,,,322.525,374.163
C:\Users\tombe\Documents\_MLE\CV-for-GRIT\databases\luomus_hoverflies_pictures\5\GJ.787.jpg,measurable,measurable,measurable,measurable,non_measurable,non_measurable,measurable,measurable,measurable,measurable,measurable,non_measurable,non_measurable,non_measurable,non_measurable,measurable,measurable,non_measurable,non_measurable,non_measurable,non_measurable,non_measurable,non_measurable,non_measurable,non_measurable,non_measurable,non_measurable,2824.733,883.907,291.287,37.729,,,805.097,1269.639,890.743,1263.808,892.783,,,,,1788.667,1921.002,,,,,,,,,,
C:\Users\tombe\Documents\_MLE\CV-for-GRIT\databases\luomus_hoverflies_pictures\5\GJ.788.jpg,measurable,measurable,measurable,measurable,non_measurable,non_measurable,measurable,measurable,measurable,measurable,measurable,non_measurable,non_measurable,non_measurable,non_measurable,measurable,non_measurable,non_measurable,non_measurable,non_measurable,non_measurable,measurable,measurable,non_measurable,non_measurable,measurable,measurable,2503.436,774.586,265.766,11.564,,,690.509,1087.631,742.858,1150.038,697.074,,,,,1659.305,,,,,,262.523,344.846,,,339.431,197.013
C:\Users\tombe\Documents\_MLE\CV-for-GRIT\databases\luomus_hoverflies_pictures\5\GJ.789.jpg,measurable,measurable,measurable,measurable,measurable,measurable,measurable,measurable,measurable,measurable,measurable,non_measurable,non_measurable,non_measurable,non_measurable,measurable,measurable,non_measurable,non_measurable,non_measurable,non_measurable,non_measurable,non_measurable,non_measurable,non_measurable,non_measurable,non_measurable,2545.861,780.175,321.566,181.469,164.064,148.624,708.345,1025.013,770.625,1199.282,660.264,,,,,1662.977,1658.698,,,,,,,,,,
C:\Users\tombe\Documents\_MLE\CV-for-GRIT\databases\luomus_hoverflies_pictures\5\GJ.790.jpg,measurable,measurable,measurable,measurable,non_measurable,measurable,measurable,measurable,measurable,measurable,measurable,non_measurable,non_measurable,non_measurable,non_measurable,measurable,measurable,non_measurable,measurable,non_measurable,non_measurable,non_measurable,non_measurable,non_measurable,non_measurable,measurable,measurable,3034.319,1081.588,346.207,245.288,,188.268,965.472,1474.519,929.715,1213.593,893.911,,,,,2342.387,2306.819,,809.611,,,,,,,274.849,661.024
C:\Users\tombe\Documents\_MLE\CV-for-GRIT\databases\luomus_hoverflies_pictures\5\GJ.791.jpg,measurable,measurable,measurable,measurable,measurable,measurable,measurable,measurable,measurable,measurable,measurable,non_measurable,non_measurable,non_measurable,non_measurable,measurable,measurable,measurable,measurable,non_measurable,non_measurable,non_measurable,non_measurable,non_measurable,non_measurable,non_measurable,non_measurable,2890.044,980.431,346.542,215.122,236.635,159.41,824.496,1244.904,982.603,1298.599,847.945,,,,,2113.784,2110.591,573.239,658.897,,,,,,,,
C:\Users\tombe\Documents\_MLE\CV-for-GRIT\databases\luomus_hoverflies_pictures\5\GJ.908.jpg,measurable,measurable,measurable,measurable,non_measurable,non_measurable,measurable,measurable,measurable,measurable,measurable,non_measurable,non_measurable,non_measurable,non_measurable,measurable,measurable,measurable,measurable,non_measurable,non_measurable,non_measurable,non_measurable,non_measurable,non_measurable,non_measurable,non_measurable,3387.789,975.331,392.425,16.416,,,845.025,1327.896,988.354,1667.468,832.737,,,,,2210.46,2255.49,776.931,703.259,,,,,,,,
C:\Users\tombe\Documents\_MLE\CV-for-GRIT\databases\luomus_hoverflies_pictures\5\GJ.909.jpg,measurable,measurable,measurable,measurable,measurable,measurable,measurable,measurable,measurable,measurable,measurable,non_measurable,non_measurable,non_measurable,non_measurable,measurable,measurable,measurable,measurable,non_measurable,non_measurable,non_measurable,non_measurable,non_measurable,non_measurable,non_measurable,non_measurable,3144.176,906.503,385.145,3.032,152.356,136.046,821.111,1206.679,913.415,1552.351,806.654,,,,,1988.138,1985.363,628.91,699.673,,,,,,,,
C:\Users\tombe\Documents\_MLE\CV-for-GRIT\databases\luomus_hoverflies_pictures\5\GJ.910.jpg,measurable,measurable,measurable,measurable,measurable,measurable,measurable,measurable,measurable,measurable,measurable,non_measurable,non_measurable,non_measurable,non_measurable,measurable,measurable,non_measurable,measurable,non_measurable,non_measurable,non_measurable,non_measurable,non_measurable,non_measurable,non_measurable,non_measurable,3523.637,989.766,428.716,13.488,191.378,116.69,872.245,1381.769,999.522,1713.152,888.009,,,,,2229.577,2283.877,,732.855,,,,,,,,
C:\Users\tombe\Documents\_MLE\CV-for-GRIT\databases\luomus_hoverflies_pictures\5\GJ.911.jpg,measurable,measurable,measurable,measurable,measurable,measurable,measurable,measurable,measurable,measurable,measurable,non_measurable,non_measurable,non_measurable,non_measurable,measurable,measurable,measurable,measurable,non_measurable,non_measurable,non_measurable,non_measurable,non_measurable,non_measurable,non_measurable,non_measurable,3048.874,891.202,398.836,7.916,136.104,133.258,784.651,1211.135,801.041,1438.903,808.534,,,,,1937.762,1936.302,558.208,672.154,,,,,,,,
C:\Users\tombe\Documents\_MLE\CV-for-GRIT\databases\luomus_hoverflies_pictures\5\GJ.912.jpg,measurable,measurable,measurable,measurable,measurable,measurable,measurable,measurable,measurable,measurable,measurable,non_measurable,non_measurable,non_measurable,non_measurable,measurable,measurable,measurable,non_measurable,non_measurable,non_measurable,non_measurable,non_measurable,non_measurable,non_measurable,non_measurable,non_measurable,2512.515,922.631,509.876,184.567,203.616,169.548,795.862,1147.796,843.394,854.842,763.747,,,,,2022.342,2043.416,737.682,,,,,,,,,
C:\Users\tombe\Documents\_MLE\CV-for-GRIT\databases\luomus_hoverflies_pictures\5\GJ.913.jpg,measurable,measurable,measurable,measurable,measurable,measurable,measurable,measurable,measurable,measurable,measurable,non_measurable,non_measurable,non_measurable,non_measurable,measurable,measurable,measurable,measurable,non_measurable,non_measurable,non_measurable,non_measurable,non_measurable,non_measurable,non_measurable,non_measurable,3262.683,896.081,400.956,8.256,167.134,158.899,760.704,1165.61,867.616,1696.117,769.309,,,,,1913.14,1889.382,666.052,706.785,,,,,,,,
C:\Users\tombe\Documents\_MLE\CV-for-GRIT\databases\luomus_hoverflies_pictures\5\GJ.914.jpg,measurable,measurable,measurable,measurable,measurable,measurable,measurable,measurable,measurable,measurable,measurable,non_measurable,non_measurable,non_measurable,non_measurable,measurable,measurable,measurable,non_measurable,non_measurable,non_measurable,non_measurable,non_measurable,non_measurable,non_measurable,non_measurable,non_measurable,3864.172,1116.68,460.439,18.253,169.256,148.015,1073.29,1614.5,1067.676,1789.233,1022.117,,,,,2526.708,2446.06,886.297,,,,,,,,,
C:\Users\tombe\Documents\_MLE\CV-for-GRIT\databases\luomus_hoverflies_pictures\5\GJ.915.jpg,measurable,measurable,measurable,measurable,measurable,measurable,measurable,measurable,measurable,measurable,measurable,non_measurable,non_measurable,non_measurable,non_measurable,measurable,measurable,measurable,non_measurable,non_measurable,non_measurable,non_measurable,non_measurable,non_measurable,non_measurable,non_measurable,non_measurable,4011.489,1165.752,485.809,12.255,220.55,193.551,1138.409,1694.243,1089.488,1831.437,1088.398,,,,,2517.455,2500.974,876.525,,,,,,,,,
C:\Users\tombe\Documents\_MLE\CV-for-GRIT\databases\luomus_hoverflies_pictures\5\GJ.916.jpg,measurable,measurable,measurable,measurable,measurable,measurable,measurable,measurable,measurable,measurable,measurable,non_measurable,non_measurable,non_measurable,non_measurable,measurable,measurable,measurable,measurable,non_measurable,non_measurable,non_measurable,non_measurable,non_measurable,non_measurable,non_measurable,non_measurable,3652.632,1032.839,440.041,8.561,155.2,196.931,965.721,1486.329,802.88,1726.261,957.815,,,,,2356.564,2287.895,813.1,838.002,,,,,,,,
C:\Users\tombe\Documents\_MLE\CV-for-GRIT\databases\luomus_hoverflies_pictures\5\GJ.917.jpg,measurable,measurable,measurable,measurable,non_measurable,non_measurable,measurable,measurable,measurable,measurable,measurable,non_measurable,non_measurable,non_measurable,non_measurable,measurable,measurable,non_measurable,measurable,non_measurable,non_measurable,non_measurable,non_measurable,non_measurable,non_measurable,non_measurable,non_measurable,3800.309,1178.162,483.504,250.283,,,1097.779,1654.528,1093.292,1662.277,1052.011,,,,,2632.419,2680.188,,959.051,,,,,,,,
C:\Users\tombe\Documents\_MLE\CV-for-GRIT\databases\luomus_hoverflies_pictures\5\GJ.920.jpg,measurable,measurable,measurable,measurable,measurable,measurable,measurable,measurable,measurable,measurable,measurable,non_measurable,non_measurable,non_measurable,non_measurable,measurable,measurable,non_measurable,non_measurable,non_measurable,non_measurable,non_measurable,non_measurable,non_measurable,non_measurable,non_measurable,non_measurable,3769.811,1228.249,514.119,122.302,301.343,273.959,1176.897,1616.719,1330.725,1638.973,1243.514,,,,,2831.598,2904.151,,,,,,,,,,
C:\Users\tombe\Documents\_MLE\CV-for-GRIT\databases\luomus_hoverflies_pictures\5\GJ.921.jpg,non_measurable,measurable,measurable,measurable,measurable,measurable,measurable,measurable,measurable,non_measurable,measurable,non_measurable,non_measurable,non_measurable,non_measurable,measurable,measurable,measurable,measurable,non_measurable,non_measurable,non_measurable,non_measurable,non_measurable,non_measurable,non_measurable,non_measurable,,1300.908,460.429,103.787,240.483,175.499,1219.776,1970.203,1105.313,,1453.047,,,,,3138.871,3202.985,1089.391,1111.625,,,,,,,,
C:\Users\tombe\Documents\_MLE\CV-for-GRIT\databases\luomus_hoverflies_pictures\5\GJ.922.jpg,non_measurable,measurable,measurable,non_measurable,measurable,measurable,measurable,measurable,measurable,non_measurable,measurable,non_measurable,non_measurable,non_measurable,non_measurable,measurable,measurable,measurable,measurable,non_measurable,non_measurable,non_measurable,non_measurable,non_measurable,non_measurable,non_measurable,non_measurable,,1271.261,535.008,,320.851,282.344,1117.796,1627.959,1137.51,,1272.669,,,,,2717.925,2690.924,1005.238,1012.598,,,,,,,,
C:\Users\tombe\Documents\_MLE\CV-for-GRIT\databases\luomus_hoverflies_pictures\5\GJ.923.jpg,measurable,measurable,measurable,measurable,measurable,measurable,measurable,measurable,measurable,measurable,measurable,non_measurable,non_measurable,non_measurable,non_measurable,measurable,measurable,non_measurable,non_measurable,non_measurable,non_measurable,non_measurable,non_measurable,non_measurable,non_measurable,non_measurable,non_measurable,3862.061,1364.182,427.883,323.64,229.825,207.516,1235.275,1830.712,1323.737,1603.467,1408.369,,,,,2966.727,2994.79,,,,,,,,,,
C:\Users\tombe\Documents\_MLE\CV-for-GRIT\databases\luomus_hoverflies_pictures\5\GJ.925.jpg,non_measurable,measurable,measurable,measurable,measurable,measurable,measurable,measurable,measurable,non_measurable,measurable,non_measurable,non_measurable,non_measurable,non_measurable,measurable,measurable,non_measurable,non_measurable,non_measurable,non_measurable,non_measurable,non_measurable,non_measurable,non_measurable,non_measurable,non_measurable,,1320.9,550.126,290.235,245.378,305.921,1241.838,1937.011,1373.986,,1223.136,,,,,2732.34,2995.227,,,,,,,,,,
C:\Users\tombe\Documents\_MLE\CV-for-GRIT\databases\luomus_hoverflies_pictures\5\GJ.926.jpg,measurable,measurable,measurable,measurable,non_measurable,non_measurable,measurable,measurable,measurable,measurable,measurable,non_measurable,non_measurable,non_measurable,non_measurable,measurable,measurable,non_measurable,non_measurable,non_measurable,non_measurable,non_measurable,non_measurable,non_measurable,non_measurable,non_measurable,non_measurable,3874.701,1288.359,361.565,307.152,,,1267.911,1548.948,1504.649,1964.188,1290.337,,,,,3013.351,2980.869,,,,,,,,,,
C:\Users\tombe\Documents\_MLE\CV-for-GRIT\databases\luomus_hoverflies_pictures\5\GJ.927.jpg,measurable,measurable,measurable,measurable,non_measurable,non_measurable,measurable,measurable,non_measurable,measurable,measurable,non_measurable,non_measurable,non_measurable,non_measurable,measurable,measurable,measurable,measurable,non_measurable,non_measurable,non_measurable,non_measurable,non_measurable,non_measurable,non_measurable,non_measurable,4078.671,1251.006,407.619,116.551,,,1089.368,1811.879,,1859.173,1333.494,,,,,2854.894,2911.647,1013.114,1103.14,,,,,,,,
C:\Users\tombe\Documents\_MLE\CV-for-GRIT\databases\luomus_hoverflies_pictures\5\GJ.928.jpg,measurable,measurable,measurable,measurable,non_measurable,non_measurable,measurable,measurable,non_measurable,measurable,measurable,non_measurable,non_measurable,non_measurable,non_measurable,measurable,measurable,non_measurable,measurable,non_measurable,non_measurable,non_measurable,non_measurable,non_measurable,non_measurable,non_measurable,non_measurable,4612.612,1322.783,282.014,82.926,,,1210.483,2056.801,,2273.797,1342.515,,,,,3259.064,3255.015,,1113.178,,,,,,,,
C:\Users\tombe\Documents\_MLE\CV-for-GRIT\databases\luomus_hoverflies_pictures\5\GJ.929.jpg,measurable,measurable,measurable,measurable,non_measurable,non_measurable,measurable,measurable,non_measurable,measurable,measurable,non_measurable,non_measurable,non_measurable,non_measurable,measurable,measurable,measurable,non_measurable,non_measurable,non_measurable,non_measurable,non_measurable,non_measurable,non_measurable,non_measurable,non_measurable,4298.211,1380.676,541.684,53.509,,,1277.847,1922.997,,1833.53,1499.878,,,,,2999.018,2897.916,1107.389,,,,,,,,,
C:\Users\tombe\Documents\_MLE\CV-for-GRIT\databases\luomus_hoverflies_pictures\5\GJ.930.jpg,measurable,measurable,measurable,measurable,non_measurable,non_measurable,measurable,measurable,measurable,measurable,measurable,non_measurable,non_measurable,non_measurable,non_measurable,measurable,non_measurable,measurable,non_measurable,non_measurable,non_measurable,non_measurable,non_measurable,non_measurable,non_measurable,non_measurable,non_measurable,3506.851,1208.518,404.995,223.138,,,1181.045,1549.109,1275.336,1552.747,1226.594,,,,,2801.002,,970.047,,,,,,,,,
C:\Users\tombe\Documents\_MLE\CV-for-GRIT\databases\luomus_hoverflies_pictures\5\GJ.931.jpg,measurable,measurable,measurable,measurable,non_measurable,non_measurable,measurable,measurable,non_measurable,measurable,measurable,non_measurable,non_measurable,non_measurable,non_measurable,measurable,measurable,measurable,measurable,non_measurable,non_measurable,non_measurable,non_measurable,non_measurable,non_measurable,non_measurable,non_measurable,3861.792,1123.524,401.53,109.86,,,1004.071,1631.916,,1828.346,1197.919,,,,,2462.966,2427.743,896.609,937.683,,,,,,,,
C:\Users\tombe\Documents\_MLE\CV-for-GRIT\databases\luomus_hoverflies_pictures\5\GJ.932.jpg,measurable,measurable,measurable,measurable,non_measurable,non_measurable,measurable,measurable,measurable,measurable,measurable,non_measurable,non_measurable,non_measurable,non_measurable,measurable,measurable,non_measurable,non_measurable,non_measurable,non_measurable,measurable,measurable,non_measurable,non_measurable,measurable,measurable,2818.452,827.536,229.236,43.882,,,766.415,1271.587,675.459,1317.628,877.293,,,,,1980.632,1892.852,,,,,453.355,536.078,,,469.986,557.044
C:\Users\tombe\Documents\_MLE\CV-for-GRIT\databases\luomus_hoverflies_pictures\5\GJ.937.jpg,measurable,measurable,measurable,measurable,measurable,measurable,measurable,measurable,non_measurable,measurable,measurable,non_measurable,non_measurable,non_measurable,non_measurable,measurable,measurable,measurable,measurable,non_measurable,non_measurable,non_measurable,non_measurable,non_measurable,non_measurable,non_measurable,non_measurable,3471.51,1175.052,461.91,24.605,286.453,225.774,1062.313,1538.656,,1470.944,1080.112,,,,,2303.271,2242.527,808.204,783.909,,,,,,,,
C:\Users\tombe\Documents\_MLE\CV-for-GRIT\databases\luomus_hoverflies_pictures\5\GJ.938.jpg,non_measurable,measurable,measurable,measurable,measurable,measurable,measurable,measurable,non_measurable,non_measurable,measurable,non_measurable,non_measurable,non_measurable,non_measurable,measurable,measurable,non_measurable,non_measurable,non_measurable,non_measurable,non_measurable,non_measurable,non_measurable,non_measurable,non_measurable,non_measurable,,1006.159,410.553,220.704,174.848,257.959,883.26,1209.761,,,836.898,,,,,2113.547,2144.163,,,,,,,,,,
C:\Users\tombe\Documents\_MLE\CV-for-GRIT\databases\luomus_hoverflies_pictures\5\GJ.939.jpg,measurable,measurable,measurable,measurable,measurable,measurable,measurable,measurable,non_measurable,measurable,measurable,non_measurable,non_measurable,non_measurable,non_measurable,measurable,measurable,non_measurable,non_measurable,non_measurable,non_measurable,non_measurable,non_measurable,non_measurable,non_measurable,non_measurable,non_measurable,2909.172,967.365,396.531,14.107,151.281,181.978,822.709,1290.67,,1221.971,916.427,,,,,1862.721,1918.573,,,,,,,,,,
C:\Users\tombe\Documents\_MLE\CV-for-GRIT\databases\luomus_hoverflies_pictures\5\GJ.946.jpg,measurable,measurable,measurable,measurable,non_measurable,non_measurable,measurable,measurable,measurable,measurable,measurable,non_measurable,non_measurable,non_measurable,non_measurable,measurable,measurable,non_measurable,non_measurable,non_measurable,non_measurable,non_measurable,non_measurable,non_measurable,non_measurable,non_measurable,non_measurable,3071.137,916.959,303.732,63.667,,,871.433,1269.964,877.788,1497.441,897.874,,,,,1916.21,2010.095,,,,,,,,,,
C:\Users\tombe\Documents\_MLE\CV-for-GRIT\databases\luomus_hoverflies_pictures\5\GJ.947.jpg,measurable,measurable,measurable,measurable,non_measurable,measurable,measurable,measurable,non_measurable,measurable,measurable,non_measurable,non_measurable,non_measurable,non_measurable,measurable,measurable,measurable,measurable,non_measurable,non_measurable,non_measurable,non_measurable,non_measurable,non_measurable,non_measurable,non_measurable,3422.158,1140.77,483.896,45.997,,218.875,1115.529,1563.163,,1375.1,1103.581,,,,,2043.113,2058.047,653.069,607.826,,,,,,,,
C:\Users\tombe\Documents\_MLE\CV-for-GRIT\databases\luomus_hoverflies_pictures\5\GJ.951.jpg,non_measurable,measurable,measurable,measurable,measurable,measurable,measurable,measurable,measurable,non_measurable,measurable,non_measurable,non_measurable,non_measurable,non_measurable,measurable,measurable,non_measurable,non_measurable,non_measurable,non_measurable,non_measurable,non_measurable,non_measurable,non_measurable,non_measurable,non_measurable,,934.734,424.229,15.146,136.476,182.949,841.85,1200.353,879.778,,864.986,,,,,1912.593,1930.491,,,,,,,,,,
C:\Users\tombe\Documents\_MLE\CV-for-GRIT\databases\luomus_hoverflies_pictures\5\GJ.958.jpg,non_measurable,measurable,measurable,measurable,measurable,measurable,measurable,measurable,non_measurable,non_measurable,measurable,non_measurable,non_measurable,non_measurable,non_measurable,measurable,measurable,non_measurable,non_measurable,non_measurable,non_measurable,non_measurable,non_measurable,non_measurable,non_measurable,non_measurable,non_measurable,,1321.268,526.041,268.094,265.19,276.476,1171.183,1588.328,,,1138.403,,,,,2546.949,2530.88,,,,,,,,,,
C:\Users\tombe\Documents\_MLE\CV-for-GRIT\databases\luomus_hoverflies_pictures\5\GJ.959.jpg,measurable,measurable,measurable,measurable,non_measurable,non_measurable,measurable,measurable,measurable,measurable,measurable,non_measurable,non_measurable,non_measurable,non_measurable,measurable,measurable,non_measurable,non_measurable,non_measurable,non_measurable,non_measurable,non_measurable,non_measurable,non_measurable,non_measurable,non_measurable,3520.976,1080.541,332.701,124.655,,,1118.991,1529.66,1042.396,1658.615,969.943,,,,,2209.236,2221.601,,,,,,,,,,
C:\Users\tombe\Documents\_MLE\CV-for-GRIT\databases\luomus_hoverflies_pictures\5\GJ.960.jpg,non_measurable,measurable,measurable,measurable,measurable,measurable,measurable,measurable,measurable,non_measurable,measurable,non_measurable,non_measurable,non_measurable,non_measurable,non_measurable,measurable,non_measurable,measurable,non_measurable,non_measurable,non_measurable,non_measurable,non_measurable,non_measurable,non_measurable,non_measurable,,958.165,368.967,203.18,207.014,190.135,822.706,1140.852,935.475,,860.397,,,,,,1956.263,,146.185,,,,,,,,
C:\Users\tombe\Documents\_MLE\CV-for-GRIT\databases\luomus_hoverflies_pictures\5\GJ.961.jpg,measurable,measurable,measurable,measurable,non_measurable,non_measurable,measurable,measurable,measurable,measurable,measurable,non_measurable,non_measurable,non_measurable,non_measurable,non_measurable,non_measurable,non_measurable,non_measurable,non_measurable,non_measurable,non_measurable,non_measurable,non_measurable,non_measurable,non_measurable,non_measurable,2856.03,980.064,341.424,47.313,,,905.077,1384.209,939.313,1130.397,906.691,,,,,,,,,,,,,,,,
C:\Users\tombe\Documents\_MLE\CV-for-GRIT\databases\luomus_hoverflies_pictures\5\GJ.962.jpg,measurable,non_measurable,measurable,measurable,non_measurable,non_measurable,measurable,measurable,measurable,measurable,measurable,non_measurable,non_measurable,non_measurable,non_measurable,measurable,measurable,non_measurable,non_measurable,non_measurable,non_measurable,non_measurable,non_measurable,non_measurable,non_measurable,non_measurable,non_measurable,3179.434,,354.416,113.396,,,841.608,1279.318,865.545,1545.7,897.42,,,,,1909.238,1818.865,,,,,,,,,,
C:\Users\tombe\Documents\_MLE\CV-for-GRIT\databases\luomus_hoverflies_pictures\5\GJ.963.jpg,non_measurable,non_measurable,measurable,non_measurable,non_measurable,measurable,measurable,measurable,measurable,non_measurable,measurable,non_measurable,non_measurable,non_measurable,non_measurable,measurable,non_measurable,measurable,non_measurable,non_measurable,non_measurable,non_measurable,non_measurable,non_measurable,non_measurable,non_measurable,non_measurable,,,484.324,,,346.641,968.735,1450.655,1054.309,,1015.115,,,,,2299.068,,695.417,,,,,,,,,
C:\Users\tombe\Documents\_MLE\CV-for-GRIT\databases\luomus_hoverflies_pictures\6\GJ.968.jpg,measurable,non_measurable,measurable,measurable,non_measurable,measurable,measurable,measurable,measurable,measurable,measurable,non_measurable,non_measurable,non_measurable,non_measurable,measurable,measurable,non_measurable,non_measurable,non_measurable,non_measurable,non_measurable,non_measurable,non_measurable,non_measurable,non_measurable,non_measurable,2439.58,,351.073,186.229,,177.927,744.408,1011.26,841.234,1077.247,702.238,,,,,1736.575,1804.314,,,,,,,,,,
C:\Users\tombe\Documents\_MLE\CV-for-GRIT\databases\luomus_hoverflies_pictures\6\GJ.969.jpg,measurable,non_measurable,measurable,measurable,non_measurable,measurable,measurable,measurable,non_measurable,measurable,measurable,non_measurable,non_measurable,non_measurable,non_measurable,measurable,measurable,measurable,measurable,non_measurable,non_measurable,non_measurable,non_measurable,non_measurable,non_measurable,non_measurable,non_measurable,3130.432,,416.994,142.748,,262.469,944.136,1369.101,,1344.337,884.505,,,,,2027.561,1982.804,687.627,663.14,,,,,,,,
C:\Users\tombe\Documents\_MLE\CV-for-GRIT\databases\luomus_hoverflies_pictures\6\GJ.972.jpg,measurable,measurable,measurable,measurable,non_measurable,non_measurable,measurable,measurable,measurable,measurable,measurable,non_measurable,non_measurable,non_measurable,non_measurable,measurable,measurable,non_measurable,non_measurable,non_measurable,non_measurable,non_measurable,non_measurable,non_measurable,non_measurable,non_measurable,non_measurable,2979.085,884.317,341.534,57.382,,,786.105,1132.613,809.83,1504.937,758.562,,,,,1843.57,1869.687,,,,,,,,,,
C:\Users\tombe\Documents\_MLE\CV-for-GRIT\databases\luomus_hoverflies_pictures\6\GJ.973.jpg,measurable,measurable,measurable,measurable,measurable,measurable,measurable,measurable,non_measurable,measurable,measurable,non_measurable,non_measurable,non_measurable,non_measurable,measurable,measurable,non_measurable,measurable,non_measurable,non_measurable,non_measurable,non_measurable,non_measurable,non_measurable,non_measurable,non_measurable,2813.1,926.328,371.768,14.528,103.411,177.045,827.1,1189.605,,1251.728,812.059,,,,,1884.709,1859.069,,663.277,,,,,,,,
C:\Users\tombe\Documents\_MLE\CV-for-GRIT\databases\luomus_hoverflies_pictures\6\GJ.975.jpg,measurable,measurable,measurable,measurable,measurable,measurable,measurable,measurable,non_measurable,measurable,measurable,non_measurable,non_measurable,non_measurable,non_measurable,measurable,measurable,non_measurable,measurable,non_measurable,non_measurable,non_measurable,non_measurable,non_measurable,non_measurable,non_measurable,non_measurable,3257.845,995.131,320.765,57.469,109.241,102.876,896.594,1367.81,,1569.27,890.272,,,,,2073.955,2077.366,,680.84,,,,,,,,
C:\Users\tombe\Documents\_MLE\CV-for-GRIT\databases\luomus_hoverflies_pictures\6\GJ.976.jpg,measurable,measurable,measurable,measurable,measurable,measurable,measurable,measurable,non_measurable,measurable,measurable,non_measurable,non_measurable,non_measurable,non_measurable,measurable,measurable,measurable,measurable,non_measurable,non_measurable,non_measurable,non_measurable,non_measurable,non_measurable,non_measurable,non_measurable,2495.421,1079.451,375.423,242.485,206.324,191.688,899.899,1296.547,,823.452,863.023,,,,,2110.294,2090.914,763.506,748.035,,,,,,,,
C:\Users\tombe\Documents\_MLE\CV-for-GRIT\databases\luomus_hoverflies_pictures\6\GJ.977.jpg,measurable,measurable,measurable,measurable,non_measurable,measurable,measurable,measurable,non_measurable,measurable,measurable,non_measurable,non_measurable,non_measurable,non_measurable,measurable,measurable,non_measurable,non_measurable,non_measurable,non_measurable,non_measurable,non_measurable,non_measurable,non_measurable,non_measurable,non_measurable,3872.633,1185.658,387.016,60.791,,205.08,1100.057,1592.003,,1893.613,1131.119,,,,,2393.727,2504.887,,,,,,,,,,
C:\Users\tombe\Documents\_MLE\CV-for-GRIT\databases\luomus_hoverflies_pictures\6\GL.6834.jpg,measurable,measurable,measurable,measurable,measurable,measurable,measurable,measurable,measurable,measurable,measurable,non_measurable,non_measurable,non_measurable,non_measurable,measurable,measurable,measurable,measurable,non_measurable,non_measurable,measurable,measurable,non_measurable,non_measurable,measurable,measurable,1539.991,534.711,220.358,136.797,35.826,37.897,488.995,676.425,609.303,643.208,489.083,,,,,1242.462,1252.092,412.883,408.405,,,336.219,390.407,,,334.326,409.771
C:\Users\tombe\Documents\_MLE\CV-for-GRIT\databases\luomus_hoverflies_pictures\6\GM.18863.jpg,non_measurable,measurable,measurable,measurable,non_measurable,non_measurable,measurable,measurable,measurable,non_measurable,measurable,non_measurable,non_measurable,non_measurable,non_measurable,measurable,measurable,measurable,measurable,non_measurable,non_measurable,non_measurable,non_measurable,non_measurable,non_measurable,non_measurable,non_measurable,,1695.417,682.641,565.677,,,1428.229,1699.145,1655.148,,1439.024,,,,,3615.812,3613.398,1294.507,1256.311,,,,,,,,
C:\Users\tombe\Documents\_MLE\CV-for-GRIT\databases\luomus_hoverflies_pictures\6\GV.12822.jpg,measurable,measurable,measurable,measurable,measurable,measurable,measurable,measurable,measurable,measurable,measurable,non_measurable,non_measurable,non_measurable,non_measurable,measurable,measurable,measurable,measurable,non_measurable,non_measurable,measurable,measurable,non_measurable,non_measurable,measurable,measurable,2820.457,890.991,520.032,270.654,130.3,111.94,766.448,1052.05,997.966,1248.376,814.844,,,,,2349.381,2285.3,840.542,788.926,,,599.829,318.56,,,623.374,470.783
C:\Users\tombe\Documents\_MLE\CV-for-GRIT\databases\luomus_hoverflies_pictures\6\GV.14188.jpg,measurable,measurable,measurable,measurable,measurable,measurable,measurable,measurable,measurable,measurable,measurable,non_measurable,non_measurable,non_measurable,non_measurable,measurable,measurable,non_measurable,non_measurable,non_measurable,non_measurable,measurable,measurable,non_measurable,non_measurable,measurable,measurable,2329.617,727.193,275.945,1.565,112.182,105.744,690.227,914.323,709.523,1139.349,690.674,,,,,2011.378,2041.041,,,,,554.107,532.395,,,548.313,530.883
C:\Users\tombe\Documents\_MLE\CV-for-GRIT\databases\luomus_hoverflies_pictures\6\GV.14203.jpg,measurable,non_measurable,measurable,measurable,non_measurable,measurable,measurable,measurable,measurable,measurable,measurable,non_measurable,non_measurable,non_measurable,non_measurable,measurable,measurable,non_measurable,non_measurable,non_measurable,non_measurable,measurable,measurable,non_measurable,non_measurable,measurable,measurable,2283.43,,315.618,2.414,,139.284,622.971,771.617,523.103,1196.194,606.236,,,,,1556.224,1641.07,,,,,290.548,474.772,,,412.455,369.065
C:\Users\tombe\Documents\_MLE\CV-for-GRIT\databases\luomus_hoverflies_pictures\6\GV.14723.jpg,measurable,measurable,measurable,measurable,non_measurable,measurable,measurable,measurable,measurable,measurable,measurable,non_measurable,non_measurable,non_measurable,non_measurable,non_measurable,non_measurable,non_measurable,non_measurable,non_measurable,non_measurable,measurable,measurable,non_measurable,non_measurable,non_measurable,non_measurable,1889.539,657.716,222.04,67.159,,96.388,595.419,842.948,789.011,824.551,622.337,,,,,,,,,,,447.009,306.809,,,,
C:\Users\tombe\Documents\_MLE\CV-for-GRIT\databases\luomus_hoverflies_pictures\6\GV.14731.jpg,measurable,measurable,measurable,measurable,measurable,measurable,measurable,measurable,measurable,measurable,measurable,non_measurable,non_measurable,non_measurable,non_measurable,non_measurable,non_measurable,non_measurable,measurable,non_measurable,non_measurable,non_measurable,non_measurable,non_measurable,non_measurable,measurable,measurable,2235.78,679.982,236.943,176.526,68.622,76.535,568.629,907.762,678.639,1091.075,532.468,,,,,,,,199.234,,,,,,,431.159,486.333
C:\Users\tombe\Documents\_MLE\CV-for-GRIT\databases\luomus_hoverflies_pictures\6\GV.37456.jpg,measurable,measurable,measurable,measurable,measurable,measurable,measurable,measurable,measurable,measurable,measurable,non_measurable,non_measurable,non_measurable,non_measurable,measurable,measurable,measurable,non_measurable,non_measurable,non_measurable,non_measurable,non_measurable,non_measurable,non_measurable,non_measurable,non_measurable,2051.368,674.527,350.569,3.478,111.589,132.002,586.102,831.154,509.713,869.644,687.93,,,,,2041.326,2018.122,510.98,,,,,,,,,
C:\Users\tombe\Documents\_MLE\CV-for-GRIT\databases\luomus_hoverflies_pictures\6\GV.37459.jpg,measurable,measurable,measurable,measurable,measurable,measurable,measurable,measurable,measurable,measurable,measurable,non_measurable,non_measurable,non_measurable,non_measurable,measurable,measurable,measurable,measurable,non_measurable,non_measurable,measurable,measurable,non_measurable,non_measurable,measurable,measurable,1919.615,617.097,274.339,153.594,100.437,114.636,513.831,805.374,691.327,839.902,505.737,,,,,1812.697,1801.645,554.69,590.083,,,419.863,386.838,,,373.163,317.351
C:\Users\tombe\Documents\_MLE\CV-for-GRIT\databases\luomus_hoverflies_pictures\6\GV.37482.jpg,measurable,measurable,measurable,measurable,non_measurable,measurable,measurable,measurable,measurable,measurable,measurable,non_measurable,non_measurable,non_measurable,non_measurable,measurable,measurable,non_measurable,non_measurable,non_measurable,non_measurable,non_measurable,non_measurable,non_measurable,non_measurable,measurable,measurable,2588.271,774.163,356.072,6.617,,104.748,668.303,1021.323,675.322,1210.876,612.157,,,,,2056.166,2079.465,,,,,,,,,459.223,456.751
C:\Users\tombe\Documents\_MLE\CV-for-GRIT\databases\luomus_hoverflies_pictures\6\GV.42902.jpg,measurable,measurable,measurable,measurable,measurable,measurable,measurable,measurable,measurable,measurable,measurable,non_measurable,non_measurable,non_measurable,non_measurable,measurable,measurable,non_measurable,non_measurable,non_measurable,non_measurable,non_measurable,non_measurable,non_measurable,non_measurable,non_measurable,non_measurable,2412.884,667.713,352.086,177.189,47.655,58.319,578.492,873.645,699.087,1187.153,542.35,,,,,1719.079,1748.55,,,,,,,,,,
C:\Users\tombe\Documents\_MLE\CV-for-GRIT\databases\luomus_hoverflies_pictures\6\GV.42964.jpg,non_measurable,measurable,measurable,measurable,measurable,measurable,measurable,measurable,non_measurable,non_measurable,measurable,non_measurable,non_measurable,non_measurable,non_measurable,measurable,measurable,measurable,non_measurable,non_measurable,non_measurable,non_measurable,non_measurable,non_measurable,non_measurable,non_measurable,non_measurable,,938.251,424.717,216.229,97.869,63.259,847.989,1327.967,,,828.317,,,,,2580.012,2538.106,999.951,,,,,,,,,
C:\Users\tombe\Documents\_MLE\CV-for-GRIT\databases\luomus_hoverflies_pictures\6\GV.42970.jpg,measurable,measurable,measurable,measurable,measurable,measurable,measurable,measurable,non_measurable,measurable,measurable,non_measurable,non_measurable,non_measurable,non_measurable,measurable,measurable,non_measurable,non_measurable,non_measurable,non_measurable,non_measurable,non_measurable,non_measurable,non_measurable,non_measurable,non_measurable,2633.903,866.344,388.939,213.26,161.518,123.649,687.399,1068.986,,1175.979,652.843,,,,,2268.284,2294.299,,,,,,,,,,
C:\Users\tombe\Documents\_MLE\CV-for-GRIT\databases\luomus_hoverflies_pictures\6\GV.50738.jpg,non_measurable,measurable,measurable,measurable,non_measurable,non_measurable,measurable,measurable,measurable,non_measurable,measurable,non_measurable,non_measurable,non_measurable,non_measurable,non_measurable,non_measurable,non_measurable,non_measurable,non_measurable,non_measurable,non_measurable,non_measurable,non_measurable,non_measurable,non_measurable,non_measurable,,1404.561,620.493,310.177,,,1223.37,1566.369,1507.709,,1066.842,,,,,,,,,,,,,,,,
C:\Users\tombe\Documents\_MLE\CV-for-GRIT\databases\luomus_hoverflies_pictures\6\GV.54586.jpg,non_measurable,measurable,measurable,measurable,non_measurable,non_measurable,measurable,measurable,measurable,non_measurable,measurable,non_measurable,non_measurable,non_measurable,non_measurable,non_measurable,non_measurable,non_measurable,non_measurable,non_measurable,non_measurable,non_measurable,non_measurable,non_measurable,non_measurable,non_measurable,non_measurable,,744.606,233.76,169.136,,,576.679,877.628,1019.568,,760.202,,,,,,,,,,,,,,,,
C:\Users\tombe\Documents\_MLE\CV-for-GRIT\databases\luomus_hoverflies_pictures\6\GV.55328.jpg,measurable,measurable,measurable,measurable,measurable,measurable,measurable,measurable,measurable,measurable,measurable,non_measurable,non_measurable,non_measurable,non_measurable,measurable,measurable,measurable,measurable,non_measurable,non_measurable,measurable,measurable,non_measurable,non_measurable,measurable,measurable,1676.564,514.399,238.04,138.076,118.525,121.153,421.925,567.507,427.042,871.017,411.423,,,,,1656.925,1729.673,523.478,498.773,,,404.995,444.147,,,374.841,418.871
C:\Users\tombe\Documents\_MLE\CV-for-GRIT\databases\luomus_hoverflies_pictures\6\GV.79386.jpg,measurable,measurable,measurable,measurable,measurable,measurable,measurable,measurable,measurable,measurable,measurable,non_measurable,non_measurable,non_measurable,non_measurable,non_measurable,measurable,non_measurable,measurable,non_measurable,non_measurable,non_measurable,non_measurable,non_measurable,non_measurable,non_measurable,non_measurable,1628.956,506.826,199.094,128.308,107.915,129.149,365.215,621.048,615.723,808.815,423.725,,,,,,1383.439,,449.846,,,,,,,,
C:\Users\tombe\Documents\_MLE\CV-for-GRIT\databases\luomus_hoverflies_pictures\6\GV.8146.jpg,non_measurable,measurable,measurable,measurable,non_measurable,non_measurable,measurable,measurable,measurable,non_measurable,measurable,non_measurable,non_measurable,non_measurable,non_measurable,measurable,measurable,measurable,non_measurable,non_measurable,non_measurable,non_measurable,non_measurable,non_measurable,non_measurable,non_measurable,non_measurable,,893.736,265.955,16.73,,,757.579,1129.78,979.97,,824.058,,,,,2011.576,2017.901,674.292,,,,,,,,,
C:\Users\tombe\Documents\_MLE\CV-for-GRIT\databases\luomus_hoverflies_pictures\6\GV.82969.jpg,non_measurable,measurable,measurable,measurable,measurable,non_measurable,measurable,measurable,measurable,non_measurable,measurable,non_measurable,non_measurable,non_measurable,non_measurable,measurable,non_measurable,measurable,measurable,non_measurable,non_measurable,measurable,measurable,non_measurable,non_measurable,measurable,measurable,,747.004,303.511,240.989,121.723,,677.112,971.362,924.254,,636.135,,,,,2025.525,,770.475,696.216,,,512.827,488.265,,,526.015,530.152
C:\Users\tombe\Documents\_MLE\CV-for-GRIT\databases\luomus_hoverflies_pictures\6\GV.87095.jpg,non_measurable,measurable,measurable,measurable,measurable,measurable,measurable,measurable,non_measurable,non_measurable,measurable,non_measurable,non_measurable,non_measurable,non_measurable,measurable,measurable,non_measurable,non_measurable,non_measurable,non_measurable,non_measurable,non_measurable,non_measurable,non_measurable,non_measurable,non_measurable,,1176.162,587.074,286.757,88.687,71.354,1014.931,1300.306,,,938.863,,,,,2397.367,2351.35,,,,,,,,,,
C:\Users\tombe\Documents\_MLE\CV-for-GRIT\databases\luomus_hoverflies_pictures\6\GV.9096.jpg,measurable,measurable,measurable,measurable,measurable,measurable,measurable,measurable,measurable,measurable,measurable,non_measurable,non_measurable,non_measurable,non_measurable,measurable,measurable,non_measurable,non_measurable,non_measurable,non_measurable,non_measurable,non_measurable,non_measurable,non_measurable,non_measurable,non_measurable,2024.791,655.137,317.74,122.586,158.103,153.63,477.555,811.352,811.641,895.699,581.011,,,,,1826.794,1790.762,,,,,,,,,,
C:\Users\tombe\Documents\_MLE\CV-for-GRIT\databases\luomus_hoverflies_pictures\6\GV.95146.jpg,measurable,measurable,measurable,measurable,measurable,measurable,measurable,measurable,non_measurable,measurable,measurable,non_measurable,non_measurable,non_measurable,non_measurable,measurable,measurable,non_measurable,non_measurable,non_measurable,non_measurable,non_measurable,non_measurable,non_measurable,non_measurable,non_measurable,non_measurable,2736.12,810.988,276.594,14.852,103.776,111.823,740.393,1060.471,,1399.054,758.711,,,,,2051.76,2477.801,,,,,,,,,,
C:\Users\tombe\Documents\_MLE\CV-for-GRIT\databases\luomus_hoverflies_pictures\6\GV.95151.jpg,measurable,measurable,measurable,measurable,measurable,measurable,measurable,measurable,measurable,measurable,measurable,non_measurable,non_measurable,non_measurable,non_measurable,measurable,measurable,non_measurable,non_measurable,non_measurable,non_measurable,non_measurable,non_measurable,non_measurable,non_measurable,non_measurable,non_measurable,2804.261,928.669,380.913,189.632,98.53,87.888,836.383,1119.976,1132.413,1303.372,756.469,,,,,2382.645,2374.269,,,,,,,,,,
C:\Users\tombe\Documents\_MLE\CV-for-GRIT\databases\luomus_hoverflies_pictures\6\GV.95163.jpg,measurable,measurable,measurable,measurable,measurable,measurable,measurable,measurable,measurable,measurable,measurable,non_measurable,non_measurable,non_measurable,non_measurable,measurable,measurable,measurable,measurable,non_measurable,non_measurable,measurable,measurable,non_measurable,non_measurable,non_measurable,non_measurable,3906.794,1156.925,750.727,250.789,160.035,159.849,1000.559,1401.929,1266.842,1754.138,1035.147,,,,,3623.776,3701.337,1216.469,1307.466,,,921.23,783.319,,,,
C:\Users\tombe\Documents\_MLE\CV-for-GRIT\databases\luomus_hoverflies_pictures\6\GV.95245.jpg,non_measurable,non_measurable,measurable,measurable,measurable,measurable,measurable,measurable,measurable,non_measurable,measurable,non_measurable,non_measurable,non_measurable,non_measurable,measurable,measurable,measurable,measurable,non_measurable,non_measurable,measurable,measurable,non_measurable,non_measurable,non_measurable,measurable,,,487.738,145.8,141.56,101.191,788.98,1033.926,1037.731,,815.338,,,,,2360.569,2419.315,848.327,881.099,,,648.912,586.701,,,,687.421
C:\Users\tombe\Documents\_MLE\CV-for-GRIT\databases\luomus_hoverflies_pictures\6\GV.95257.jpg,measurable,measurable,measurable,measurable,measurable,measurable,measurable,measurable,measurable,measurable,measurable,non_measurable,non_measurable,non_measurable,non_measurable,measurable,measurable,measurable,measurable,non_measurable,non_measurable,measurable,measurable,non_measurable,non_measurable,measurable,measurable,3729.314,1184.23,756.638,578.999,126.111,114.269,1102.63,993.063,1165.764,1979.612,1264.673,,,,,3193.298,3176.892,1075.126,1045.428,,,819.261,849.445,,,680.679,824.98
C:\Users\tombe\Documents\_MLE\CV-for-GRIT\databases\luomus_hoverflies_pictures\6\HP.1.jpg,measurable,non_measurable,measurable,non_measurable,measurable,measurable,measurable,measurable,measurable,measurable,measurable,non_measurable,non_measurable,non_measurable,non_measurable,measurable,measurable,non_measurable,non_measurable,non_measurable,non_measurable,non_measurable,non_measurable,non_measurable,non_measurable,non_measurable,non_measurable,2422.655,,287.004,,79.576,112.743,404.547,594.549,315.004,1541.102,401.743,,,,,1461.474,1495.239,,,,,,,,,,
C:\Users\tombe\Documents\_MLE\CV-for-GRIT\databases\luomus_hoverflies_pictures\6\HP.10.jpg,measurable,measurable,measurable,measurable,measurable,measurable,measurable,measurable,measurable,measurable,measurable,non_measurable,non_measurable,non_measurable,non_measurable,measurable,measurable,non_measurable,non_measurable,non_measurable,non_measurable,non_measurable,non_measurable,non_measurable,non_measurable,non_measurable,non_measurable,1210.415,421.891,186.902,136.947,44.794,53.723,396.839,520.079,413.53,503.434,373.044,,,,,1053.807,1106.575,,,,,,,,,,
C:\Users\tombe\Documents\_MLE\CV-for-GRIT\databases\luomus_hoverflies_pictures\6\HP.11.jpg,measurable,non_measurable,measurable,non_measurable,measurable,measurable,measurable,measurable,measurable,measurable,measurable,non_measurable,non_measurable,non_measurable,non_measurable,measurable,non_measurable,measurable,non_measurable,non_measurable,non_measurable,non_measurable,non_measurable,non_measurable,non_measurable,non_measurable,non_measurable,1416.396,,312.786,,130.226,120.318,373.502,495.754,540.346,607.856,402.737,,,,,1268.735,,342.403,,,,,,,,,
C:\Users\tombe\Documents\_MLE\CV-for-GRIT\databases\luomus_hoverflies_pictures\6\HP.114.jpg,non_measurable,non_measurable,measurable,non_measurable,non_measurable,non_measurable,measurable,measurable,measurable,non_measurable,measurable,non_measurable,non_measurable,non_measurable,non_measurable,measurable,measurable,non_measurable,non_measurable,non_measurable,non_measurable,non_measurable,non_measurable,non_measurable,non_measurable,non_measurable,non_measurable,,,283.123,,,,590.157,707.591,744.541,,557.631,,,,,1477.419,1495.702,,,,,,,,,,
C:\Users\tombe\Documents\_MLE\CV-for-GRIT\databases\luomus_hoverflies_pictures\6\HP.12.jpg,non_measurable,measurable,measurable,measurable,measurable,measurable,measurable,measurable,measurable,non_measurable,measurable,non_measurable,non_measurable,non_measurable,non_measurable,measurable,non_measurable,measurable,non_measurable,non_measurable,non_measurable,non_measurable,non_measurable,non_measurable,non_measurable,non_measurable,non_measurable,,495.856,238.533,110.906,89.161,110.417,373.773,581.432,570.339,,426.938,,,,,1354.155,,383.445,,,,,,,,,
C:\Users\tombe\Documents\_MLE\CV-for-GRIT\databases\luomus_hoverflies_pictures\6\HP.13.jpg,measurable,measurable,measurable,non_measurable,measurable,measurable,measurable,measurable,measurable,measurable,measurable,non_measurable,non_measurable,non_measurable,non_measurable,non_measurable,non_measurable,non_measurable,non_measurable,non_measurable,non_measurable,non_measurable,non_measurable,non_measurable,non_measurable,non_measurable,non_measurable,1621.454,479.704,260.787,,93.642,104.74,395.472,625.26,472.017,735.407,427.181,,,,,,,,,,,,,,,,
C:\Users\tombe\Documents\_MLE\CV-for-GRIT\databases\luomus_hoverflies_pictures\6\HP.14.jpg,non_measurable,measurable,measurable,measurable,measurable,measurable,measurable,measurable,measurable,non_measurable,measurable,non_measurable,non_measurable,non_measurable,non_measurable,non_measurable,non_measurable,non_measurable,non_measurable,non_measurable,non_measurable,non_measurable,non_measurable,non_measurable,non_measurable,non_measurable,non_measurable,,688.255,315.552,152.794,194.346,193.303,595.872,747.056,746.364,,605.776,,,,,,,,,,,,,,,,
C:\Users\tombe\Documents\_MLE\CV-for-GRIT\databases\luomus_hoverflies_pictures\6\HP.15.jpg,non_measurable,measurable,non_measurable,non_measurable,non_measurable,non_measurable,measurable,measurable,measurable,measurable,measurable,non_measurable,non_measurable,non_measurable,non_measurable,non_measurable,measurable,non_measurable,non_measurable,non_measurable,non_measurable,non_measurable,non_measurable,non_measurable,non_measurable,non_measurable,non_measurable,,553.236,,,,,447.264,627.93,710.066,765.645,414.983,,,,,,1354.119,,,,,,,,,,
C:\Users\tombe\Documents\_MLE\CV-for-GRIT\databases\luomus_hoverflies_pictures\6\HP.16.jpg,measurable,measurable,measurable,measurable,non_measurable,non_measurable,measurable,measurable,measurable,measurable,measurable,non_measurable,non_measurable,non_measurable,non_measurable,non_measurable,non_measurable,non_measurable,non_measurable,non_measurable,non_measurable,non_measurable,non_measurable,non_measurable,non_measurable,non_measurable,non_measurable,1271.539,424.978,150.407,113.574,,,286.099,518.515,411.153,602.617,304.619,,,,,,,,,,,,,,,,
C:\Users\tombe\Documents\_MLE\CV-for-GRIT\databases\luomus_hoverflies_pictures\6\HP.17.jpg,non_measurable,measurable,measurable,measurable,measurable,measurable,measurable,measurable,measurable,non_measurable,measurable,non_measurable,non_measurable,non_measurable,non_measurable,measurable,measurable,non_measurable,non_measurable,non_measurable,non_measurable,non_measurable,non_measurable,non_measurable,non_measurable,non_measurable,non_measurable,,469.964,178.866,78.678,61.58,76.725,354.333,590.836,581.328,,403.426,,,,,1331.663,1345.213,,,,,,,,,,
C:\Users\tombe\Documents\_MLE\CV-for-GRIT\databases\luomus_hoverflies_pictures\6\HP.18.jpg,measurable,measurable,measurable,measurable,non_measurable,measurable,measurable,measurable,measurable,measurable,measurable,non_measurable,non_measurable,non_measurable,non_measurable,non_measurable,non_measurable,non_measurable,non_measurable,non_measurable,non_measurable,non_measurable,non_measurable,non_measurable,non_measurable,non_measurable,non_measurable,2677.197,714.729,238.435,200.381,,129.303,591.342,869.105,463.975,1569.658,498.313,,,,,,,,,,,,,,,,
C:\Users\tombe\Documents\_MLE\CV-for-GRIT\databases\luomus_hoverflies_pictures\6\HP.19.jpg,measurable,measurable,measurable,non_measurable,non_measurable,non_measurable,measurable,measurable,measurable,measurable,measurable,non_measurable,non_measurable,non_measurable,non_measurable,measurable,measurable,non_measurable,non_measurable,non_measurable,non_measurable,non_measurable,non_measurable,non_measurable,non_measurable,non_measurable,non_measurable,1129.008,287.487,123.181,,,,231.083,391.227,297.569,614.6,233.928,,,,,744.561,734.054,,,,,,,,,,
C:\Users\tombe\Documents\_MLE\CV-for-GRIT\databases\luomus_hoverflies_pictures\6\HP.2.jpg,measurable,measurable,measurable,measurable,measurable,measurable,measurable,measurable,measurable,measurable,measurable,non_measurable,non_measurable,non_measurable,non_measurable,measurable,measurable,non_measurable,non_measurable,non_measurable,non_measurable,non_measurable,non_measurable,non_measurable,non_measurable,non_measurable,non_measurable,1406.247,399.791,186.338,0.791,97.094,97.706,291.071,465.553,256.649,754.357,276.777,,,,,1090.506,976.494,,,,,,,,,,
C:\Users\tombe\Documents\_MLE\CV-for-GRIT\databases\luomus_hoverflies_pictures\6\HP.205.jpg,non_measurable,measurable,non_measurable,measurable,non_measurable,non_measurable,measurable,measurable,measurable,measurable,measurable,non_measurable,non_measurable,non_measurable,non_measurable,measurable,measurable,non_measurable,measurable,non_measurable,non_measurable,non_measurable,non_measurable,non_measurable,non_measurable,non_measurable,non_measurable,,487.427,,117.508,,,418.549,500.343,515.149,841.48,426.89,,,,,1265.414,1284.791,,519.047,,,,,,,,
C:\Users\tombe\Documents\_MLE\CV-for-GRIT\databases\luomus_hoverflies_pictures\6\HP.206.jpg,non_measurable,measurable,non_measurable,measurable,non_measurable,non_measurable,measurable,measurable,measurable,non_measurable,measurable,non_measurable,non_measurable,non_measurable,non_measurable,non_measurable,measurable,non_measurable,non_measurable,non_measurable,non_measurable,non_measurable,non_measurable,non_measurable,non_measurable,non_measurable,non_measurable,,948.638,,292.671,,,744.13,1171.605,1261.884,,756.102,,,,,,2392.608,,,,,,,,,,
C:\Users\tombe\Documents\_MLE\CV-for-GRIT\databases\luomus_hoverflies_pictures\6\HP.207.jpg,non_measurable,measurable,measurable,measurable,measurable,measurable,measurable,measurable,measurable,non_measurable,measurable,non_measurable,non_measurable,non_measurable,non_measurable,measurable,measurable,non_measurable,non_measurable,non_measurable,non_measurable,non_measurable,non_measurable,non_measurable,non_measurable,non_measurable,non_measurable,,712.72,225.979,238.004,131.36,77.647,585.896,1049.438,773.507,,587.927,,,,,1776.086,1971.329,,,,,,,,,,
C:\Users\tombe\Documents\_MLE\CV-for-GRIT\databases\luomus_hoverflies_pictures\6\HP.21.jpg,non_measurable,measurable,measurable,measurable,non_measurable,non_measurable,measurable,measurable,measurable,non_measurable,measurable,non_measurable,non_measurable,non_measurable,non_measurable,non_measurable,non_measurable,non_measurable,non_measurable,non_measurable,non_measurable,non_measurable,non_measurable,non_measurable,non_measurable,non_measurable,non_measurable,,411.719,120.428,91.414,,,397.287,557.321,558.613,,380.288,,,,,,,,,,,,,,,,
C:\Users\tombe\Documents\_MLE\CV-for-GRIT\databases\luomus_hoverflies_pictures\6\HP.217.jpg,measurable,measurable,measurable,measurable,measurable,measurable,measurable,measurable,measurable,measurable,measurable,non_measurable,non_measurable,non_measurable,non_measurable,measurable,measurable,non_measurable,non_measurable,non_measurable,non_measurable,non_measurable,non_measurable,non_measurable,non_measurable,non_measurable,non_measurable,1953.135,651.694,289.119,187.074,72.145,95.509,564.287,773.853,768.262,890.163,494.553,,,,,1464.191,1517.561,,,,,,,,,,
C:\Users\tombe\Documents\_MLE\CV-for-GRIT\databases\luomus_hoverflies_pictures\6\HP.218.jpg,measurable,non_measurable,measurable,measurable,measurable,non_measurable,measurable,measurable,measurable,measurable,measurable,non_measurable,non_measurable,non_measurable,non_measurable,measurable,measurable,non_measurable,non_measurable,non_measurable,non_measurable,non_measurable,non_measurable,non_measurable,non_measurable,non_measurable,non_measurable,1600.738,,200.492,4.797,95.171,,487.519,669.144,632.041,731.103,501.442,,,,,1238.993,1179.74,,,,,,,,,,
C:\Users\tombe\Documents\_MLE\CV-for-GRIT\databases\luomus_hoverflies_pictures\6\HP.219.jpg,non_measurable,measurable,non_measurable,measurable,non_measurable,non_measurable,measurable,measurable,non_measurable,measurable,measurable,non_measurable,non_measurable,non_measurable,non_measurable,non_measurable,measurable,non_measurable,measurable,non_measurable,non_measurable,non_measurable,non_measurable,non_measurable,non_measurable,non_measurable,non_measurable,,614.995,,199.268,,,508.561,655.372,,771.606,466.691,,,,,,1296.619,,487.941,,,,,,,,
C:\Users\tombe\Documents\_MLE\CV-for-GRIT\databases\luomus_hoverflies_pictures\6\HP.22.jpg,non_measurable,non_measurable,measurable,non_measurable,non_measurable,measurable,measurable,measurable,non_measurable,non_measurable,measurable,non_measurable,non_measurable,non_measurable,non_measurable,measurable,measurable,non_measurable,non_measurable,non_measurable,non_measurable,non_measurable,non_measurable,non_measurable,non_measurable,non_measurable,non_measurable,,,140.377,,,82.716,300.898,402.885,,,284.982,,,,,1116.362,1112.025,,,,,,,,,,
C:\Users\tombe\Documents\_MLE\CV-for-GRIT\databases\luomus_hoverflies_pictures\6\HP.220.jpg,non_measurable,measurable,measurable,measurable,measurable,measurable,measurable,measurable,measurable,non_measurable,measurable,non_measurable,non_measurable,non_measurable,non_measurable,non_measurable,non_measurable,non_measurable,non_measurable,non_measurable,non_measurable,non_measurable,non_measurable,non_measurable,non_measurable,non_measurable,non_measurable,,815.395,260.523,233.381,70.352,79.163,711.059,948.407,1013.006,,661.283,,,,,,,,,,,,,,,,
C:\Users\tombe\Documents\_MLE\CV-for-GRIT\databases\luomus_hoverflies_pictures\6\HP.221.jpg,non_measurable,measurable,non_measurable,measurable,non_measurable,non_measurable,measurable,measurable,measurable,non_measurable,measurable,non_measurable,non_measurable,non_measurable,non_measurable,measurable,measurable,non_measurable,non_measurable,non_measurable,non_measurable,non_measurable,non_measurable,non_measurable,non_measurable,non_measurable,non_measurable,,815.718,,105.761,,,746.205,1261.555,1198.414,,798.509,,,,,2046.227,2019.185,,,,,,,,,,
C:\Users\tombe\Documents\_MLE\CV-for-GRIT\databases\luomus_hoverflies_pictures\6\HP.222.jpg,measurable,measurable,measurable,non_measurable,measurable,measurable,measurable,measurable,measurable,measurable,measurable,non_measurable,non_measurable,non_measurable,non_measurable,measurable,measurable,non_measurable,non_measurable,non_measurable,non_measurable,non_measurable,non_measurable,non_measurable,non_measurable,non_measurable,non_measurable,1588.013,525.64,220.956,,123.544,129.185,393.578,608.105,632.131,758.952,387.237,,,,,1245.725,1269.339,,,,,,,,,,
C:\Users\tombe\Documents\_MLE\CV-for-GRIT\databases\luomus_hoverflies_pictures\6\HP.223.jpg,non_measurable,measurable,non_measurable,measurable,measurable,measurable,measurable,measurable,measurable,non_measurable,measurable,non_measurable,non_measurable,non_measurable,non_measurable,non_measurable,measurable,non_measurable,non_measurable,non_measurable,non_measurable,non_measurable,non_measurable,non_measurable,non_measurable,non_measurable,non_measurable,,578.462,,52.039,63.23,44.578,522.934,715.233,732.312,,515.404,,,,,,1187.159,,,,,,,,,,
C:\Users\tombe\Documents\_MLE\CV-for-GRIT\databases\luomus_hoverflies_pictures\6\HP.224.jpg,measurable,measurable,measurable,measurable,measurable,measurable,measurable,measurable,measurable,measurable,measurable,non_measurable,non_measurable,non_measurable,non_measurable,non_measurable,non_measurable,non_measurable,non_measurable,non_measurable,non_measurable,non_measurable,non_measurable,non_measurable,non_measurable,non_measurable,non_measurable,1861.955,557.896,180.695,24.419,59.911,70.805,454.461,782.502,451.279,898.758,538.666,,,,,,,,,,,,,,,,
C:\Users\tombe\Documents\_MLE\CV-for-GRIT\databases\luomus_hoverflies_pictures\6\HP.225.jpg,measurable,measurable,measurable,measurable,measurable,measurable,measurable,measurable,measurable,measurable,measurable,non_measurable,non_measurable,non_measurable,non_measurable,non_measurable,non_measurable,non_measurable,non_measurable,non_measurable,non_measurable,non_measurable,non_measurable,non_measurable,non_measurable,non_measurable,non_measurable,2318.501,672.177,311.794,3.495,144.552,145.428,546.462,769.386,507.923,1237.322,582.749,,,,,,,,,,,,,,,,
C:\Users\tombe\Documents\_MLE\CV-for-GRIT\databases\luomus_hoverflies_pictures\6\HP.226.jpg,non_measurable,measurable,non_measurable,measurable,non_measurable,measurable,measurable,measurable,measurable,measurable,measurable,non_measurable,non_measurable,non_measurable,non_measurable,non_measurable,non_measurable,non_measurable,non_measurable,non_measurable,non_measurable,non_measurable,non_measurable,non_measurable,non_measurable,non_measurable,non_measurable,,545.76,,2.067,,88.96,407.864,595.494,381.34,853.949,364.507,,,,,,,,,,,,,,,,
C:\Users\tombe\Documents\_MLE\CV-for-GRIT\databases\luomus_hoverflies_pictures\6\HP.227.jpg,non_measurable,measurable,non_measurable,measurable,measurable,measurable,measurable,measurable,measurable,non_measurable,measurable,non_measurable,non_measurable,non_measurable,non_measurable,non_measurable,non_measurable,non_measurable,non_measurable,non_measurable,non_measurable,non_measurable,non_measurable,non_measurable,non_measurable,non_measurable,non_measurable,,804.359,,163.611,178.942,116.138,615.578,878.577,889.931,,606.729,,,,,,,,,,,,,,,,
C:\Users\tombe\Documents\_MLE\CV-for-GRIT\databases\luomus_hoverflies_pictures\6\HP.228.jpg,measurable,measurable,measurable,measurable,measurable,measurable,measurable,measurable,measurable,measurable,measurable,non_measurable,non_measurable,non_measurable,non_measurable,non_measurable,non_measurable,non_measurable,non_measurable,non_measurable,non_measurable,non_measurable,non_measurable,non_measurable,non_measurable,non_measurable,non_measurable,1896.644,645.026,299.418,147.502,94.556,107.48,533.258,801.661,753.087,795.564,600.109,,,,,,,,,,,,,,,,
C:\Users\tombe\Documents\_MLE\CV-for-GRIT\databases\luomus_hoverflies_pictures\6\HP.229.jpg,non_measurable,measurable,measurable,measurable,measurable,measurable,measurable,measurable,measurable,non_measurable,measurable,non_measurable,non_measurable,non_measurable,non_measurable,measurable,measurable,measurable,measurable,non_measurable,non_measurable,non_measurable,non_measurable,non_measurable,non_measurable,measurable,measurable,,650.953,166.659,139.98,271.036,277.555,523.507,717.465,890.846,,537.561,,,,,1491.189,1445.769,479.26,561.575,,,,,,,454.001,336.166
C:\Users\tombe\Documents\_MLE\CV-for-GRIT\databases\luomus_hoverflies_pictures\6\HP.23.jpg,measurable,measurable,measurable,measurable,measurable,measurable,measurable,measurable,measurable,measurable,measurable,non_measurable,non_measurable,non_measurable,non_measurable,measurable,measurable,measurable,measurable,non_measurable,non_measurable,non_measurable,non_measurable,non_measurable,non_measurable,non_measurable,non_measurable,2242.297,710.508,350.604,146.143,195.555,161.59,553.376,839.894,884.322,1051.799,610.916,,,,,2098.609,2067.343,585.436,552.661,,,,,,,,
C:\Users\tombe\Documents\_MLE\CV-for-GRIT\databases\luomus_hoverflies_pictures\6\HP.230.jpg,measurable,measurable,measurable,measurable,measurable,measurable,measurable,measurable,measurable,measurable,measurable,non_measurable,non_measurable,non_measurable,non_measurable,non_measurable,non_measurable,non_measurable,non_measurable,non_measurable,non_measurable,non_measurable,non_measurable,non_measurable,non_measurable,non_measurable,non_measurable,2466.582,588.857,221.626,2.698,139.96,129.363,437.043,714.351,330.239,1530.604,514.596,,,,,,,,,,,,,,,,
C:\Users\tombe\Documents\_MLE\CV-for-GRIT\databases\luomus_hoverflies_pictures\6\HP.231.jpg,non_measurable,non_measurable,non_measurable,measurable,measurable,measurable,measurable,measurable,measurable,measurable,measurable,non_measurable,non_measurable,non_measurable,non_measurable,non_measurable,non_measurable,non_measurable,non_measurable,non_measurable,non_measurable,non_measurable,non_measurable,non_measurable,non_measurable,non_measurable,non_measurable,,,,2.389,141.678,137.749,496.252,699.687,357.243,1532.794,460.235,,,,,,,,,,,,,,,,
C:\Users\tombe\Documents\_MLE\CV-for-GRIT\databases\luomus_hoverflies_pictures\6\HP.232.jpg,non_measurable,measurable,non_measurable,measurable,measurable,measurable,measurable,measurable,measurable,measurable,measurable,non_measurable,non_measurable,non_measurable,non_measurable,non_measurable,non_measurable,non_measurable,non_measurable,non_measurable,non_measurable,non_measurable,non_measurable,non_measurable,non_measurable,non_measurable,non_measurable,,705.651,,10.176,143.937,145.369,547.807,952.037,408.614,1595.157,517.742,,,,,,,,,,,,,,,,
C:\Users\tombe\Documents\_MLE\CV-for-GRIT\databases\luomus_hoverflies_pictures\6\HP.235.jpg,measurable,measurable,measurable,measurable,non_measurable,measurable,measurable,measurable,measurable,measurable,measurable,non_measurable,non_measurable,non_measurable,non_measurable,non_measurable,non_measurable,non_measurable,non_measurable,non_measurable,non_measurable,non_measurable,non_measurable,non_measurable,non_measurable,non_measurable,non_measurable,1832.418,627.374,259.401,160.634,,136.378,480.358,802.842,640.487,770.174,507.155,,,,,,,,,,,,,,,,
C:\Users\tombe\Documents\_MLE\CV-for-GRIT\databases\luomus_hoverflies_pictures\6\HP.237.jpg,measurable,measurable,measurable,measurable,non_measurable,non_measurable,measurable,measurable,measurable,measurable,measurable,non_measurable,non_measurable,non_measurable,non_measurable,non_measurable,non_measurable,non_measurable,non_measurable,non_measurable,non_measurable,non_measurable,non_measurable,non_measurable,non_measurable,non_measurable,non_measurable,2774.857,799.028,324.488,10.14,,,644.958,989.744,814.145,1460.625,626.808,,,,,,,,,,,,,,,,
C:\Users\tombe\Documents\_MLE\CV-for-GRIT\databases\luomus_hoverflies_pictures\6\HP.238.jpg,measurable,measurable,measurable,measurable,measurable,measurable,measurable,measurable,measurable,measurable,measurable,non_measurable,non_measurable,non_measurable,non_measurable,non_measurable,non_measurable,non_measurable,non_measurable,non_measurable,non_measurable,non_measurable,non_measurable,non_measurable,non_measurable,non_measurable,non_measurable,2820.797,974.119,320.912,273.326,84.666,94.249,794.908,1227.746,829.463,1272.14,727.083,,,,,,,,,,,,,,,,
C:\Users\tombe\Documents\_MLE\CV-for-GRIT\databases\luomus_hoverflies_pictures\6\HP.24.jpg,measurable,measurable,measurable,measurable,measurable,measurable,measurable,measurable,measurable,measurable,measurable,non_measurable,non_measurable,non_measurable,non_measurable,non_measurable,non_measurable,non_measurable,non_measurable,non_measurable,non_measurable,non_measurable,non_measurable,non_measurable,non_measurable,non_measurable,non_measurable,1525.581,431.44,245.615,2.483,54.676,71.075,388.221,601.929,379.145,678.038,379.892,,,,,,,,,,,,,,,,
C:\Users\tombe\Documents\_MLE\CV-for-GRIT\databases\luomus_hoverflies_pictures\6\HP.25.jpg,non_measurable,measurable,measurable,measurable,measurable,measurable,measurable,measurable,measurable,non_measurable,measurable,non_measurable,non_measurable,non_measurable,non_measurable,measurable,measurable,measurable,measurable,non_measurable,non_measurable,non_measurable,non_measurable,non_measurable,non_measurable,non_measurable,non_measurable,,514.146,207.123,105.544,114.399,119.571,396.667,616.485,598.347,,409.703,,,,,1403.658,1394.743,393.826,434.772,,,,,,,,
C:\Users\tombe\Documents\_MLE\CV-for-GRIT\databases\luomus_hoverflies_pictures\6\HP.27.jpg,measurable,measurable,measurable,non_measurable,non_measurable,measurable,measurable,measurable,measurable,measurable,measurable,non_measurable,non_measurable,non_measurable,non_measurable,measurable,non_measurable,measurable,non_measurable,non_measurable,non_measurable,non_measurable,non_measurable,non_measurable,non_measurable,non_measurable,non_measurable,1538.917,494.387,242.348,,,162.584,389.413,608.316,559.418,688.253,442.252,,,,,1367.242,,360.616,,,,,,,,,
C:\Users\tombe\Documents\_MLE\CV-for-GRIT\databases\luomus_hoverflies_pictures\6\HP.275.jpg,measurable,measurable,measurable,measurable,measurable,measurable,measurable,measurable,non_measurable,measurable,measurable,non_measurable,non_measurable,non_measurable,non_measurable,non_measurable,measurable,non_measurable,measurable,non_measurable,non_measurable,measurable,measurable,non_measurable,non_measurable,non_measurable,non_measurable,2002.298,738.502,270.792,3.26,126.327,123.026,524.93,873.793,,857.714,630.216,,,,,,1772.996,,628.836,,,503.76,351.443,,,,
C:\Users\tombe\Documents\_MLE\CV-for-GRIT\databases\luomus_hoverflies_pictures\6\HP.277.jpg,measurable,measurable,measurable,measurable,measurable,measurable,measurable,measurable,measurable,measurable,measurable,non_measurable,non_measurable,non_measurable,non_measurable,non_measurable,non_measurable,non_measurable,non_measurable,non_measurable,non_measurable,non_measurable,non_measurable,non_measurable,non_measurable,non_measurable,non_measurable,1578.246,524.636,227.66,2.931,91.562,126.832,419.346,599.565,573.58,751.021,441.798,,,,,,,,,,,,,,,,
C:\Users\tombe\Documents\_MLE\CV-for-GRIT\databases\luomus_hoverflies_pictures\6\HP.278.jpg,measurable,non_measurable,measurable,measurable,measurable,non_measurable,measurable,measurable,measurable,measurable,measurable,non_measurable,non_measurable,non_measurable,non_measurable,non_measurable,non_measurable,non_measurable,non_measurable,non_measurable,non_measurable,non_measurable,non_measurable,non_measurable,non_measurable,non_measurable,non_measurable,1773.914,,260.271,5.066,103.199,,430.424,639.262,363.413,874.381,461.718,,,,,,,,,,,,,,,,
C:\Users\tombe\Documents\_MLE\CV-for-GRIT\databases\luomus_hoverflies_pictures\6\HP.279.jpg,non_measurable,measurable,non_measurable,measurable,non_measurable,non_measurable,measurable,measurable,measurable,non_measurable,measurable,non_measurable,non_measurable,non_measurable,non_measurable,non_measurable,non_measurable,non_measurable,non_measurable,non_measurable,non_measurable,non_measurable,non_measurable,non_measurable,non_measurable,non_measurable,non_measurable,,783.282,,253.374,,,657.909,848.264,982.093,,665.975,,,,,,,,,,,,,,,,
C:\Users\tombe\Documents\_MLE\CV-for-GRIT\databases\luomus_hoverflies_pictures\6\HP.28.jpg,non_measurable,non_measurable,non_measurable,non_measurable,measurable,measurable,measurable,measurable,measurable,measurable,measurable,non_measurable,non_measurable,non_measurable,non_measurable,measurable,measurable,measurable,measurable,non_measurable,non_measurable,non_measurable,non_measurable,non_measurable,non_measurable,non_measurable,non_measurable,,,,,105.767,97.469,412.02,644.314,534.004,686.863,421.62,,,,,1435.296,1413.873,443.923,420.256,,,,,,,,
C:\Users\tombe\Documents\_MLE\CV-for-GRIT\databases\luomus_hoverflies_pictures\6\HP.280.jpg,measurable,measurable,measurable,measurable,measurable,non_measurable,measurable,measurable,measurable,measurable,measurable,non_measurable,non_measurable,non_measurable,non_measurable,measurable,measurable,non_measurable,non_measurable,non_measurable,non_measurable,non_measurable,non_measurable,non_measurable,non_measurable,non_measurable,non_measurable,2830.485,902.952,430.577,276.006,220.349,,746.364,1135.582,1031.028,1264.326,714.338,,,,,2269.153,2257.609,,,,,,,,,,
C:\Users\tombe\Documents\_MLE\CV-for-GRIT\databases\luomus_hoverflies_pictures\6\HP.29.jpg,measurable,measurable,measurable,measurable,measurable,measurable,measurable,measurable,measurable,measurable,measurable,non_measurable,non_measurable,non_measurable,non_measurable,non_measurable,non_measurable,non_measurable,non_measurable,non_measurable,non_measurable,non_measurable,non_measurable,non_measurable,non_measurable,non_measurable,non_measurable,1308.656,388.25,210.459,2.586,84.772,77.031,361.156,529.413,302.936,568.784,384.433,,,,,,,,,,,,,,,,
C:\Users\tombe\Documents\_MLE\CV-for-GRIT\databases\luomus_hoverflies_pictures\6\HP.30.jpg,measurable,measurable,measurable,measurable,non_measurable,measurable,measurable,measurable,measurable,measurable,measurable,non_measurable,non_measurable,non_measurable,non_measurable,non_measurable,measurable,non_measurable,non_measurable,non_measurable,non_measurable,non_measurable,non_measurable,non_measurable,non_measurable,non_measurable,non_measurable,1129.304,370.287,143.927,118.379,,75.199,320.04,475.419,358.281,509.958,310.116,,,,,,1011.931,,,,,,,,,,
C:\Users\tombe\Documents\_MLE\CV-for-GRIT\databases\luomus_hoverflies_pictures\6\HP.303.jpg,measurable,measurable,measurable,measurable,non_measurable,non_measurable,measurable,measurable,measurable,measurable,measurable,non_measurable,non_measurable,non_measurable,non_measurable,measurable,measurable,non_measurable,non_measurable,non_measurable,non_measurable,non_measurable,non_measurable,non_measurable,non_measurable,non_measurable,non_measurable,2381.119,723.766,353.019,120.056,,,562.146,986.648,459.145,1041.452,668.89,,,,,1725.689,1741.555,,,,,,,,,,
C:\Users\tombe\Documents\_MLE\CV-for-GRIT\databases\luomus_hoverflies_pictures\6\HP.305.jpg,measurable,measurable,measurable,measurable,non_measurable,non_measurable,measurable,measurable,non_measurable,measurable,measurable,non_measurable,non_measurable,non_measurable,non_measurable,non_measurable,measurable,non_measurable,non_measurable,non_measurable,non_measurable,non_measurable,non_measurable,non_measurable,non_measurable,non_measurable,non_measurable,2259.0,562.82,246.341,10.471,,,598.507,1070.291,,942.369,650.379,,,,,,2101.061,,,,,,,,,,
C:\Users\tombe\Documents\_MLE\CV-for-GRIT\databases\luomus_hoverflies_pictures\6\HP.306.jpg,non_measurable,measurable,measurable,measurable,measurable,measurable,measurable,measurable,measurable,non_measurable,measurable,non_measurable,non_measurable,non_measurable,non_measurable,non_measurable,non_measurable,non_measurable,non_measurable,non_measurable,non_measurable,non_measurable,non_measurable,non_measurable,non_measurable,non_measurable,non_measurable,,436.365,203.692,111.969,56.24,68.842,374.697,567.696,544.494,,353.382,,,,,,,,,,,,,,,,
C:\Users\tombe\Documents\_MLE\CV-for-GRIT\databases\luomus_hoverflies_pictures\6\HP.307.jpg,non_measurable,non_measurable,non_measurable,non_measurable,non_measurable,non_measurable,measurable,measurable,measurable,measurable,measurable,non_measurable,non_measurable,non_measurable,non_measurable,measurable,measurable,non_measurable,measurable,non_measurable,non_measurable,non_measurable,non_measurable,non_measurable,non_measurable,non_measurable,non_measurable,,,,,,,559.694,953.477,683.584,1084.068,658.773,,,,,2099.018,2109.893,,648.669,,,,,,,,
C:\Users\tombe\Documents\_MLE\CV-for-GRIT\databases\luomus_hoverflies_pictures\6\HP.309.jpg,measurable,measurable,measurable,measurable,measurable,measurable,measurable,measurable,measurable,measurable,measurable,non_measurable,non_measurable,non_measurable,non_measurable,measurable,measurable,non_measurable,non_measurable,non_measurable,non_measurable,non_measurable,non_measurable,non_measurable,non_measurable,non_measurable,non_measurable,1234.684,397.8,206.314,5.251,75.612,67.456,357.362,518.621,389.898,509.75,355.992,,,,,998.087,1028.243,,,,,,,,,,
C:\Users\tombe\Documents\_MLE\CV-for-GRIT\databases\luomus_hoverflies_pictures\6\HP.31.jpg,measurable,measurable,measurable,measurable,measurable,measurable,measurable,measurable,non_measurable,measurable,measurable,non_measurable,non_measurable,non_measurable,non_measurable,measurable,measurable,non_measurable,non_measurable,non_measurable,non_measurable,non_measurable,non_measurable,non_measurable,non_measurable,non_measurable,non_measurable,1509.702,446.719,239.033,1.873,74.159,65.379,415.88,593.787,,676.882,445.431,,,,,1278.38,1270.34,,,,,,,,,,
C:\Users\tombe\Documents\_MLE\CV-for-GRIT\databases\luomus_hoverflies_pictures\6\HP.310.jpg,measurable,measurable,measurable,measurable,measurable,measurable,measurable,measurable,measurable,measurable,measurable,non_measurable,non_measurable,non_measurable,non_measurable,non_measurable,non_measurable,non_measurable,measurable,non_measurable,non_measurable,non_measurable,non_measurable,non_measurable,non_measurable,non_measurable,non_measurable,1897.43,466.334,269.659,8.101,98.046,106.058,389.977,631.297,269.121,996.474,371.919,,,,,,,,48.969,,,,,,,,
C:\Users\tombe\Documents\_MLE\CV-for-GRIT\databases\luomus_hoverflies_pictures\6\HP.313.jpg,non_measurable,non_measurable,non_measurable,measurable,measurable,measurable,measurable,measurable,measurable,measurable,measurable,non_measurable,non_measurable,non_measurable,non_measurable,measurable,non_measurable,measurable,non_measurable,non_measurable,non_measurable,non_measurable,non_measurable,non_measurable,non_measurable,non_measurable,non_measurable,,,,119.676,149.141,114.25,433.471,701.037,660.481,977.721,441.189,,,,,1584.669,,475.483,,,,,,,,,
C:\Users\tombe\Documents\_MLE\CV-for-GRIT\databases\luomus_hoverflies_pictures\6\HP.314.jpg,measurable,measurable,measurable,non_measurable,non_measurable,measurable,measurable,measurable,measurable,measurable,measurable,non_measurable,non_measurable,non_measurable,non_measurable,measurable,measurable,measurable,non_measurable,non_measurable,non_measurable,non_measurable,non_measurable,non_measurable,non_measurable,non_measurable,non_measurable,1514.228,524.16,258.023,,,105.388,407.972,690.905,528.177,565.301,428.867,,,,,1624.933,1615.722,467.033,,,,,,,,,
C:\Users\tombe\Documents\_MLE\CV-for-GRIT\databases\luomus_hoverflies_pictures\6\HP.315.jpg,non_measurable,non_measurable,measurable,measurable,measurable,non_measurable,measurable,measurable,measurable,non_measurable,measurable,non_measurable,non_measurable,non_measurable,non_measurable,non_measurable,non_measurable,non_measurable,non_measurable,non_measurable,non_measurable,non_measurable,non_measurable,non_measurable,non_measurable,non_measurable,non_measurable,,,240.152,88.09,116.344,,396.774,692.865,675.375,,467.804,,,,,,,,,,,,,,,,
C:\Users\tombe\Documents\_MLE\CV-for-GRIT\databases\luomus_hoverflies_pictures\6\HP.316.jpg,measurable,measurable,measurable,non_measurable,measurable,non_measurable,measurable,measurable,measurable,measurable,measurable,non_measurable,non_measurable,non_measurable,non_measurable,measurable,measurable,non_measurable,non_measurable,non_measurable,non_measurable,non_measurable,non_measurable,non_measurable,non_measurable,non_measurable,non_measurable,1665.969,445.22,260.959,,93.222,,376.097,616.287,305.614,788.723,419.131,,,,,1157.45,1186.547,,,,,,,,,,
