image,total length_status,head width_status,head length_status,inter ocular distance_status,right antenna length_status,left antenna length_status,thorax width_status,thorax length_status,abdomen width_status,abdomen length_status,intertegular distance_status,left hind wing length_status,right hind wing length_status,left hind wing width_status,right hind wing width_status,left fore wing length_status,right fore wing length_status,left fore wing width_status,right fore wing width_status,left hind leg length_status,left hind leg femur length_status,left hind leg tibia length_status,left hind leg tarsus length_status,right hind leg length_status,right hind leg femur length_status,right hind leg tibia length_status,right hind leg tarsus length_status,total length_px,head width_px,head length_px,inter ocular distance_px,right antenna length_px,left antenna length_px,thorax width_px,thorax length_px,abdomen width_px,abdomen length_px,intertegular distance_px,left hind wing length_px,right hind wing length_px,left hind wing width_px,right hind wing width_px,left fore wing length_px,right fore wing length_px,left fore wing width_px,right fore wing width_px,left hind leg length_px,left hind leg femur length_px,left hind leg tibia length_px,left hind leg tarsus length_px,right hind leg length_px,right hind leg femur length_px,right hind leg tibia length_px,right hind leg tarsus length_px
C:\Users\tombe\Documents\_MLE\CV-for-GRIT\databases\luomus_beetles_pictures\01\EB6.000.jpg,measurable,measurable,measurable,measurable,measurable,measurable,measurable,measurable,measurable,measurable,measurable,non_measurable,non_measurable,non_measurable,non_measurable,measurable,measurable,measurable,measurable,non_measurable,non_measurable,measurable,measurable,non_measurable,non_measurable,measurable,measurable,1075.554,244.662,216.29,160.468,669.648,612.205,305.572,198.007,398.569,661.256,138.85,,,,,667.975,660.851,198.096,192.853,,,349.371,282.498,,,334.357,314.242
C:\Users\tombe\Documents\_MLE\CV-for-GRIT\databases\luomus_beetles_pictures\01\EB6.001.jpg,measurable,measurable,measurable,measurable,measurable,measurable,measurable,measurable,measurable,measurable,measurable,non_measurable,non_measurable,non_measurable,non_measurable,measurable,measurable,measurable,measurable,non_measurable,non_measurable,measurable,measurable,non_measurable,non_measurable,measurable,measurable,1213.831,271.902,230.104,183.874,677.33,523.822,347.861,214.666,474.829,769.061,149.177,,,,,754.865,753.209,254.939,219.517,,,348.119,305.025,,,371.015,302.548
C:\Users\tombe\Documents\_MLE\CV-for-GRIT\databases\luomus_beetles_pictures\01\EB6.004.jpg,measurable,non_measurable,measurable,non_measurable,measurable,measurable,non_measurable,measurable,non_measurable,measurable,non_measurable,non_measurable,non_measurable,non_measurable,non_measurable,measurable,measurable,non_measurable,non_measurable,non_measurable,non_measurable,measurable,measurable,non_measurable,non_measurable,measurable,measurable,198.669,,38.129,,82.377,114.655,,33.23,,127.31,,,,,,123.342,123.395,,,,,63.86,55.506,,,54.191,55.694
C:\Users\tombe\Documents\_MLE\CV-for-GRIT\databases\luomus_beetles_pictures\01\EB6.006.jpg,measurable,non_measurable,measurable,non_measurable,measurable,measurable,non_measurable,measurable,non_measurable,measurable,non_measurable,non_measurable,non_measurable,non_measurable,non_measurable,measurable,measurable,non_measurable,non_measurable,non_measurable,non_measurable,measurable,measurable,non_measurable,non_measurable,measurable,measurable,243.715,,46.482,,74.098,100.691,,45.926,,151.306,,,,,,148.237,146.314,,,,,74.849,61.537,,,69.997,65.344
C:\Users\tombe\Documents\_MLE\CV-for-GRIT\databases\luomus_beetles_pictures\01\EB6.007.jpg,measurable,non_measurable,measurable,non_measurable,measurable,measurable,non_measurable,measurable,non_measurable,measurable,non_measurable,non_measurable,non_measurable,non_measurable,non_measurable,measurable,measurable,non_measurable,non_measurable,non_measurable,non_measurable,measurable,measurable,non_measurable,non_measurable,measurable,measurable,232.414,,46.67,,109.493,126.79,,44.128,,141.616,,,,,,138.876,136.812,,,,,72.218,33.943,,,67.202,57.073
C:\Users\tombe\Documents\_MLE\CV-for-GRIT\databases\luomus_beetles_pictures\01\EB6.00A.jpg,measurable,non_measurable,measurable,non_measurable,measurable,measurable,non_measurable,measurable,non_measurable,measurable,non_measurable,non_measurable,non_measurable,non_measurable,non_measurable,measurable,measurable,non_measurable,non_measurable,non_measurable,non_measurable,measurable,measurable,non_measurable,non_measurable,measurable,measurable,218.108,,41.675,,121.926,124.257,,40.679,,135.753,,,,,,130.207,128.639,,,,,68.341,63.372,,,58.786,58.207
C:\Users\tombe\Documents\_MLE\CV-for-GRIT\databases\luomus_beetles_pictures\01\EB6.00C.jpg,measurable,non_measurable,measurable,non_measurable,measurable,measurable,non_measurable,measurable,non_measurable,measurable,non_measurable,non_measurable,non_measurable,non_measurable,non_measurable,measurable,measurable,non_measurable,non_measurable,non_measurable,non_measurable,measurable,measurable,non_measurable,non_measurable,measurable,measurable,234.822,,45.49,,80.982,106.817,,41.899,,147.434,,,,,,138.761,135.739,,,,,69.554,51.335,,,61.741,49.983
C:\Users\tombe\Documents\_MLE\CV-for-GRIT\databases\luomus_beetles_pictures\01\EB6.00E.jpg,measurable,non_measurable,measurable,non_measurable,measurable,measurable,non_measurable,measurable,non_measurable,measurable,non_measurable,non_measurable,non_measurable,non_measurable,non_measurable,measurable,measurable,non_measurable,non_measurable,non_measurable,non_measurable,measurable,measurable,non_measurable,non_measurable,measurable,measurable,319.964,,60.653,,158.212,188.302,,53.605,,205.706,,,,,,205.598,201.399,,,,,99.939,99.068,,,91.765,83.783
C:\Users\tombe\Documents\_MLE\CV-for-GRIT\databases\luomus_beetles_pictures\01\EB6.00F.jpg,measurable,non_measurable,measurable,non_measurable,measurable,measurable,non_measurable,measurable,non_measurable,measurable,non_measurable,non_measurable,non_measurable,non_measurable,non_measurable,measurable,measurable,non_measurable,non_measurable,non_measurable,non_measurable,measurable,measurable,non_measurable,non_measurable,measurable,measurable,390.363,,64.009,,169.901,211.983,,64.275,,262.079,,,,,,245.886,242.641,,,,,116.458,72.488,,,117.776,102.883
C:\Users\tombe\Documents\_MLE\CV-for-GRIT\databases\luomus_beetles_pictures\01\EB6.00G.jpg,measurable,non_measurable,measurable,non_measurable,measurable,measurable,non_measurable,measurable,non_measurable,measurable,non_measurable,non_measurable,non_measurable,non_measurable,non_measurable,measurable,measurable,non_measurable,non_measurable,non_measurable,non_measurable,measurable,measurable,non_measurable,non_measurable,measurable,measurable,355.207,,56.006,,171.437,156.57,,63.922,,235.278,,,,,,235.733,233.483,,,,,104.034,91.002,,,95.332,77.319
C:\Users\tombe\Documents\_MLE\CV-for-GRIT\databases\luomus_beetles_pictures\01\EB6.00H.jpg,measurable,non_measurable,measurable,non_measurable,measurable,measurable,non_measurable,measurable,non_measurable,measurable,non_measurable,non_measurable,non_measurable,non_measurable,non_measurable,measurable,measurable,non_measurable,non_measurable,non_measurable,non_measurable,measurable,measurable,non_measurable,non_measurable,measurable,measurable,363.664,,56.041,,167.571,208.545,,63.073,,244.55,,,,,,239.82,237.31,,,,,117.459,103.713,,,101.885,102.178
C:\Users\tombe\Documents\_MLE\CV-for-GRIT\databases\luomus_beetles_pictures\01\EB6.00J.jpg,measurable,non_measurable,measurable,non_measurable,measurable,measurable,non_measurable,measurable,non_measurable,measurable,non_measurable,non_measurable,non_measurable,non_measurable,non_measurable,measurable,measurable,non_measurable,non_measurable,non_measurable,non_measurable,measurable,measurable,non_measurable,non_measurable,measurable,measurable,332.122,,67.299,,147.104,177.201,,47.795,,217.027,,,,,,215.22,206.553,,,,,104.133,82.333,,,92.765,70.396
C:\Users\tombe\Documents\_MLE\CV-for-GRIT\databases\luomus_beetles_pictures\01\EB6.00K.jpg,measurable,non_measurable,measurable,non_measurable,measurable,measurable,non_measurable,measurable,non_measurable,measurable,non_measurable,non_measurable,non_measurable,non_measurable,non_measurable,measurable,measurable,non_measurable,non_measurable,non_measurable,non_measurable,measurable,measurable,non_measurable,non_measurable,measurable,measurable,351.203,,69.613,,164.45,185.38,,54.492,,227.098,,,,,,222.777,208.294,,,,,102.658,74.606,,,89.827,93.776
C:\Users\tombe\Documents\_MLE\CV-for-GRIT\databases\luomus_beetles_pictures\01\EB6.00L.jpg,measurable,non_measurable,measurable,non_measurable,measurable,measurable,non_measurable,measurable,non_measurable,measurable,non_measurable,non_measurable,non_measurable,non_measurable,non_measurable,measurable,measurable,non_measurable,non_measurable,non_measurable,non_measurable,measurable,measurable,non_measurable,non_measurable,measurable,measurable,304.229,,57.511,,157.386,142.743,,48.59,,198.129,,,,,,195.371,189.768,,,,,98.192,87.667,,,82.799,72.264
C:\Users\tombe\Documents\_MLE\CV-for-GRIT\databases\luomus_beetles_pictures\01\EB6.00M.jpg,measurable,non_measurable,measurable,non_measurable,measurable,measurable,non_measurable,measurable,non_measurable,measurable,non_measurable,non_measurable,non_measurable,non_measurable,non_measurable,measurable,measurable,non_measurable,non_measurable,non_measurable,non_measurable,measurable,measurable,non_measurable,non_measurable,measurable,measurable,320.34,,58.87,,120.394,104.46,,53.821,,207.649,,,,,,206.664,204.155,,,,,95.924,66.619,,,87.02,70.491
C:\Users\tombe\Documents\_MLE\CV-for-GRIT\databases\luomus_beetles_pictures\01\EB6.00N.jpg,measurable,non_measurable,measurable,non_measurable,measurable,measurable,non_measurable,measurable,non_measurable,measurable,non_measurable,non_measurable,non_measurable,non_measurable,non_measurable,measurable,measurable,non_measurable,non_measurable,non_measurable,non_measurable,measurable,measurable,non_measurable,non_measurable,measurable,measurable,309.305,,54.815,,100.543,103.834,,52.12,,202.37,,,,,,198.202,193.627,,,,,91.882,56.604,,,79.129,34.632
C:\Users\tombe\Documents\_MLE\CV-for-GRIT\databases\luomus_beetles_pictures\01\EB6.00P.jpg,measurable,non_measurable,measurable,non_measurable,measurable,measurable,non_measurable,measurable,non_measurable,measurable,non_measurable,non_measurable,non_measurable,non_measurable,non_measurable,measurable,measurable,non_measurable,non_measurable,non_measurable,non_measurable,measurable,measurable,non_measurable,non_measurable,measurable,measurable,291.046,,41.472,,98.401,114.42,,50.212,,199.362,,,,,,198.203,195.502,,,,,96.451,74.633,,,91.632,66.884
C:\Users\tombe\Documents\_MLE\CV-for-GRIT\databases\luomus_beetles_pictures\01\EB6.00Q.jpg,measurable,non_measurable,measurable,non_measurable,measurable,measurable,non_measurable,measurable,non_measurable,measurable,non_measurable,non_measurable,non_measurable,non_measurable,non_measurable,measurable,measurable,non_measurable,non_measurable,non_measurable,non_measurable,measurable,measurable,non_measurable,non_measurable,measurable,measurable,279.781,,52.586,,96.86,94.226,,43.246,,183.948,,,,,,179.118,175.428,,,,,83.984,68.864,,,66.293,74.076
C:\Users\tombe\Documents\_MLE\CV-for-GRIT\databases\luomus_beetles_pictures\01\EB6.00S.jpg,measurable,non_measurable,measurable,non_measurable,measurable,measurable,non_measurable,measurable,non_measurable,measurable,non_measurable,non_measurable,non_measurable,non_measurable,non_measurable,measurable,measurable,non_measurable,non_measurable,non_measurable,non_measurable,measurable,measurable,non_measurable,non_measurable,measurable,measurable,253.775,,47.343,,105.073,112.136,,37.96,,168.472,,,,,,166.943,164.798,,,,,78.808,61.479,,,71.795,59.985
C:\Users\tombe\Documents\_MLE\CV-for-GRIT\databases\luomus_beetles_pictures\01\EB6.00T.jpg,measurable,non_measurable,measurable,non_measurable,measurable,measurable,non_measurable,measurable,non_measurable,measurable,non_measurable,non_measurable,non_measurable,non_measurable,non_measurable,measurable,measurable,non_measurable,non_measurable,non_measurable,non_measurable,non_measurable,non_measurable,non_measurable,non_measurable,measurable,measurable,154.82,,25.985,,39.985,34.312,,27.037,,101.797,,,,,,97.063,96.007,,,,,,,,,33.597,38.18
C:\Users\tombe\Documents\_MLE\CV-for-GRIT\databases\luomus_beetles_pictures\01\EB6.00V.jpg,measurable,non_measurable,measurable,non_measurable,measurable,measurable,non_measurable,measurable,non_measurable,measurable,non_measurable,non_measurable,non_measurable,non_measurable,non_measurable,measurable,measurable,non_measurable,non_measurable,non_measurable,non_measurable,measurable,measurable,non_measurable,non_measurable,measurable,measurable,175.805,,34.728,,44.474,36.971,,31.965,,109.111,,,,,,102.456,100.078,,,,,37.16,40.678,,,30.144,38.997
C:\Users\tombe\Documents\_MLE\CV-for-GRIT\databases\luomus_beetles_pictures\01\EB6.00X.jpg,measurable,non_measurable,measurable,non_measurable,measurable,measurable,measurable,measurable,non_measurable,measurable,non_measurable,non_measurable,non_measurable,non_measurable,non_measurable,measurable,measurable,non_measurable,non_measurable,non_measurable,non_measurable,non_measurable,non_measurable,non_measurable,non_measurable,measurable,measurable,157.972,,19.526,,36.227,33.936,32.344,27.476,,110.97,,,,,,104.219,104.366,,,,,,,,,19.946,36.509
C:\Users\tombe\Documents\_MLE\CV-for-GRIT\databases\luomus_beetles_pictures\01\EB6.010.jpg,measurable,non_measurable,measurable,non_measurable,measurable,measurable,non_measurable,measurable,non_measurable,measurable,non_measurable,non_measurable,non_measurable,non_measurable,non_measurable,measurable,measurable,non_measurable,non_measurable,non_measurable,non_measurable,non_measurable,non_measurable,non_measurable,non_measurable,measurable,measurable,167.977,,32.689,,37.31,29.907,,28.003,,107.284,,,,,,100.15,100.058,,,,,,,,,47.235,37.278
C:\Users\tombe\Documents\_MLE\CV-for-GRIT\databases\luomus_beetles_pictures\01\EB6.013.jpg,measurable,non_measurable,measurable,non_measurable,measurable,measurable,non_measurable,measurable,non_measurable,measurable,non_measurable,non_measurable,non_measurable,non_measurable,non_measurable,measurable,measurable,non_measurable,non_measurable,non_measurable,non_measurable,measurable,measurable,non_measurable,non_measurable,measurable,measurable,142.082,,14.211,,37.379,30.161,,28.076,,99.795,,,,,,97.42,95.433,,,,,34.671,32.786,,,27.595,38.476
C:\Users\tombe\Documents\_MLE\CV-for-GRIT\databases\luomus_beetles_pictures\01\EB6.016.jpg,measurable,non_measurable,measurable,non_measurable,measurable,measurable,non_measurable,measurable,measurable,measurable,non_measurable,non_measurable,non_measurable,non_measurable,non_measurable,measurable,measurable,non_measurable,non_measurable,non_measurable,non_measurable,measurable,measurable,non_measurable,non_measurable,measurable,measurable,166.28,,27.521,,46.658,31.441,,35.97,54.12,102.789,,,,,,102.183,98.68,,,,,41.924,29.225,,,36.054,27.14
C:\Users\tombe\Documents\_MLE\CV-for-GRIT\databases\luomus_beetles_pictures\01\EB6.018.jpg,measurable,non_measurable,measurable,non_measurable,measurable,measurable,non_measurable,measurable,non_measurable,measurable,non_measurable,non_measurable,non_measurable,non_measurable,non_measurable,measurable,measurable,non_measurable,non_measurable,non_measurable,non_measurable,measurable,measurable,non_measurable,non_measurable,measurable,measurable,156.757,,24.366,,46.421,29.378,,29.365,,103.026,,,,,,98.816,100.229,,,,,37.676,34.96,,,30.284,29.593
C:\Users\tombe\Documents\_MLE\CV-for-GRIT\databases\luomus_beetles_pictures\01\EB6.019.jpg,measurable,non_measurable,measurable,non_measurable,measurable,measurable,non_measurable,measurable,measurable,measurable,non_measurable,non_measurable,non_measurable,non_measurable,non_measurable,measurable,measurable,non_measurable,non_measurable,non_measurable,non_measurable,measurable,measurable,non_measurable,non_measurable,measurable,measurable,154.535,,16.325,,41.673,42.292,,30.844,44.958,107.366,,,,,,101.189,98.175,,,,,38.994,40.076,,,36.296,37.199
C:\Users\tombe\Documents\_MLE\CV-for-GRIT\databases\luomus_beetles_pictures\01\EB6.01C.jpg,measurable,non_measurable,measurable,non_measurable,measurable,measurable,non_measurable,measurable,non_measurable,measurable,non_measurable,non_measurable,non_measurable,non_measurable,non_measurable,measurable,measurable,non_measurable,non_measurable,non_measurable,non_measurable,measurable,measurable,non_measurable,non_measurable,measurable,measurable,154.447,,21.41,,45.112,46.255,,22.787,,110.249,,,,,,98.214,97.308,,,,,39.039,40.562,,,30.665,28.579
C:\Users\tombe\Documents\_MLE\CV-for-GRIT\databases\luomus_beetles_pictures\01\EB6.01E.jpg,measurable,non_measurable,measurable,non_measurable,measurable,measurable,non_measurable,measurable,non_measurable,measurable,non_measurable,non_measurable,non_measurable,non_measurable,non_measurable,measurable,measurable,non_measurable,non_measurable,non_measurable,non_measurable,measurable,measurable,non_measurable,non_measurable,measurable,measurable,143.749,,18.234,,44.993,32.943,,25.209,,100.306,,,,,,95.638,92.581,,,,,34.453,34.945,,,34.413,39.039
C:\Users\tombe\Documents\_MLE\CV-for-GRIT\databases\luomus_beetles_pictures\01\EB6.01F.jpg,measurable,non_measurable,measurable,non_measurable,measurable,measurable,non_measurable,measurable,non_measurable,measurable,non_measurable,non_measurable,non_measurable,non_measurable,non_measurable,measurable,measurable,non_measurable,non_measurable,non_measurable,non_measurable,measurable,measurable,non_measurable,non_measurable,measurable,measurable,159.654,,25.615,,43.307,39.613,,31.821,,102.218,,,,,,102.054,96.759,,,,,40.349,40.709,,,34.111,39.675
C:\Users\tombe\Documents\_MLE\CV-for-GRIT\databases\luomus_beetles_pictures\01\EB6.01G.jpg,measurable,non_measurable,measurable,non_measurable,measurable,measurable,non_measurable,measurable,non_measurable,measurable,non_measurable,non_measurable,non_measurable,non_measurable,non_measurable,measurable,measurable,non_measurable,non_measurable,non_measurable,non_measurable,measurable,measurable,non_measurable,non_measurable,measurable,measurable,157.202,,23.143,,49.216,47.647,,30.911,,103.149,,,,,,99.23,97.639,,,,,39.079,40.466,,,32.7,40.542
C:\Users\tombe\Documents\_MLE\CV-for-GRIT\databases\luomus_beetles_pictures\01\EB6.01H.jpg,measurable,non_measurable,measurable,non_measurable,measurable,measurable,non_measurable,measurable,non_measurable,measurable,non_measurable,non_measurable,non_measurable,non_measurable,non_measurable,measurable,measurable,non_measurable,non_measurable,non_measurable,non_measurable,measurable,measurable,non_measurable,non_measurable,measurable,measurable,153.189,,18.488,,45.058,38.468,,32.795,,101.905,,,,,,100.101,97.031,,,,,38.96,40.756,,,30.331,40.631
C:\Users\tombe\Documents\_MLE\CV-for-GRIT\databases\luomus_beetles_pictures\01\EB6.01I.jpg,measurable,non_measurable,measurable,non_measurable,measurable,measurable,non_measurable,measurable,non_measurable,measurable,non_measurable,non_measurable,non_measurable,non_measurable,non_measurable,measurable,measurable,non_measurable,non_measurable,non_measurable,non_measurable,measurable,measurable,non_measurable,non_measurable,measurable,measurable,162.414,,22.289,,46.214,31.721,,29.78,,110.345,,,,,,106.982,104.325,,,,,41.501,39.746,,,38.628,37.851
C:\Users\tombe\Documents\_MLE\CV-for-GRIT\databases\luomus_beetles_pictures\01\EB6.01J.jpg,measurable,non_measurable,measurable,non_measurable,measurable,measurable,non_measurable,measurable,non_measurable,measurable,non_measurable,non_measurable,non_measurable,non_measurable,non_measurable,measurable,measurable,non_measurable,non_measurable,non_measurable,non_measurable,measurable,measurable,non_measurable,non_measurable,non_measurable,measurable,155.454,,24.211,,41.6,33.378,,29.768,,101.475,,,,,,93.677,94.053,,,,,35.953,40.867,,,,38.882
C:\Users\tombe\Documents\_MLE\CV-for-GRIT\databases\luomus_beetles_pictures\01\EB6.01L.jpg,measurable,non_measurable,measurable,non_measurable,measurable,measurable,non_measurable,measurable,non_measurable,measurable,non_measurable,non_measurable,non_measurable,non_measurable,non_measurable,measurable,measurable,non_measurable,non_measurable,non_measurable,non_measurable,measurable,measurable,non_measurable,non_measurable,measurable,measurable,155.723,,19.683,,48.865,43.303,,33.258,,102.782,,,,,,99.719,97.291,,,,,39.321,38.807,,,50.711,41.417
C:\Users\tombe\Documents\_MLE\CV-for-GRIT\databases\luomus_beetles_pictures\01\EB6.01M.jpg,measurable,non_measurable,measurable,non_measurable,measurable,measurable,non_measurable,measurable,non_measurable,measurable,non_measurable,non_measurable,non_measurable,non_measurable,non_measurable,measurable,measurable,non_measurable,non_measurable,non_measurable,non_measurable,measurable,measurable,non_measurable,non_measurable,measurable,measurable,151.182,,17.401,,35.683,23.681,,30.642,,103.139,,,,,,96.692,98.48,,,,,35.856,30.751,,,39.701,30.483
C:\Users\tombe\Documents\_MLE\CV-for-GRIT\databases\luomus_beetles_pictures\01\EB6.01O.jpg,measurable,non_measurable,measurable,non_measurable,measurable,measurable,non_measurable,measurable,non_measurable,measurable,non_measurable,non_measurable,non_measurable,non_measurable,non_measurable,measurable,measurable,non_measurable,non_measurable,non_measurable,non_measurable,measurable,measurable,non_measurable,non_measurable,measurable,measurable,143.461,,20.588,,33.128,35.195,,28.557,,94.316,,,,,,87.638,83.507,,,,,35.087,27.494,,,27.45,24.118
C:\Users\tombe\Documents\_MLE\CV-for-GRIT\databases\luomus_beetles_pictures\01\EB6.01R.jpg,measurable,non_measurable,measurable,non_measurable,measurable,measurable,non_measurable,measurable,non_measurable,measurable,non_measurable,non_measurable,non_measurable,non_measurable,non_measurable,measurable,measurable,non_measurable,non_measurable,non_measurable,non_measurable,measurable,measurable,non_measurable,non_measurable,measurable,measurable,152.323,,18.738,,39.148,38.159,,33.747,,99.838,,,,,,95.182,93.239,,,,,36.025,34.659,,,31.526,30.293
C:\Users\tombe\Documents\_MLE\CV-for-GRIT\databases\luomus_beetles_pictures\01\EB6.01S.jpg,measurable,non_measurable,measurable,non_measurable,measurable,measurable,non_measurable,measurable,non_measurable,measurable,non_measurable,non_measurable,non_measurable,non_measurable,non_measurable,measurable,measurable,non_measurable,non_measurable,non_measurable,non_measurable,measurable,measurable,non_measurable,non_measurable,measurable,measurable,151.676,,19.505,,31.03,37.246,,34.601,,97.57,,,,,,92.331,92.286,,,,,33.801,32.561,,,30.364,30.347
C:\Users\tombe\Documents\_MLE\CV-for-GRIT\databases\luomus_beetles_pictures\01\EB6.01T.jpg,measurable,non_measurable,measurable,non_measurable,measurable,measurable,non_measurable,measurable,non_measurable,measurable,non_measurable,non_measurable,non_measurable,non_measurable,non_measurable,measurable,measurable,non_measurable,non_measurable,non_measurable,non_measurable,measurable,measurable,non_measurable,non_measurable,measurable,measurable,153.448,,20.738,,49.766,41.572,,27.991,,104.719,,,,,,102.539,100.288,,,,,38.01,36.159,,,36.418,23.933
C:\Users\tombe\Documents\_MLE\CV-for-GRIT\databases\luomus_beetles_pictures\01\EB6.01V.jpg,measurable,non_measurable,measurable,non_measurable,measurable,measurable,non_measurable,measurable,non_measurable,measurable,non_measurable,non_measurable,non_measurable,non_measurable,non_measurable,measurable,measurable,non_measurable,non_measurable,non_measurable,non_measurable,measurable,measurable,non_measurable,non_measurable,measurable,measurable,158.253,,23.746,,42.94,35.521,,27.653,,106.854,,,,,,103.982,102.21,,,,,36.401,34.98,,,51.856,22.135
C:\Users\tombe\Documents\_MLE\CV-for-GRIT\databases\luomus_beetles_pictures\01\EB6.01Z.jpg,measurable,non_measurable,measurable,non_measurable,measurable,measurable,non_measurable,measurable,non_measurable,measurable,non_measurable,non_measurable,non_measurable,non_measurable,non_measurable,measurable,measurable,non_measurable,non_measurable,non_measurable,non_measurable,measurable,measurable,non_measurable,non_measurable,measurable,measurable,150.684,,19.074,,35.031,30.987,,34.829,,96.781,,,,,,96.985,95.007,,,,,34.974,38.367,,,37.099,29.566
C:\Users\tombe\Documents\_MLE\CV-for-GRIT\databases\luomus_beetles_pictures\01\EB6.020.jpg,measurable,non_measurable,measurable,non_measurable,measurable,measurable,non_measurable,measurable,non_measurable,measurable,non_measurable,non_measurable,non_measurable,non_measurable,non_measurable,measurable,measurable,non_measurable,non_measurable,non_measurable,non_measurable,measurable,measurable,non_measurable,non_measurable,measurable,measurable,150.512,,18.574,,28.214,36.299,,30.732,,101.207,,,,,,97.673,96.756,,,,,32.476,34.783,,,38.772,33.333
C:\Users\tombe\Documents\_MLE\CV-for-GRIT\databases\luomus_beetles_pictures\01\EB6.021.jpg,measurable,non_measurable,measurable,non_measurable,measurable,measurable,non_measurable,measurable,non_measurable,measurable,non_measurable,non_measurable,non_measurable,non_measurable,non_measurable,measurable,measurable,non_measurable,non_measurable,non_measurable,non_measurable,measurable,measurable,non_measurable,non_measurable,measurable,measurable,152.432,,21.74,,29.457,39.367,,28.345,,102.346,,,,,,94.076,90.567,,,,,35.318,34.444,,,39.958,36.099
C:\Users\tombe\Documents\_MLE\CV-for-GRIT\databases\luomus_beetles_pictures\01\EB6.024.jpg,measurable,non_measurable,measurable,non_measurable,measurable,measurable,non_measurable,measurable,non_measurable,measurable,non_measurable,non_measurable,non_measurable,non_measurable,non_measurable,measurable,measurable,non_measurable,non_measurable,non_measurable,non_measurable,measurable,measurable,non_measurable,non_measurable,measurable,measurable,150.803,,16.473,,42.477,37.639,,34.876,,99.455,,,,,,96.926,95.1,,,,,36.387,32.056,,,33.359,27.764
C:\Users\tombe\Documents\_MLE\CV-for-GRIT\databases\luomus_beetles_pictures\01\EB6.025.jpg,measurable,non_measurable,measurable,non_measurable,measurable,measurable,non_measurable,measurable,non_measurable,measurable,non_measurable,non_measurable,non_measurable,non_measurable,non_measurable,measurable,measurable,non_measurable,non_measurable,non_measurable,non_measurable,measurable,measurable,non_measurable,non_measurable,measurable,measurable,145.652,,21.864,,40.741,36.4,,24.812,,98.977,,,,,,95.099,95.527,,,,,38.036,33.701,,,37.296,34.08
C:\Users\tombe\Documents\_MLE\CV-for-GRIT\databases\luomus_beetles_pictures\01\EB6.027.jpg,measurable,non_measurable,measurable,non_measurable,measurable,measurable,non_measurable,measurable,non_measurable,measurable,non_measurable,non_measurable,non_measurable,non_measurable,non_measurable,measurable,measurable,non_measurable,non_measurable,non_measurable,non_measurable,non_measurable,non_measurable,non_measurable,non_measurable,measurable,measurable,257.945,,42.009,,67.58,61.927,,58.722,,157.214,,,,,,151.001,152.579,,,,,,,,,56.985,54.156
C:\Users\tombe\Documents\_MLE\CV-for-GRIT\databases\luomus_beetles_pictures\01\EB6.028.jpg,measurable,non_measurable,measurable,non_measurable,measurable,non_measurable,non_measurable,measurable,non_measurable,measurable,non_measurable,non_measurable,non_measurable,non_measurable,non_measurable,measurable,measurable,non_measurable,non_measurable,non_measurable,non_measurable,measurable,measurable,non_measurable,non_measurable,measurable,measurable,238.574,,30.548,,75.259,,,55.064,,152.961,,,,,,150.799,149.863,,,,,71.771,54.726,,,53.211,49.722
C:\Users\tombe\Documents\_MLE\CV-for-GRIT\databases\luomus_beetles_pictures\01\EB6.02A.jpg,measurable,non_measurable,measurable,non_measurable,measurable,non_measurable,non_measurable,measurable,non_measurable,measurable,non_measurable,non_measurable,non_measurable,non_measurable,non_measurable,measurable,measurable,non_measurable,non_measurable,non_measurable,non_measurable,measurable,measurable,non_measurable,non_measurable,measurable,measurable,254.029,,36.07,,72.156,,,61.016,,156.943,,,,,,157.874,156.084,,,,,76.109,54.531,,,61.269,55.377
C:\Users\tombe\Documents\_MLE\CV-for-GRIT\databases\luomus_beetles_pictures\01\EB6.02E.jpg,measurable,non_measurable,measurable,non_measurable,measurable,measurable,non_measurable,measurable,non_measurable,measurable,non_measurable,non_measurable,non_measurable,non_measurable,non_measurable,measurable,measurable,non_measurable,non_measurable,non_measurable,non_measurable,measurable,measurable,non_measurable,non_measurable,measurable,measurable,255.981,,35.803,,67.1,81.113,,61.265,,158.913,,,,,,160.276,157.963,,,,,76.948,45.255,,,75.142,59.544
C:\Users\tombe\Documents\_MLE\CV-for-GRIT\databases\luomus_beetles_pictures\01\EB6.02F.jpg,measurable,non_measurable,measurable,non_measurable,measurable,measurable,non_measurable,measurable,non_measurable,measurable,non_measurable,non_measurable,non_measurable,non_measurable,non_measurable,measurable,measurable,non_measurable,non_measurable,non_measurable,non_measurable,measurable,measurable,non_measurable,non_measurable,measurable,measurable,236.486,,31.168,,64.895,55.708,,59.772,,145.546,,,,,,145.895,146.314,,,,,69.399,55.711,,,64.143,46.504
C:\Users\tombe\Documents\_MLE\CV-for-GRIT\databases\luomus_beetles_pictures\01\EB6.02I.jpg,measurable,non_measurable,measurable,non_measurable,measurable,measurable,non_measurable,measurable,non_measurable,measurable,non_measurable,non_measurable,non_measurable,non_measurable,non_measurable,measurable,measurable,non_measurable,non_measurable,non_measurable,non_measurable,measurable,measurable,non_measurable,non_measurable,measurable,measurable,193.317,,23.975,,59.671,58.39,,45.49,,123.852,,,,,,121.156,121.556,,,,,57.7,45.926,,,51.223,41.383
C:\Users\tombe\Documents\_MLE\CV-for-GRIT\databases\luomus_beetles_pictures\01\EB6.02J.jpg,measurable,non_measurable,measurable,non_measurable,measurable,measurable,non_measurable,measurable,non_measurable,measurable,non_measurable,non_measurable,non_measurable,non_measurable,non_measurable,measurable,measurable,non_measurable,non_measurable,non_measurable,non_measurable,non_measurable,non_measurable,non_measurable,non_measurable,non_measurable,measurable,218.059,,20.068,,77.345,64.471,,54.79,,143.201,,,,,,142.762,142.414,,,,,,,,,,50.112
C:\Users\tombe\Documents\_MLE\CV-for-GRIT\databases\luomus_beetles_pictures\01\EB6.02O.jpg,measurable,non_measurable,measurable,non_measurable,measurable,measurable,non_measurable,measurable,non_measurable,measurable,non_measurable,non_measurable,non_measurable,non_measurable,non_measurable,measurable,measurable,non_measurable,non_measurable,non_measurable,non_measurable,measurable,measurable,non_measurable,non_measurable,measurable,measurable,224.469,,39.625,,63.294,59.437,,48.468,,136.376,,,,,,131.703,132.08,,,,,66.387,51.202,,,52.606,50.596
C:\Users\tombe\Documents\_MLE\CV-for-GRIT\databases\luomus_beetles_pictures\01\EB6.02P.jpg,measurable,non_measurable,measurable,non_measurable,measurable,measurable,non_measurable,measurable,non_measurable,measurable,non_measurable,non_measurable,non_measurable,non_measurable,non_measurable,measurable,measurable,non_measurable,non_measurable,non_measurable,non_measurable,measurable,measurable,non_measurable,non_measurable,measurable,measurable,221.534,,42.443,,60.257,66.519,,45.634,,133.458,,,,,,132.362,129.955,,,,,64.28,53.78,,,58.729,29.053
C:\Users\tombe\Documents\_MLE\CV-for-GRIT\databases\luomus_beetles_pictures\01\EB6.02Q.jpg,measurable,non_measurable,measurable,non_measurable,measurable,measurable,non_measurable,measurable,non_measurable,measurable,measurable,non_measurable,non_measurable,non_measurable,non_measurable,measurable,measurable,non_measurable,non_measurable,non_measurable,non_measurable,non_measurable,non_measurable,non_measurable,non_measurable,non_measurable,non_measurable,213.686,,36.648,,46.257,52.265,,48.521,,128.516,25.369,,,,,126.303,127.11,,,,,,,,,,
C:\Users\tombe\Documents\_MLE\CV-for-GRIT\databases\luomus_beetles_pictures\01\EB6.02R.jpg,measurable,measurable,measurable,non_measurable,measurable,measurable,non_measurable,measurable,non_measurable,measurable,non_measurable,non_measurable,non_measurable,non_measurable,non_measurable,measurable,measurable,non_measurable,non_measurable,non_measurable,non_measurable,measurable,measurable,non_measurable,non_measurable,measurable,measurable,222.763,44.531,39.354,,53.155,40.562,,46.807,,136.601,,,,,,133.832,135.834,,,,,58.671,45.218,,,63.131,34.451
C:\Users\tombe\Documents\_MLE\CV-for-GRIT\databases\luomus_beetles_pictures\01\EB6.02T.jpg,measurable,non_measurable,measurable,non_measurable,measurable,measurable,non_measurable,measurable,non_measurable,measurable,non_measurable,non_measurable,non_measurable,non_measurable,non_measurable,measurable,measurable,non_measurable,non_measurable,non_measurable,non_measurable,measurable,measurable,non_measurable,non_measurable,measurable,measurable,214.114,,35.468,,84.907,107.295,,44.859,,133.788,,,,,,132.398,132.728,,,,,62.263,50.639,,,51.204,43.494
C:\Users\tombe\Documents\_MLE\CV-for-GRIT\databases\luomus_beetles_pictures\01\EB6.02U.jpg,measurable,non_measurable,measurable,non_measurable,measurable,measurable,non_measurable,measurable,non_measurable,measurable,non_measurable,non_measurable,non_measurable,non_measurable,non_measurable,measurable,measurable,non_measurable,non_measurable,non_measurable,non_measurable,measurable,measurable,non_measurable,non_measurable,measurable,measurable,240.297,,40.941,,108.142,109.451,,46.874,,152.482,,,,,,150.401,148.553,,,,,65.005,59.005,,,53.221,41.256
C:\Users\tombe\Documents\_MLE\CV-for-GRIT\databases\luomus_beetles_pictures\01\EB6.02W.jpg,measurable,non_measurable,measurable,non_measurable,measurable,measurable,non_measurable,measurable,non_measurable,measurable,non_measurable,non_measurable,non_measurable,non_measurable,non_measurable,measurable,measurable,non_measurable,non_measurable,non_measurable,non_measurable,measurable,measurable,non_measurable,non_measurable,measurable,measurable,229.606,,35.729,,82.651,106.242,,45.242,,148.636,,,,,,142.77,143.551,,,,,65.849,54.043,,,62.041,63.58
C:\Users\tombe\Documents\_MLE\CV-for-GRIT\databases\luomus_beetles_pictures\01\EB6.02X.jpg,measurable,non_measurable,measurable,non_measurable,measurable,measurable,non_measurable,measurable,non_measurable,measurable,non_measurable,non_measurable,non_measurable,non_measurable,non_measurable,measurable,measurable,non_measurable,non_measurable,non_measurable,non_measurable,measurable,measurable,non_measurable,non_measurable,measurable,measurable,239.863,,30.812,,92.709,113.369,,51.844,,157.207,,,,,,154.823,153.922,,,,,69.877,60.975,,,59.318,52.447
C:\Users\tombe\Documents\_MLE\CV-for-GRIT\databases\luomus_beetles_pictures\01\EB6.02Y.jpg,measurable,non_measurable,measurable,non_measurable,measurable,measurable,non_measurable,measurable,non_measurable,measurable,non_measurable,non_measurable,non_measurable,non_measurable,non_measurable,measurable,measurable,non_measurable,non_measurable,non_measurable,non_measurable,measurable,measurable,non_measurable,non_measurable,measurable,measurable,235.985,,32.039,,93.637,125.684,,53.844,,150.102,,,,,,147.239,145.011,,,,,69.302,68.061,,,54.911,60.136
C:\Users\tombe\Documents\_MLE\CV-for-GRIT\databases\luomus_beetles_pictures\01\EB6.02Z.jpg,measurable,non_measurable,measurable,non_measurable,measurable,measurable,non_measurable,measurable,non_measurable,measurable,non_measurable,non_measurable,non_measurable,non_measurable,non_measurable,measurable,measurable,non_measurable,non_measurable,non_measurable,non_measurable,measurable,measurable,non_measurable,non_measurable,measurable,measurable,241.575,,34.215,,80.156,108.404,,49.643,,157.717,,,,,,135.145,153.846,,,,,68.332,59.774,,,45.847,61.451
C:\Users\tombe\Documents\_MLE\CV-for-GRIT\databases\luomus_beetles_pictures\01\EB6.030.jpg,measurable,non_measurable,measurable,non_measurable,measurable,measurable,non_measurable,measurable,non_measurable,measurable,non_measurable,non_measurable,non_measurable,non_measurable,non_measurable,measurable,measurable,non_measurable,non_measurable,non_measurable,non_measurable,non_measurable,non_measurable,non_measurable,non_measurable,non_measurable,measurable,182.477,,27.758,,43.55,33.244,,48.714,,106.005,,,,,,100.367,99.947,,,,,,,,,,26.428
C:\Users\tombe\Documents\_MLE\CV-for-GRIT\databases\luomus_beetles_pictures\01\EB6.031.jpg,measurable,non_measurable,measurable,non_measurable,measurable,measurable,non_measurable,measurable,non_measurable,measurable,non_measurable,non_measurable,non_measurable,non_measurable,non_measurable,measurable,measurable,non_measurable,non_measurable,non_measurable,non_measurable,measurable,measurable,non_measurable,non_measurable,non_measurable,measurable,172.443,,25.703,,37.38,40.418,,42.172,,104.568,,,,,,94.738,94.853,,,,,20.72,22.33,,,,21.698
C:\Users\tombe\Documents\_MLE\CV-for-GRIT\databases\luomus_beetles_pictures\01\EB6.032.jpg,measurable,non_measurable,measurable,non_measurable,measurable,measurable,non_measurable,measurable,non_measurable,measurable,non_measurable,non_measurable,non_measurable,non_measurable,non_measurable,measurable,measurable,non_measurable,non_measurable,non_measurable,non_measurable,non_measurable,non_measurable,non_measurable,non_measurable,non_measurable,measurable,183.33,,30.514,,36.399,35.501,,45.163,,107.653,,,,,,101.464,101.174,,,,,,,,,,23.675
C:\Users\tombe\Documents\_MLE\CV-for-GRIT\databases\luomus_beetles_pictures\01\EB6.033.jpg,measurable,non_measurable,measurable,non_measurable,measurable,measurable,non_measurable,measurable,non_measurable,measurable,non_measurable,non_measurable,non_measurable,non_measurable,non_measurable,measurable,measurable,non_measurable,non_measurable,non_measurable,non_measurable,non_measurable,non_measurable,non_measurable,non_measurable,non_measurable,measurable,181.709,,22.257,,41.223,39.739,,49.872,,109.58,,,,,,103.123,102.229,,,,,,,,,,23.45
C:\Users\tombe\Documents\_MLE\CV-for-GRIT\databases\luomus_beetles_pictures\01\EB6.034.jpg,measurable,non_measurable,measurable,non_measurable,measurable,measurable,non_measurable,measurable,non_measurable,measurable,non_measurable,non_measurable,non_measurable,non_measurable,non_measurable,measurable,measurable,non_measurable,non_measurable,non_measurable,non_measurable,measurable,measurable,non_measurable,non_measurable,measurable,measurable,188.36,,30.759,,34.909,43.602,,50.591,,107.011,,,,,,100.475,100.349,,,,,28.789,25.983,,,23.888,27.463
C:\Users\tombe\Documents\_MLE\CV-for-GRIT\databases\luomus_beetles_pictures\01\EB6.036.jpg,measurable,non_measurable,measurable,non_measurable,measurable,measurable,non_measurable,measurable,non_measurable,measurable,non_measurable,non_measurable,non_measurable,non_measurable,non_measurable,measurable,measurable,non_measurable,non_measurable,non_measurable,non_measurable,measurable,measurable,non_measurable,non_measurable,measurable,measurable,186.395,,32.234,,45.424,39.346,,49.397,,104.764,,,,,,100.141,99.281,,,,,26.856,17.873,,,19.076,23.223
C:\Users\tombe\Documents\_MLE\CV-for-GRIT\databases\luomus_beetles_pictures\01\EB6.037.jpg,measurable,non_measurable,measurable,non_measurable,measurable,measurable,non_measurable,measurable,non_measurable,measurable,non_measurable,non_measurable,non_measurable,non_measurable,non_measurable,measurable,measurable,non_measurable,non_measurable,non_measurable,non_measurable,non_measurable,non_measurable,non_measurable,non_measurable,non_measurable,measurable,179.615,,29.018,,32.254,35.3,,46.646,,103.952,,,,,,91.349,91.396,,,,,,,,,,22.165
C:\Users\tombe\Documents\_MLE\CV-for-GRIT\databases\luomus_beetles_pictures\01\EB6.038.jpg,measurable,measurable,measurable,non_measurable,non_measurable,non_measurable,non_measurable,measurable,non_measurable,measurable,non_measurable,non_measurable,non_measurable,non_measurable,non_measurable,measurable,measurable,non_measurable,non_measurable,non_measurable,non_measurable,non_measurable,non_measurable,non_measurable,non_measurable,measurable,measurable,178.269,27.417,31.927,,,,,44.024,,102.318,,,,,,97.993,98.265,,,,,,,,,16.234,14.445
C:\Users\tombe\Documents\_MLE\CV-for-GRIT\databases\luomus_beetles_pictures\01\EB6.039.jpg,measurable,non_measurable,measurable,non_measurable,measurable,measurable,non_measurable,measurable,non_measurable,measurable,non_measurable,non_measurable,non_measurable,non_measurable,non_measurable,measurable,measurable,non_measurable,non_measurable,non_measurable,non_measurable,measurable,measurable,non_measurable,non_measurable,non_measurable,non_measurable,165.452,,17.366,,35.149,34.774,,47.774,,100.312,,,,,,95.942,94.183,,,,,22.321,22.946,,,,
C:\Users\tombe\Documents\_MLE\CV-for-GRIT\databases\luomus_beetles_pictures\01\EB6.03A.jpg,measurable,non_measurable,measurable,non_measurable,measurable,measurable,non_measurable,measurable,non_measurable,measurable,non_measurable,non_measurable,non_measurable,non_measurable,non_measurable,measurable,measurable,non_measurable,non_measurable,non_measurable,non_measurable,measurable,measurable,non_measurable,non_measurable,measurable,measurable,187.439,,34.156,,35.85,37.73,,48.565,,104.719,,,,,,98.976,100.078,,,,,21.369,20.548,,,18.318,24.573
C:\Users\tombe\Documents\_MLE\CV-for-GRIT\databases\luomus_beetles_pictures\01\EB6.03B.jpg,measurable,non_measurable,measurable,non_measurable,measurable,measurable,non_measurable,measurable,non_measurable,measurable,non_measurable,non_measurable,non_measurable,non_measurable,non_measurable,measurable,measurable,non_measurable,non_measurable,non_measurable,non_measurable,measurable,measurable,non_measurable,non_measurable,measurable,measurable,187.018,,23.56,,43.715,34.677,,53.217,,110.241,,,,,,106.532,105.468,,,,,26.967,21.099,,,21.584,24.082
C:\Users\tombe\Documents\_MLE\CV-for-GRIT\databases\luomus_beetles_pictures\01\EB6.03D.jpg,measurable,non_measurable,measurable,non_measurable,measurable,measurable,non_measurable,measurable,non_measurable,measurable,non_measurable,non_measurable,non_measurable,non_measurable,non_measurable,measurable,measurable,non_measurable,non_measurable,non_measurable,non_measurable,measurable,measurable,non_measurable,non_measurable,measurable,measurable,126.447,,12.937,,23.997,28.754,,39.062,,74.448,,,,,,69.726,69.427,,,,,15.72,18.803,,,18.57,18.676
C:\Users\tombe\Documents\_MLE\CV-for-GRIT\databases\luomus_beetles_pictures\01\EB6.03G.jpg,measurable,non_measurable,measurable,non_measurable,measurable,measurable,non_measurable,measurable,non_measurable,measurable,non_measurable,non_measurable,non_measurable,non_measurable,non_measurable,measurable,measurable,non_measurable,non_measurable,non_measurable,non_measurable,measurable,measurable,non_measurable,non_measurable,non_measurable,measurable,143.13,,23.113,,24.039,22.533,,40.701,,79.315,,,,,,77.234,76.187,,,,,19.176,17.44,,,,12.942
C:\Users\tombe\Documents\_MLE\CV-for-GRIT\databases\luomus_beetles_pictures\01\EB6.03H.jpg,measurable,non_measurable,measurable,non_measurable,measurable,measurable,non_measurable,measurable,non_measurable,measurable,non_measurable,non_measurable,non_measurable,non_measurable,non_measurable,measurable,measurable,non_measurable,non_measurable,non_measurable,non_measurable,non_measurable,non_measurable,non_measurable,non_measurable,non_measurable,non_measurable,140.826,,23.441,,26.605,22.122,,38.551,,78.834,,,,,,74.711,74.324,,,,,,,,,,
C:\Users\tombe\Documents\_MLE\CV-for-GRIT\databases\luomus_beetles_pictures\01\EB6.03J.jpg,measurable,non_measurable,measurable,non_measurable,measurable,measurable,non_measurable,measurable,non_measurable,measurable,non_measurable,non_measurable,non_measurable,non_measurable,non_measurable,measurable,measurable,non_measurable,non_measurable,non_measurable,non_measurable,non_measurable,non_measurable,non_measurable,non_measurable,measurable,measurable,133.612,,14.729,,26.757,26.199,,43.397,,75.486,,,,,,73.715,70.107,,,,,,,,,17.651,11.485
C:\Users\tombe\Documents\_MLE\CV-for-GRIT\databases\luomus_beetles_pictures\01\EB6.03K.jpg,measurable,non_measurable,measurable,non_measurable,measurable,measurable,non_measurable,measurable,non_measurable,measurable,non_measurable,non_measurable,non_measurable,non_measurable,non_measurable,measurable,measurable,non_measurable,non_measurable,non_measurable,non_measurable,non_measurable,non_measurable,non_measurable,non_measurable,measurable,measurable,128.055,,21.604,,20.886,28.532,,36.119,,70.332,,,,,,68.282,67.459,,,,,,,,,17.631,14.301
C:\Users\tombe\Documents\_MLE\CV-for-GRIT\databases\luomus_beetles_pictures\01\EB6.03L.jpg,measurable,non_measurable,measurable,non_measurable,measurable,measurable,non_measurable,measurable,non_measurable,measurable,non_measurable,non_measurable,non_measurable,non_measurable,non_measurable,measurable,measurable,non_measurable,non_measurable,non_measurable,non_measurable,non_measurable,non_measurable,non_measurable,non_measurable,non_measurable,measurable,132.749,,23.574,,18.851,29.386,,34.916,,74.259,,,,,,67.759,67.692,,,,,,,,,,20.094
C:\Users\tombe\Documents\_MLE\CV-for-GRIT\databases\luomus_beetles_pictures\01\EB6.03O.jpg,measurable,non_measurable,measurable,non_measurable,measurable,measurable,non_measurable,measurable,non_measurable,measurable,non_measurable,non_measurable,non_measurable,non_measurable,non_measurable,measurable,measurable,non_measurable,non_measurable,non_measurable,non_measurable,non_measurable,non_measurable,non_measurable,non_measurable,non_measurable,measurable,124.644,,22.073,,19.794,15.583,,32.344,,70.227,,,,,,65.941,65.059,,,,,,,,,,18.818
C:\Users\tombe\Documents\_MLE\CV-for-GRIT\databases\luomus_beetles_pictures\01\EB6.03P.jpg,measurable,non_measurable,measurable,non_measurable,measurable,measurable,non_measurable,measurable,non_measurable,measurable,non_measurable,non_measurable,non_measurable,non_measurable,non_measurable,measurable,measurable,non_measurable,non_measurable,non_measurable,non_measurable,non_measurable,measurable,non_measurable,non_measurable,measurable,measurable,130.796,,20.496,,25.44,27.513,,34.896,,75.405,,,,,,73.291,72.8,,,,,,17.873,,,17.873,16.411
C:\Users\tombe\Documents\_MLE\CV-for-GRIT\databases\luomus_beetles_pictures\01\EB6.03Q.jpg,measurable,non_measurable,measurable,non_measurable,measurable,measurable,non_measurable,measurable,non_measurable,measurable,non_measurable,non_measurable,non_measurable,non_measurable,non_measurable,measurable,measurable,non_measurable,non_measurable,non_measurable,non_measurable,non_measurable,measurable,non_measurable,non_measurable,non_measurable,non_measurable,106.34,,13.153,,22.651,25.468,,29.957,,63.229,,,,,,60.52,60.665,,,,,,15.166,,,,
C:\Users\tombe\Documents\_MLE\CV-for-GRIT\databases\luomus_beetles_pictures\01\EB6.03R.jpg,measurable,non_measurable,measurable,non_measurable,measurable,measurable,non_measurable,measurable,non_measurable,measurable,non_measurable,non_measurable,non_measurable,non_measurable,non_measurable,measurable,measurable,non_measurable,non_measurable,non_measurable,non_measurable,non_measurable,non_measurable,non_measurable,non_measurable,non_measurable,measurable,95.554,,16.918,,16.085,16.93,,26.711,,51.925,,,,,,48.419,48.765,,,,,,,,,,12.493
C:\Users\tombe\Documents\_MLE\CV-for-GRIT\databases\luomus_beetles_pictures\01\EB6.03S.jpg,measurable,non_measurable,measurable,non_measurable,measurable,measurable,non_measurable,measurable,non_measurable,measurable,non_measurable,non_measurable,non_measurable,non_measurable,non_measurable,measurable,measurable,non_measurable,non_measurable,non_measurable,non_measurable,non_measurable,non_measurable,non_measurable,non_measurable,non_measurable,non_measurable,101.459,,17.983,,17.273,23.158,,28.409,,55.067,,,,,,54.466,53.421,,,,,,,,,,
C:\Users\tombe\Documents\_MLE\CV-for-GRIT\databases\luomus_beetles_pictures\01\EB6.03T.jpg,measurable,non_measurable,measurable,non_measurable,measurable,measurable,non_measurable,measurable,non_measurable,measurable,non_measurable,non_measurable,non_measurable,non_measurable,non_measurable,measurable,measurable,non_measurable,non_measurable,non_measurable,non_measurable,non_measurable,measurable,non_measurable,non_measurable,measurable,measurable,99.947,,18.511,,11.357,26.398,,29.285,,52.151,,,,,,50.622,48.987,,,,,,14.734,,,16.695,16.25
C:\Users\tombe\Documents\_MLE\CV-for-GRIT\databases\luomus_beetles_pictures\01\EB6.03U.jpg,measurable,non_measurable,measurable,non_measurable,measurable,measurable,non_measurable,measurable,non_measurable,measurable,non_measurable,non_measurable,non_measurable,non_measurable,non_measurable,measurable,measurable,non_measurable,non_measurable,non_measurable,non_measurable,non_measurable,measurable,non_measurable,non_measurable,non_measurable,measurable,94.883,,12.081,,19.828,20.529,,28.951,,53.851,,,,,,52.991,51.558,,,,,,13.507,,,,13.91
C:\Users\tombe\Documents\_MLE\CV-for-GRIT\databases\luomus_beetles_pictures\01\EB6.03W.jpg,measurable,non_measurable,measurable,non_measurable,measurable,measurable,non_measurable,measurable,non_measurable,measurable,non_measurable,non_measurable,non_measurable,non_measurable,non_measurable,measurable,measurable,non_measurable,non_measurable,non_measurable,non_measurable,non_measurable,measurable,non_measurable,non_measurable,measurable,measurable,96.663,,13.476,,16.087,25.493,,28.346,,54.841,,,,,,53.018,52.575,,,,,,13.687,,,16.385,11.992
C:\Users\tombe\Documents\_MLE\CV-for-GRIT\databases\luomus_beetles_pictures\01\EB6.03X.jpg,measurable,non_measurable,measurable,non_measurable,measurable,measurable,non_measurable,measurable,non_measurable,measurable,non_measurable,non_measurable,non_measurable,non_measurable,non_measurable,measurable,measurable,non_measurable,non_measurable,non_measurable,non_measurable,non_measurable,non_measurable,non_measurable,non_measurable,measurable,measurable,99.565,,18.096,,18.961,25.212,,28.484,,52.985,,,,,,51.188,50.228,,,,,,,,,16.491,12.016
C:\Users\tombe\Documents\_MLE\CV-for-GRIT\databases\luomus_beetles_pictures\01\EB6.03Y.jpg,measurable,non_measurable,measurable,non_measurable,measurable,measurable,non_measurable,measurable,non_measurable,measurable,non_measurable,non_measurable,non_measurable,non_measurable,non_measurable,measurable,measurable,non_measurable,non_measurable,non_measurable,non_measurable,non_measurable,non_measurable,non_measurable,non_measurable,non_measurable,non_measurable,78.733,,11.444,,21.664,20.482,,23.827,,43.463,,,,,,40.892,40.352,,,,,,,,,,
C:\Users\tombe\Documents\_MLE\CV-for-GRIT\databases\luomus_beetles_pictures\01\EB6.03Z.jpg,measurable,non_measurable,measurable,non_measurable,measurable,measurable,non_measurable,measurable,non_measurable,measurable,non_measurable,non_measurable,non_measurable,non_measurable,non_measurable,measurable,measurable,non_measurable,non_measurable,non_measurable,non_measurable,non_measurable,non_measurable,non_measurable,non_measurable,non_measurable,measurable,80.595,,14.943,,13.866,17.027,,24.583,,41.068,,,,,,38.998,38.875,,,,,,,,,,12.825
C:\Users\tombe\Documents\_MLE\CV-for-GRIT\databases\luomus_beetles_pictures\01\EB6.041.jpg,measurable,non_measurable,measurable,non_measurable,measurable,measurable,non_measurable,measurable,non_measurable,measurable,non_measurable,non_measurable,non_measurable,non_measurable,non_measurable,measurable,measurable,non_measurable,non_measurable,non_measurable,non_measurable,non_measurable,non_measurable,non_measurable,non_measurable,non_measurable,non_measurable,83.718,,13.584,,15.412,17.157,,24.343,,45.792,,,,,,41.167,42.377,,,,,,,,,,
C:\Users\tombe\Documents\_MLE\CV-for-GRIT\databases\luomus_beetles_pictures\01\EB6.042.jpg,measurable,non_measurable,measurable,non_measurable,measurable,measurable,non_measurable,measurable,non_measurable,measurable,non_measurable,non_measurable,non_measurable,non_measurable,non_measurable,measurable,measurable,non_measurable,non_measurable,non_measurable,non_measurable,non_measurable,non_measurable,non_measurable,non_measurable,non_measurable,measurable,82.204,,13.323,,19.977,21.22,,23.118,,45.762,,,,,,43.175,41.996,,,,,,,,,,13.864
C:\Users\tombe\Documents\_MLE\CV-for-GRIT\databases\luomus_beetles_pictures\01\EB6.045.jpg,measurable,non_measurable,measurable,non_measurable,measurable,measurable,non_measurable,measurable,non_measurable,measurable,non_measurable,non_measurable,non_measurable,non_measurable,non_measurable,measurable,measurable,non_measurable,non_measurable,non_measurable,non_measurable,non_measurable,non_measurable,non_measurable,non_measurable,non_measurable,measurable,77.135,,11.252,,16.005,17.935,,23.143,,42.739,,,,,,40.143,40.277,,,,,,,,,,11.846
C:\Users\tombe\Documents\_MLE\CV-for-GRIT\databases\luomus_beetles_pictures\01\EB6.049.jpg,measurable,non_measurable,measurable,non_measurable,measurable,measurable,non_measurable,measurable,non_measurable,measurable,non_measurable,non_measurable,non_measurable,non_measurable,non_measurable,measurable,measurable,non_measurable,non_measurable,non_measurable,non_measurable,non_measurable,measurable,non_measurable,non_measurable,non_measurable,non_measurable,83.154,,12.556,,19.378,16.925,,25.096,,45.501,,,,,,44.374,43.823,,,,,,10.027,,,,
C:\Users\tombe\Documents\_MLE\CV-for-GRIT\databases\luomus_beetles_pictures\01\EB6.04D.jpg,measurable,non_measurable,measurable,non_measurable,measurable,measurable,non_measurable,measurable,non_measurable,measurable,non_measurable,non_measurable,non_measurable,non_measurable,non_measurable,measurable,measurable,non_measurable,non_measurable,non_measurable,non_measurable,non_measurable,non_measurable,non_measurable,non_measurable,measurable,measurable,92.214,,13.444,,15.905,21.082,,29.783,,48.987,,,,,,47.233,48.083,,,,,,,,,13.417,10.276
C:\Users\tombe\Documents\_MLE\CV-for-GRIT\databases\luomus_beetles_pictures\01\EB6.04G.jpg,measurable,non_measurable,measurable,non_measurable,measurable,measurable,non_measurable,measurable,non_measurable,measurable,non_measurable,non_measurable,non_measurable,non_measurable,non_measurable,measurable,measurable,non_measurable,non_measurable,non_measurable,non_measurable,measurable,measurable,non_measurable,non_measurable,measurable,measurable,227.605,,40.671,,58.301,37.622,,52.21,,134.723,,,,,,130.203,125.954,,,,,40.329,29.886,,,40.329,30.077
C:\Users\tombe\Documents\_MLE\CV-for-GRIT\databases\luomus_beetles_pictures\01\EB6.04H.jpg,measurable,non_measurable,measurable,non_measurable,measurable,measurable,non_measurable,measurable,non_measurable,measurable,non_measurable,non_measurable,non_measurable,non_measurable,non_measurable,measurable,measurable,non_measurable,non_measurable,non_measurable,non_measurable,measurable,measurable,non_measurable,non_measurable,measurable,measurable,188.093,,34.736,,55.802,45.034,,41.82,,111.537,,,,,,112.895,113.38,,,,,43.813,35.684,,,41.035,34.248
C:\Users\tombe\Documents\_MLE\CV-for-GRIT\databases\luomus_beetles_pictures\01\EB6.04K.jpg,measurable,non_measurable,measurable,non_measurable,measurable,measurable,non_measurable,measurable,non_measurable,measurable,non_measurable,non_measurable,non_measurable,non_measurable,non_measurable,measurable,measurable,non_measurable,non_measurable,non_measurable,non_measurable,measurable,measurable,non_measurable,non_measurable,measurable,measurable,139.175,,25.353,,31.345,47.178,,28.967,,84.856,,,,,,82.488,83.11,,,,,33.773,30.312,,,28.267,30.794
C:\Users\tombe\Documents\_MLE\CV-for-GRIT\databases\luomus_beetles_pictures\01\EB6.04L.jpg,measurable,non_measurable,measurable,non_measurable,measurable,measurable,non_measurable,measurable,non_measurable,measurable,non_measurable,non_measurable,non_measurable,non_measurable,non_measurable,measurable,measurable,non_measurable,non_measurable,non_measurable,non_measurable,measurable,measurable,non_measurable,non_measurable,non_measurable,measurable,128.737,,25.608,,39.979,48.566,,27.517,,75.612,,,,,,75.649,75.799,,,,,37.943,25.575,,,,30.106
C:\Users\tombe\Documents\_MLE\CV-for-GRIT\databases\luomus_beetles_pictures\01\EB6.04P.jpg,measurable,non_measurable,measurable,non_measurable,measurable,measurable,non_measurable,measurable,non_measurable,measurable,non_measurable,non_measurable,non_measurable,non_measurable,non_measurable,measurable,measurable,non_measurable,non_measurable,non_measurable,non_measurable,measurable,measurable,non_measurable,non_measurable,non_measurable,measurable,138.721,,26.554,,45.912,51.201,,27.782,,84.385,,,,,,80.422,79.444,,,,,31.741,30.42,,,,17.175
C:\Users\tombe\Documents\_MLE\CV-for-GRIT\databases\luomus_beetles_pictures\01\EB6.04Q.jpg,measurable,non_measurable,measurable,non_measurable,measurable,measurable,non_measurable,measurable,non_measurable,measurable,non_measurable,non_measurable,non_measurable,non_measurable,non_measurable,measurable,measurable,non_measurable,non_measurable,non_measurable,non_measurable,measurable,measurable,non_measurable,non_measurable,measurable,measurable,139.091,,23.795,,38.356,45.988,,31.004,,84.291,,,,,,80.21,77.101,,,,,33.587,31.272,,,37.312,21.502
C:\Users\tombe\Documents\_MLE\CV-for-GRIT\databases\luomus_beetles_pictures\01\EB6.04U.jpg,measurable,non_measurable,measurable,non_measurable,measurable,measurable,non_measurable,measurable,non_measurable,measurable,non_measurable,non_measurable,non_measurable,non_measurable,non_measurable,measurable,measurable,non_measurable,non_measurable,non_measurable,non_measurable,measurable,measurable,non_measurable,non_measurable,measurable,measurable,164.646,,26.413,,63.384,65.981,,27.059,,111.175,,,,,,106.859,106.049,,,,,41.48,38.842,,,41.49,41.715
C:\Users\tombe\Documents\_MLE\CV-for-GRIT\databases\luomus_beetles_pictures\01\EB6.04V.jpg,measurable,non_measurable,measurable,non_measurable,measurable,measurable,non_measurable,measurable,non_measurable,measurable,non_measurable,non_measurable,non_measurable,non_measurable,non_measurable,measurable,measurable,non_measurable,non_measurable,non_measurable,non_measurable,measurable,measurable,non_measurable,non_measurable,measurable,measurable,161.353,,30.853,,65.519,53.05,,26.332,,104.167,,,,,,106.325,102.471,,,,,42.826,38.524,,,31.84,35.729
C:\Users\tombe\Documents\_MLE\CV-for-GRIT\databases\luomus_beetles_pictures\01\EB6.04X.jpg,measurable,non_measurable,measurable,non_measurable,measurable,measurable,non_measurable,measurable,non_measurable,measurable,non_measurable,non_measurable,non_measurable,non_measurable,non_measurable,measurable,measurable,non_measurable,non_measurable,non_measurable,non_measurable,measurable,measurable,non_measurable,non_measurable,measurable,measurable,170.827,,24.873,,56.311,53.923,,32.199,,113.756,,,,,,108.971,111.093,,,,,47.622,38.907,,,39.623,35.9
C:\Users\tombe\Documents\_MLE\CV-for-GRIT\databases\luomus_beetles_pictures\01\EB6.051.jpg,measurable,non_measurable,measurable,non_measurable,measurable,measurable,non_measurable,measurable,non_measurable,measurable,non_measurable,non_measurable,non_measurable,non_measurable,non_measurable,measurable,measurable,non_measurable,non_measurable,non_measurable,non_measurable,measurable,measurable,non_measurable,non_measurable,measurable,measurable,172.53,,26.371,,70.375,48.87,,34.785,,111.375,,,,,,108.981,107.459,,,,,45.618,28.177,,,38.743,40.12
C:\Users\tombe\Documents\_MLE\CV-for-GRIT\databases\luomus_beetles_pictures\01\EB6.053.jpg,measurable,non_measurable,measurable,non_measurable,measurable,measurable,non_measurable,measurable,non_measurable,measurable,non_measurable,non_measurable,non_measurable,non_measurable,non_measurable,measurable,measurable,non_measurable,non_measurable,non_measurable,non_measurable,non_measurable,non_measurable,non_measurable,non_measurable,measurable,measurable,184.256,,28.786,,74.075,66.969,,36.397,,119.073,,,,,,115.901,113.706,,,,,,,,,37.64,35.822
C:\Users\tombe\Documents\_MLE\CV-for-GRIT\databases\luomus_beetles_pictures\01\EB6.054.jpg,measurable,non_measurable,measurable,non_measurable,measurable,measurable,non_measurable,measurable,non_measurable,measurable,non_measurable,non_measurable,non_measurable,non_measurable,non_measurable,measurable,measurable,non_measurable,non_measurable,non_measurable,non_measurable,measurable,measurable,non_measurable,non_measurable,measurable,measurable,190.676,,27.571,,58.564,82.058,,40.075,,123.03,,,,,,121.482,117.858,,,,,49.697,36.426,,,39.784,39.461
C:\Users\tombe\Documents\_MLE\CV-for-GRIT\databases\luomus_beetles_pictures\01\EB6.056.jpg,measurable,non_measurable,measurable,non_measurable,measurable,measurable,non_measurable,measurable,non_measurable,measurable,non_measurable,non_measurable,non_measurable,non_measurable,non_measurable,measurable,measurable,non_measurable,non_measurable,non_measurable,non_measurable,non_measurable,non_measurable,non_measurable,non_measurable,non_measurable,measurable,114.779,,14.695,,39.504,47.828,,25.69,,74.394,,,,,,71.644,70.785,,,,,,,,,,22.776
C:\Users\tombe\Documents\_MLE\CV-for-GRIT\databases\luomus_beetles_pictures\01\EB6.057.jpg,measurable,non_measurable,measurable,non_measurable,measurable,measurable,non_measurable,measurable,non_measurable,measurable,non_measurable,non_measurable,non_measurable,non_measurable,non_measurable,measurable,measurable,non_measurable,non_measurable,non_measurable,non_measurable,non_measurable,non_measurable,non_measurable,non_measurable,measurable,measurable,112.773,,13.37,,39.452,44.624,,26.3,,73.102,,,,,,69.147,69.936,,,,,,,,,21.528,24.013
C:\Users\tombe\Documents\_MLE\CV-for-GRIT\databases\luomus_beetles_pictures\01\EB6.059.jpg,measurable,non_measurable,measurable,non_measurable,measurable,measurable,non_measurable,measurable,non_measurable,measurable,non_measurable,non_measurable,non_measurable,non_measurable,non_measurable,measurable,measurable,non_measurable,non_measurable,non_measurable,non_measurable,measurable,measurable,non_measurable,non_measurable,non_measurable,measurable,113.932,,20.67,,28.161,48.835,,25.997,,67.265,,,,,,64.3,62.102,,,,,26.734,20.951,,,,24.72
C:\Users\tombe\Documents\_MLE\CV-for-GRIT\databases\luomus_beetles_pictures\01\EB6.05D.jpg,measurable,non_measurable,measurable,non_measurable,measurable,measurable,non_measurable,measurable,non_measurable,measurable,non_measurable,non_measurable,non_measurable,non_measurable,non_measurable,measurable,measurable,non_measurable,non_measurable,non_measurable,non_measurable,measurable,measurable,non_measurable,non_measurable,measurable,measurable,112.719,,20.651,,44.161,41.473,,22.432,,69.637,,,,,,68.936,68.313,,,,,25.934,21.056,,,25.416,22.955
C:\Users\tombe\Documents\_MLE\CV-for-GRIT\databases\luomus_beetles_pictures\01\EB6.05F.jpg,measurable,non_measurable,measurable,non_measurable,measurable,measurable,non_measurable,measurable,non_measurable,measurable,non_measurable,non_measurable,non_measurable,non_measurable,non_measurable,measurable,measurable,non_measurable,non_measurable,non_measurable,non_measurable,measurable,measurable,non_measurable,non_measurable,non_measurable,non_measurable,120.301,,21.839,,39.45,51.836,,26.006,,72.455,,,,,,72.882,71.036,,,,,27.936,24.974,,,,
C:\Users\tombe\Documents\_MLE\CV-for-GRIT\databases\luomus_beetles_pictures\01\EB6.05I.jpg,measurable,non_measurable,measurable,non_measurable,measurable,measurable,non_measurable,measurable,non_measurable,measurable,non_measurable,non_measurable,non_measurable,non_measurable,non_measurable,measurable,measurable,non_measurable,non_measurable,non_measurable,non_measurable,measurable,measurable,non_measurable,non_measurable,measurable,measurable,119.584,,20.299,,42.886,44.456,,26.175,,73.111,,,,,,69.996,69.02,,,,,26.713,24.498,,,25.236,23.58
C:\Users\tombe\Documents\_MLE\CV-for-GRIT\databases\luomus_beetles_pictures\01\EB6.05K.jpg,measurable,non_measurable,measurable,non_measurable,measurable,measurable,non_measurable,measurable,non_measurable,measurable,non_measurable,non_measurable,non_measurable,non_measurable,non_measurable,measurable,measurable,non_measurable,non_measurable,non_measurable,non_measurable,measurable,measurable,non_measurable,non_measurable,non_measurable,measurable,107.266,,19.75,,30.686,36.237,,21.195,,66.321,,,,,,64.888,65.754,,,,,20.511,20.026,,,,23.248
C:\Users\tombe\Documents\_MLE\CV-for-GRIT\databases\luomus_beetles_pictures\01\EB6.05M.jpg,measurable,measurable,measurable,measurable,measurable,measurable,measurable,measurable,measurable,measurable,measurable,non_measurable,non_measurable,non_measurable,non_measurable,measurable,measurable,measurable,measurable,non_measurable,non_measurable,measurable,measurable,non_measurable,non_measurable,measurable,measurable,555.925,121.283,95.878,73.325,236.887,237.624,154.999,110.946,214.55,349.101,65.924,,,,,341.654,344.059,109.261,103.43,,,115.857,100.789,,,111.556,96.52
C:\Users\tombe\Documents\_MLE\CV-for-GRIT\databases\luomus_beetles_pictures\01\EB6.05O.jpg,measurable,measurable,measurable,measurable,measurable,measurable,measurable,measurable,measurable,measurable,measurable,non_measurable,non_measurable,non_measurable,non_measurable,measurable,measurable,measurable,measurable,non_measurable,non_measurable,measurable,measurable,non_measurable,non_measurable,measurable,measurable,544.697,118.22,93.993,60.659,227.576,233.111,151.32,108.996,213.539,341.708,79.924,,,,,336.831,331.255,104.531,106.794,,,116.11,85.207,,,122.489,92.002
C:\Users\tombe\Documents\_MLE\CV-for-GRIT\databases\luomus_beetles_pictures\01\EB6.05P.jpg,measurable,measurable,measurable,measurable,measurable,measurable,measurable,measurable,measurable,measurable,measurable,non_measurable,non_measurable,non_measurable,non_measurable,measurable,measurable,measurable,measurable,non_measurable,non_measurable,measurable,measurable,non_measurable,non_measurable,measurable,measurable,574.237,123.356,95.415,66.899,252.122,260.488,163.049,116.166,230.963,362.656,88.761,,,,,356.357,357.276,114.832,112.613,,,117.175,105.2,,,127.42,86.618
C:\Users\tombe\Documents\_MLE\CV-for-GRIT\databases\luomus_beetles_pictures\01\EB6.05R.jpg,measurable,measurable,measurable,measurable,measurable,measurable,measurable,measurable,measurable,measurable,measurable,non_measurable,non_measurable,non_measurable,non_measurable,measurable,measurable,measurable,measurable,non_measurable,non_measurable,measurable,measurable,non_measurable,non_measurable,measurable,measurable,542.171,116.686,90.176,67.222,230.656,245.239,150.727,110.62,207.188,341.375,68.234,,,,,340.361,339.318,101.347,103.612,,,129.653,95.276,,,125.702,101.396
C:\Users\tombe\Documents\_MLE\CV-for-GRIT\databases\luomus_beetles_pictures\01\EB6.05S.jpg,measurable,measurable,measurable,measurable,measurable,measurable,measurable,measurable,measurable,measurable,measurable,non_measurable,non_measurable,non_measurable,non_measurable,measurable,measurable,measurable,measurable,non_measurable,non_measurable,measurable,measurable,non_measurable,non_measurable,measurable,measurable,634.062,133.409,111.372,90.233,272.071,264.367,163.773,124.705,260.707,397.985,93.665,,,,,404.215,405.396,132.275,125.041,,,150.83,121.658,,,146.057,123.102
C:\Users\tombe\Documents\_MLE\CV-for-GRIT\databases\luomus_beetles_pictures\01\EB6.05T.jpg,measurable,measurable,measurable,measurable,measurable,measurable,measurable,measurable,measurable,measurable,measurable,non_measurable,non_measurable,non_measurable,non_measurable,measurable,measurable,measurable,non_measurable,non_measurable,non_measurable,measurable,measurable,non_measurable,non_measurable,measurable,measurable,586.878,127.03,92.58,85.505,263.457,272.207,148.141,107.699,233.489,386.599,85.353,,,,,372.459,367.954,117.417,,,,140.261,122.512,,,134.362,124.788
C:\Users\tombe\Documents\_MLE\CV-for-GRIT\databases\luomus_beetles_pictures\01\EB6.05U.jpg,measurable,measurable,measurable,measurable,measurable,measurable,measurable,measurable,measurable,measurable,measurable,non_measurable,non_measurable,non_measurable,non_measurable,measurable,measurable,measurable,measurable,non_measurable,non_measurable,measurable,measurable,non_measurable,non_measurable,measurable,measurable,605.571,132.132,97.296,90.053,243.37,236.312,155.23,116.001,257.733,392.274,98.075,,,,,395.487,397.272,131.114,119.29,,,138.432,119.739,,,137.097,118.811
C:\Users\tombe\Documents\_MLE\CV-for-GRIT\databases\luomus_beetles_pictures\01\EB6.05W.jpg,measurable,measurable,measurable,measurable,measurable,measurable,measurable,measurable,measurable,measurable,measurable,non_measurable,non_measurable,non_measurable,non_measurable,measurable,measurable,measurable,measurable,non_measurable,non_measurable,measurable,measurable,non_measurable,non_measurable,measurable,measurable,594.167,127.427,102.729,90.502,239.11,247.47,152.844,108.061,237.139,383.376,91.683,,,,,373.733,386.315,106.273,127.46,,,140.857,93.582,,,135.638,101.737
C:\Users\tombe\Documents\_MLE\CV-for-GRIT\databases\luomus_beetles_pictures\01\EB6.05Y.jpg,measurable,measurable,measurable,measurable,measurable,measurable,measurable,measurable,measurable,measurable,measurable,non_measurable,non_measurable,non_measurable,non_measurable,measurable,measurable,measurable,measurable,non_measurable,non_measurable,measurable,measurable,non_measurable,non_measurable,measurable,measurable,628.215,129.998,99.25,92.258,289.94,289.256,153.074,136.137,246.822,392.827,93.598,,,,,399.145,398.743,120.584,117.553,,,145.133,130.093,,,146.797,100.14
C:\Users\tombe\Documents\_MLE\CV-for-GRIT\databases\luomus_beetles_pictures\01\EB6.060.jpg,measurable,non_measurable,measurable,non_measurable,measurable,measurable,non_measurable,measurable,non_measurable,measurable,non_measurable,non_measurable,non_measurable,non_measurable,non_measurable,measurable,measurable,non_measurable,non_measurable,non_measurable,non_measurable,measurable,measurable,non_measurable,non_measurable,non_measurable,measurable,141.451,,25.492,,57.647,73.611,,28.63,,87.328,,,,,,85.147,86.096,,,,,31.457,27.115,,,,27.525
C:\Users\tombe\Documents\_MLE\CV-for-GRIT\databases\luomus_beetles_pictures\01\EB6.061.jpg,measurable,non_measurable,measurable,non_measurable,measurable,measurable,non_measurable,measurable,non_measurable,measurable,non_measurable,non_measurable,non_measurable,non_measurable,non_measurable,measurable,measurable,non_measurable,non_measurable,non_measurable,non_measurable,measurable,measurable,non_measurable,non_measurable,non_measurable,measurable,171.047,,28.746,,63.113,71.322,,35.15,,107.151,,,,,,103.296,102.561,,,,,38.442,30.899,,,,29.171
C:\Users\tombe\Documents\_MLE\CV-for-GRIT\databases\luomus_beetles_pictures\01\EB6.062.jpg,measurable,non_measurable,measurable,non_measurable,measurable,measurable,non_measurable,measurable,non_measurable,measurable,non_measurable,non_measurable,non_measurable,non_measurable,non_measurable,measurable,measurable,non_measurable,non_measurable,non_measurable,non_measurable,measurable,measurable,non_measurable,non_measurable,measurable,measurable,145.211,,25.556,,57.673,62.309,,28.716,,90.939,,,,,,88.197,87.248,,,,,29.129,26.32,,,28.508,18.761
C:\Users\tombe\Documents\_MLE\CV-for-GRIT\databases\luomus_beetles_pictures\01\EB6.065.jpg,measurable,non_measurable,measurable,non_measurable,measurable,measurable,non_measurable,measurable,non_measurable,measurable,non_measurable,non_measurable,non_measurable,non_measurable,non_measurable,measurable,measurable,non_measurable,non_measurable,non_measurable,non_measurable,measurable,measurable,non_measurable,non_measurable,non_measurable,measurable,147.326,,27.65,,64.698,67.64,,26.824,,92.852,,,,,,89.874,88.586,,,,,33.427,32.084,,,,29.781
C:\Users\tombe\Documents\_MLE\CV-for-GRIT\databases\luomus_beetles_pictures\01\EB6.068.jpg,measurable,non_measurable,measurable,non_measurable,non_measurable,measurable,non_measurable,measurable,non_measurable,measurable,non_measurable,non_measurable,non_measurable,non_measurable,non_measurable,measurable,measurable,non_measurable,non_measurable,non_measurable,non_measurable,measurable,measurable,non_measurable,non_measurable,non_measurable,non_measurable,147.585,,24.282,,,66.187,,30.293,,93.011,,,,,,90.563,91.09,,,,,30.477,32.548,,,,
C:\Users\tombe\Documents\_MLE\CV-for-GRIT\databases\luomus_beetles_pictures\01\EB6.069.jpg,measurable,non_measurable,measurable,non_measurable,measurable,measurable,non_measurable,measurable,non_measurable,measurable,non_measurable,non_measurable,non_measurable,non_measurable,non_measurable,measurable,measurable,non_measurable,non_measurable,non_measurable,non_measurable,measurable,measurable,non_measurable,non_measurable,measurable,measurable,151.677,,25.004,,52.507,58.031,,30.744,,95.929,,,,,,94.159,93.526,,,,,33.577,28.636,,,35.775,24.459
C:\Users\tombe\Documents\_MLE\CV-for-GRIT\databases\luomus_beetles_pictures\01\EB6.06B.jpg,measurable,non_measurable,measurable,non_measurable,measurable,measurable,non_measurable,measurable,non_measurable,measurable,non_measurable,non_measurable,non_measurable,non_measurable,non_measurable,measurable,measurable,non_measurable,non_measurable,non_measurable,non_measurable,measurable,measurable,non_measurable,non_measurable,measurable,measurable,149.082,,25.317,,50.971,71.662,,26.184,,97.581,,,,,,93.29,92.184,,,,,33.075,28.361,,,29.345,31.604
C:\Users\tombe\Documents\_MLE\CV-for-GRIT\databases\luomus_beetles_pictures\01\EB6.06C.jpg,measurable,non_measurable,measurable,non_measurable,measurable,measurable,non_measurable,measurable,non_measurable,measurable,non_measurable,non_measurable,non_measurable,non_measurable,non_measurable,measurable,measurable,non_measurable,non_measurable,non_measurable,non_measurable,measurable,measurable,non_measurable,non_measurable,measurable,measurable,161.611,,28.978,,65.376,63.195,,30.737,,101.896,,,,,,99.056,95.892,,,,,35.255,29.715,,,33.473,28.625
C:\Users\tombe\Documents\_MLE\CV-for-GRIT\databases\luomus_beetles_pictures\01\EB6.06D.jpg,measurable,non_measurable,measurable,non_measurable,measurable,measurable,non_measurable,measurable,non_measurable,measurable,non_measurable,non_measurable,non_measurable,non_measurable,non_measurable,measurable,measurable,non_measurable,non_measurable,non_measurable,non_measurable,measurable,measurable,non_measurable,non_measurable,measurable,measurable,154.449,,24.919,,65.38,69.245,,31.051,,98.479,,,,,,96.711,95.988,,,,,35.767,24.652,,,33.407,18.862
C:\Users\tombe\Documents\_MLE\CV-for-GRIT\databases\luomus_beetles_pictures\01\EB6.06E.jpg,measurable,non_measurable,measurable,non_measurable,measurable,measurable,non_measurable,measurable,non_measurable,measurable,non_measurable,non_measurable,non_measurable,non_measurable,non_measurable,measurable,measurable,non_measurable,non_measurable,non_measurable,non_measurable,measurable,measurable,non_measurable,non_measurable,non_measurable,measurable,141.351,,24.42,,62.984,64.249,,26.599,,90.333,,,,,,89.399,89.812,,,,,31.98,32.138,,,,30.861
C:\Users\tombe\Documents\_MLE\CV-for-GRIT\databases\luomus_beetles_pictures\01\EB6.06G.jpg,measurable,non_measurable,measurable,non_measurable,measurable,measurable,non_measurable,measurable,non_measurable,measurable,non_measurable,non_measurable,non_measurable,non_measurable,non_measurable,measurable,measurable,non_measurable,non_measurable,non_measurable,non_measurable,measurable,measurable,non_measurable,non_measurable,measurable,measurable,183.938,,30.008,,66.321,78.976,,34.823,,119.107,,,,,,113.912,112.971,,,,,43.178,38.432,,,44.347,22.257
C:\Users\tombe\Documents\_MLE\CV-for-GRIT\databases\luomus_beetles_pictures\01\EB6.06J.jpg,measurable,non_measurable,measurable,non_measurable,measurable,measurable,non_measurable,measurable,non_measurable,measurable,non_measurable,non_measurable,non_measurable,non_measurable,non_measurable,measurable,measurable,non_measurable,non_measurable,non_measurable,non_measurable,measurable,measurable,non_measurable,non_measurable,measurable,measurable,168.893,,27.117,,71.443,75.986,,30.97,,110.805,,,,,,104.294,105.426,,,,,42.302,33.14,,,28.987,22.778
C:\Users\tombe\Documents\_MLE\CV-for-GRIT\databases\luomus_beetles_pictures\01\EB6.06L.jpg,measurable,non_measurable,measurable,non_measurable,measurable,measurable,non_measurable,measurable,non_measurable,measurable,non_measurable,non_measurable,non_measurable,non_measurable,non_measurable,measurable,measurable,non_measurable,non_measurable,non_measurable,non_measurable,measurable,measurable,non_measurable,non_measurable,measurable,measurable,157.531,,23.426,,71.628,82.614,,30.068,,104.037,,,,,,102.209,101.268,,,,,41.402,35.475,,,33.335,35.523
C:\Users\tombe\Documents\_MLE\CV-for-GRIT\databases\luomus_beetles_pictures\01\EB6.06M.jpg,measurable,non_measurable,measurable,non_measurable,measurable,measurable,non_measurable,measurable,non_measurable,measurable,non_measurable,non_measurable,non_measurable,non_measurable,non_measurable,measurable,measurable,non_measurable,non_measurable,non_measurable,non_measurable,non_measurable,non_measurable,non_measurable,non_measurable,measurable,measurable,176.837,,29.408,,71.535,79.073,,31.461,,115.967,,,,,,110.919,109.393,,,,,,,,,35.549,37.286
C:\Users\tombe\Documents\_MLE\CV-for-GRIT\databases\luomus_beetles_pictures\01\EB6.06N.jpg,measurable,non_measurable,measurable,non_measurable,measurable,measurable,non_measurable,measurable,non_measurable,measurable,non_measurable,non_measurable,non_measurable,non_measurable,non_measurable,measurable,measurable,non_measurable,non_measurable,non_measurable,non_measurable,measurable,measurable,non_measurable,non_measurable,measurable,measurable,162.189,,26.235,,66.516,80.688,,30.531,,105.423,,,,,,101.581,103.0,,,,,40.702,34.983,,,43.18,34.22
C:\Users\tombe\Documents\_MLE\CV-for-GRIT\databases\luomus_beetles_pictures\01\EB6.06O.jpg,measurable,non_measurable,measurable,non_measurable,measurable,measurable,non_measurable,measurable,non_measurable,measurable,non_measurable,non_measurable,non_measurable,non_measurable,non_measurable,measurable,measurable,non_measurable,non_measurable,non_measurable,non_measurable,measurable,measurable,non_measurable,non_measurable,measurable,measurable,158.924,,28.178,,62.953,70.194,,28.917,,101.829,,,,,,96.928,99.338,,,,,37.263,33.069,,,46.071,35.749
C:\Users\tombe\Documents\_MLE\CV-for-GRIT\databases\luomus_beetles_pictures\01\EB6.06P.jpg,measurable,non_measurable,measurable,non_measurable,measurable,measurable,non_measurable,measurable,non_measurable,measurable,non_measurable,non_measurable,non_measurable,non_measurable,non_measurable,measurable,measurable,non_measurable,non_measurable,non_measurable,non_measurable,measurable,measurable,non_measurable,non_measurable,measurable,measurable,170.697,,28.77,,82.255,72.136,,31.345,,110.583,,,,,,109.914,107.0,,,,,43.477,38.022,,,41.36,39.123
C:\Users\tombe\Documents\_MLE\CV-for-GRIT\databases\luomus_beetles_pictures\01\EB6.06S.jpg,measurable,non_measurable,measurable,non_measurable,measurable,measurable,non_measurable,measurable,non_measurable,measurable,non_measurable,non_measurable,non_measurable,non_measurable,non_measurable,measurable,measurable,non_measurable,non_measurable,non_measurable,non_measurable,measurable,measurable,non_measurable,non_measurable,measurable,measurable,155.096,,25.808,,57.257,61.063,,31.949,,97.339,,,,,,96.889,96.504,,,,,36.666,29.759,,,36.58,32.892
C:\Users\tombe\Documents\_MLE\CV-for-GRIT\databases\luomus_beetles_pictures\01\EB6.06U.jpg,non_measurable,non_measurable,measurable,non_measurable,measurable,measurable,non_measurable,measurable,non_measurable,non_measurable,non_measurable,non_measurable,non_measurable,non_measurable,non_measurable,measurable,measurable,non_measurable,non_measurable,non_measurable,non_measurable,measurable,measurable,non_measurable,non_measurable,measurable,measurable,,,26.814,,67.558,61.467,,28.902,,,,,,,,93.2,99.7,,,,,35.725,33.148,,,37.088,31.736
C:\Users\tombe\Documents\_MLE\CV-for-GRIT\databases\luomus_beetles_pictures\01\EB6.06Z.jpg,measurable,non_measurable,measurable,non_measurable,measurable,measurable,non_measurable,measurable,non_measurable,measurable,non_measurable,non_measurable,non_measurable,non_measurable,non_measurable,measurable,measurable,non_measurable,non_measurable,non_measurable,non_measurable,measurable,measurable,non_measurable,non_measurable,measurable,measurable,148.45,,30.751,,58.528,71.211,,23.363,,94.337,,,,,,90.073,92.025,,,,,27.66,26.486,,,31.49,30.17
C:\Users\tombe\Documents\_MLE\CV-for-GRIT\databases\luomus_beetles_pictures\01\EB6.071.jpg,measurable,non_measurable,measurable,non_measurable,non_measurable,measurable,non_measurable,measurable,non_measurable,measurable,non_measurable,non_measurable,non_measurable,non_measurable,non_measurable,measurable,measurable,non_measurable,non_measurable,non_measurable,non_measurable,measurable,measurable,non_measurable,non_measurable,measurable,measurable,156.42,,32.422,,,59.413,,32.074,,91.924,,,,,,91.55,88.009,,,,,32.098,23.315,,,27.994,19.112
C:\Users\tombe\Documents\_MLE\CV-for-GRIT\databases\luomus_beetles_pictures\01\EB6.073.jpg,measurable,non_measurable,measurable,non_measurable,measurable,measurable,non_measurable,measurable,non_measurable,measurable,non_measurable,non_measurable,non_measurable,non_measurable,non_measurable,measurable,measurable,non_measurable,non_measurable,non_measurable,non_measurable,non_measurable,non_measurable,non_measurable,non_measurable,measurable,measurable,150.486,,28.696,,59.757,66.667,,28.429,,93.361,,,,,,88.053,88.251,,,,,,,,,24.416,26.226
C:\Users\tombe\Documents\_MLE\CV-for-GRIT\databases\luomus_beetles_pictures\01\EB6.074.jpg,measurable,non_measurable,measurable,non_measurable,measurable,measurable,non_measurable,measurable,non_measurable,measurable,non_measurable,non_measurable,non_measurable,non_measurable,non_measurable,measurable,measurable,non_measurable,non_measurable,non_measurable,non_measurable,measurable,measurable,non_measurable,non_measurable,measurable,measurable,167.622,,27.791,,67.943,76.198,,30.672,,109.16,,,,,,104.591,103.631,,,,,39.3,25.66,,,33.444,30.714
C:\Users\tombe\Documents\_MLE\CV-for-GRIT\databases\luomus_beetles_pictures\01\EB6.076.jpg,measurable,non_measurable,measurable,non_measurable,measurable,measurable,non_measurable,measurable,non_measurable,measurable,non_measurable,non_measurable,non_measurable,non_measurable,non_measurable,measurable,measurable,non_measurable,non_measurable,non_measurable,non_measurable,measurable,measurable,non_measurable,non_measurable,measurable,measurable,103.553,,20.386,,27.747,39.133,,21.859,,61.308,,,,,,61.117,60.578,,,,,20.737,20.395,,,21.529,14.7
C:\Users\tombe\Documents\_MLE\CV-for-GRIT\databases\luomus_beetles_pictures\01\EB6.078.jpg,measurable,non_measurable,measurable,non_measurable,measurable,measurable,non_measurable,measurable,non_measurable,measurable,non_measurable,non_measurable,non_measurable,non_measurable,non_measurable,measurable,measurable,non_measurable,non_measurable,non_measurable,non_measurable,measurable,measurable,non_measurable,non_measurable,non_measurable,non_measurable,74.704,,9.75,,24.067,32.127,,17.524,,47.43,,,,,,45.496,45.532,,,,,17.346,13.462,,,,
C:\Users\tombe\Documents\_MLE\CV-for-GRIT\databases\luomus_beetles_pictures\01\EB6.079.jpg,measurable,non_measurable,measurable,non_measurable,measurable,measurable,non_measurable,measurable,non_measurable,measurable,non_measurable,non_measurable,non_measurable,non_measurable,non_measurable,measurable,measurable,non_measurable,non_measurable,non_measurable,non_measurable,non_measurable,non_measurable,non_measurable,non_measurable,non_measurable,measurable,78.364,,12.071,,24.931,31.451,,15.644,,50.649,,,,,,45.558,46.74,,,,,,,,,,14.803
C:\Users\tombe\Documents\_MLE\CV-for-GRIT\databases\luomus_beetles_pictures\01\EB6.07C.jpg,measurable,non_measurable,measurable,non_measurable,measurable,measurable,non_measurable,measurable,non_measurable,measurable,non_measurable,non_measurable,non_measurable,non_measurable,non_measurable,measurable,measurable,non_measurable,non_measurable,non_measurable,non_measurable,measurable,measurable,non_measurable,non_measurable,measurable,measurable,86.324,,18.526,,32.644,36.466,,16.775,,51.024,,,,,,46.883,46.932,,,,,18.175,13.692,,,12.245,16.305
C:\Users\tombe\Documents\_MLE\CV-for-GRIT\databases\luomus_beetles_pictures\01\EB6.07K.jpg,measurable,non_measurable,measurable,non_measurable,measurable,measurable,non_measurable,measurable,non_measurable,measurable,non_measurable,non_measurable,non_measurable,non_measurable,non_measurable,measurable,measurable,non_measurable,non_measurable,non_measurable,non_measurable,measurable,measurable,non_measurable,non_measurable,measurable,measurable,89.555,,16.102,,26.996,39.983,,17.735,,55.717,,,,,,52.019,52.696,,,,,17.271,17.198,,,20.878,20.168
C:\Users\tombe\Documents\_MLE\CV-for-GRIT\databases\luomus_beetles_pictures\01\EB6.07M.jpg,measurable,non_measurable,measurable,non_measurable,measurable,measurable,non_measurable,measurable,non_measurable,measurable,non_measurable,non_measurable,non_measurable,non_measurable,non_measurable,measurable,measurable,non_measurable,non_measurable,non_measurable,non_measurable,measurable,measurable,non_measurable,non_measurable,measurable,measurable,88.609,,14.793,,33.672,34.833,,19.022,,54.794,,,,,,52.545,52.238,,,,,20.516,20.627,,,17.704,19.862
C:\Users\tombe\Documents\_MLE\CV-for-GRIT\databases\luomus_beetles_pictures\01\EB6.07N.jpg,measurable,non_measurable,measurable,non_measurable,measurable,measurable,non_measurable,measurable,non_measurable,measurable,non_measurable,non_measurable,non_measurable,non_measurable,non_measurable,measurable,measurable,non_measurable,non_measurable,non_measurable,non_measurable,measurable,measurable,non_measurable,non_measurable,non_measurable,non_measurable,87.981,,18.109,,31.315,32.818,,18.129,,51.743,,,,,,50.703,51.792,,,,,19.916,17.266,,,,
C:\Users\tombe\Documents\_MLE\CV-for-GRIT\databases\luomus_beetles_pictures\01\EB6.07O.jpg,measurable,non_measurable,measurable,non_measurable,measurable,measurable,non_measurable,measurable,non_measurable,measurable,non_measurable,non_measurable,non_measurable,non_measurable,non_measurable,measurable,measurable,non_measurable,non_measurable,non_measurable,non_measurable,measurable,measurable,non_measurable,non_measurable,non_measurable,measurable,88.893,,10.235,,31.376,36.541,,24.203,,54.455,,,,,,51.871,52.546,,,,,25.519,14.878,,,,17.054
C:\Users\tombe\Documents\_MLE\CV-for-GRIT\databases\luomus_beetles_pictures\01\EB6.07S.jpg,measurable,non_measurable,measurable,non_measurable,measurable,measurable,non_measurable,measurable,non_measurable,measurable,non_measurable,non_measurable,non_measurable,non_measurable,non_measurable,measurable,measurable,non_measurable,non_measurable,non_measurable,non_measurable,measurable,measurable,non_measurable,non_measurable,measurable,measurable,80.687,,13.106,,30.722,36.183,,19.635,,47.946,,,,,,46.485,47.49,,,,,18.914,20.018,,,20.102,18.34
C:\Users\tombe\Documents\_MLE\CV-for-GRIT\databases\luomus_beetles_pictures\01\EB6.07U.jpg,measurable,non_measurable,measurable,non_measurable,measurable,measurable,non_measurable,measurable,non_measurable,measurable,non_measurable,non_measurable,non_measurable,non_measurable,non_measurable,measurable,measurable,non_measurable,non_measurable,non_measurable,non_measurable,measurable,measurable,non_measurable,non_measurable,non_measurable,measurable,100.809,,17.689,,31.032,37.803,,23.001,,60.118,,,,,,57.824,56.953,,,,,22.653,18.013,,,,22.671
C:\Users\tombe\Documents\_MLE\CV-for-GRIT\databases\luomus_beetles_pictures\01\EB6.07W.jpg,measurable,non_measurable,measurable,non_measurable,measurable,measurable,non_measurable,measurable,non_measurable,measurable,non_measurable,non_measurable,non_measurable,non_measurable,non_measurable,measurable,measurable,non_measurable,non_measurable,non_measurable,non_measurable,measurable,measurable,non_measurable,non_measurable,non_measurable,measurable,104.436,,21.299,,39.588,38.52,,18.34,,64.797,,,,,,63.876,63.261,,,,,23.13,24.995,,,,18.831
C:\Users\tombe\Documents\_MLE\CV-for-GRIT\databases\luomus_beetles_pictures\01\EB6.07Y.jpg,measurable,non_measurable,measurable,non_measurable,measurable,measurable,non_measurable,measurable,non_measurable,measurable,non_measurable,non_measurable,non_measurable,non_measurable,non_measurable,measurable,measurable,non_measurable,non_measurable,non_measurable,non_measurable,measurable,measurable,non_measurable,non_measurable,measurable,measurable,98.978,,17.887,,38.556,31.166,,20.979,,60.112,,,,,,60.18,58.83,,,,,21.768,21.778,,,20.388,19.223
C:\Users\tombe\Documents\_MLE\CV-for-GRIT\databases\luomus_beetles_pictures\01\EB6.07Z.jpg,measurable,non_measurable,measurable,non_measurable,measurable,measurable,non_measurable,measurable,non_measurable,measurable,non_measurable,non_measurable,non_measurable,non_measurable,non_measurable,measurable,measurable,non_measurable,non_measurable,non_measurable,non_measurable,non_measurable,non_measurable,non_measurable,non_measurable,measurable,measurable,99.537,,18.691,,33.453,42.536,,22.731,,58.114,,,,,,57.218,56.22,,,,,,,,,18.58,22.456
C:\Users\tombe\Documents\_MLE\CV-for-GRIT\databases\luomus_beetles_pictures\01\EB6.080.jpg,measurable,non_measurable,measurable,non_measurable,measurable,measurable,non_measurable,measurable,non_measurable,measurable,non_measurable,non_measurable,non_measurable,non_measurable,non_measurable,measurable,measurable,non_measurable,non_measurable,non_measurable,non_measurable,measurable,measurable,non_measurable,non_measurable,measurable,measurable,96.712,,18.898,,31.753,43.016,,18.616,,59.198,,,,,,57.389,57.425,,,,,20.254,17.821,,,15.655,22.772
C:\Users\tombe\Documents\_MLE\CV-for-GRIT\databases\luomus_beetles_pictures\01\EB6.083.jpg,measurable,non_measurable,measurable,non_measurable,measurable,measurable,non_measurable,measurable,non_measurable,measurable,non_measurable,non_measurable,non_measurable,non_measurable,non_measurable,measurable,measurable,non_measurable,non_measurable,non_measurable,non_measurable,measurable,measurable,non_measurable,non_measurable,measurable,measurable,100.011,,13.572,,28.177,45.717,,24.535,,61.903,,,,,,60.526,60.989,,,,,23.872,19.04,,,21.879,21.44
C:\Users\tombe\Documents\_MLE\CV-for-GRIT\databases\luomus_beetles_pictures\01\EB6.084.jpg,measurable,non_measurable,measurable,non_measurable,measurable,measurable,non_measurable,measurable,non_measurable,measurable,non_measurable,non_measurable,non_measurable,non_measurable,non_measurable,measurable,measurable,non_measurable,non_measurable,non_measurable,non_measurable,measurable,measurable,non_measurable,non_measurable,measurable,measurable,97.951,,16.885,,35.563,37.852,,19.048,,62.018,,,,,,58.268,58.286,,,,,22.711,18.972,,,27.698,19.681
C:\Users\tombe\Documents\_MLE\CV-for-GRIT\databases\luomus_beetles_pictures\01\EB6.086.jpg,measurable,non_measurable,measurable,non_measurable,measurable,measurable,non_measurable,measurable,non_measurable,measurable,non_measurable,non_measurable,non_measurable,non_measurable,non_measurable,measurable,measurable,non_measurable,non_measurable,non_measurable,non_measurable,measurable,measurable,non_measurable,non_measurable,non_measurable,non_measurable,99.738,,17.739,,30.435,43.412,,21.222,,60.777,,,,,,59.07,56.411,,,,,23.332,20.63,,,,
C:\Users\tombe\Documents\_MLE\CV-for-GRIT\databases\luomus_beetles_pictures\01\EB6.087.jpg,measurable,non_measurable,measurable,non_measurable,measurable,measurable,non_measurable,measurable,non_measurable,measurable,non_measurable,non_measurable,non_measurable,non_measurable,non_measurable,measurable,measurable,non_measurable,non_measurable,non_measurable,non_measurable,measurable,measurable,non_measurable,non_measurable,non_measurable,measurable,103.101,,13.798,,44.879,40.232,,23.056,,66.247,,,,,,63.699,60.878,,,,,25.095,21.588,,,,22.16
C:\Users\tombe\Documents\_MLE\CV-for-GRIT\databases\luomus_beetles_pictures\01\EB6.089.jpg,measurable,non_measurable,measurable,non_measurable,measurable,measurable,non_measurable,measurable,non_measurable,measurable,non_measurable,non_measurable,non_measurable,non_measurable,non_measurable,measurable,measurable,non_measurable,non_measurable,non_measurable,non_measurable,measurable,measurable,non_measurable,non_measurable,non_measurable,measurable,99.524,,17.892,,28.275,41.82,,22.117,,59.515,,,,,,56.745,55.637,,,,,24.271,19.748,,,,24.095
C:\Users\tombe\Documents\_MLE\CV-for-GRIT\databases\luomus_beetles_pictures\01\EB6.08B.jpg,measurable,non_measurable,measurable,non_measurable,measurable,measurable,non_measurable,measurable,non_measurable,measurable,non_measurable,non_measurable,non_measurable,non_measurable,non_measurable,measurable,measurable,non_measurable,non_measurable,non_measurable,non_measurable,measurable,measurable,non_measurable,non_measurable,measurable,measurable,87.76,,8.776,,36.099,41.296,,23.279,,55.706,,,,,,51.874,51.938,,,,,21.859,20.44,,,24.327,18.586
C:\Users\tombe\Documents\_MLE\CV-for-GRIT\databases\luomus_beetles_pictures\01\EB6.08D.jpg,measurable,non_measurable,measurable,non_measurable,measurable,measurable,non_measurable,measurable,non_measurable,measurable,non_measurable,non_measurable,non_measurable,non_measurable,non_measurable,measurable,measurable,non_measurable,non_measurable,non_measurable,non_measurable,measurable,measurable,non_measurable,non_measurable,non_measurable,non_measurable,107.288,,11.232,,39.223,38.077,,25.941,,70.114,,,,,,69.688,66.03,,,,,21.38,15.025,,,,
C:\Users\tombe\Documents\_MLE\CV-for-GRIT\databases\luomus_beetles_pictures\01\EB6.08F.jpg,measurable,non_measurable,measurable,non_measurable,measurable,measurable,non_measurable,measurable,non_measurable,measurable,non_measurable,non_measurable,non_measurable,non_measurable,non_measurable,measurable,measurable,non_measurable,non_measurable,non_measurable,non_measurable,measurable,measurable,non_measurable,non_measurable,non_measurable,non_measurable,107.428,,16.355,,37.879,36.729,,22.638,,68.435,,,,,,64.259,65.53,,,,,17.829,19.217,,,,
C:\Users\tombe\Documents\_MLE\CV-for-GRIT\databases\luomus_beetles_pictures\01\EB6.08G.jpg,measurable,non_measurable,measurable,non_measurable,measurable,measurable,non_measurable,measurable,non_measurable,measurable,non_measurable,non_measurable,non_measurable,non_measurable,non_measurable,measurable,measurable,non_measurable,non_measurable,non_measurable,non_measurable,measurable,measurable,non_measurable,non_measurable,non_measurable,measurable,102.15,,19.267,,42.799,46.843,,16.472,,66.411,,,,,,65.564,64.496,,,,,21.179,17.376,,,,15.662
C:\Users\tombe\Documents\_MLE\CV-for-GRIT\databases\luomus_beetles_pictures\01\EB6.08H.jpg,measurable,non_measurable,measurable,non_measurable,measurable,measurable,non_measurable,measurable,non_measurable,measurable,non_measurable,non_measurable,non_measurable,non_measurable,non_measurable,measurable,measurable,non_measurable,non_measurable,non_measurable,non_measurable,measurable,measurable,non_measurable,non_measurable,measurable,measurable,107.373,,19.452,,41.851,46.102,,18.987,,68.935,,,,,,65.203,65.97,,,,,22.261,15.863,,,18.184,17.707
C:\Users\tombe\Documents\_MLE\CV-for-GRIT\databases\luomus_beetles_pictures\01\EB6.08I.jpg,measurable,non_measurable,measurable,non_measurable,measurable,measurable,non_measurable,measurable,non_measurable,measurable,non_measurable,non_measurable,non_measurable,non_measurable,non_measurable,measurable,measurable,non_measurable,non_measurable,non_measurable,non_measurable,measurable,measurable,non_measurable,non_measurable,measurable,measurable,102.595,,15.542,,39.144,43.665,,20.136,,66.917,,,,,,64.49,64.075,,,,,22.645,15.176,,,23.636,12.338
C:\Users\tombe\Documents\_MLE\CV-for-GRIT\databases\luomus_beetles_pictures\01\EB6.08K.jpg,measurable,measurable,measurable,measurable,measurable,measurable,measurable,measurable,measurable,measurable,measurable,non_measurable,non_measurable,non_measurable,non_measurable,measurable,measurable,measurable,measurable,non_measurable,non_measurable,measurable,measurable,non_measurable,non_measurable,measurable,measurable,591.683,127.045,103.986,85.068,247.922,238.294,150.25,113.494,254.029,374.204,97.753,,,,,376.826,374.496,122.146,128.04,,,132.71,95.586,,,124.243,111.135
C:\Users\tombe\Documents\_MLE\CV-for-GRIT\databases\luomus_beetles_pictures\01\EB6.08L.jpg,measurable,measurable,measurable,measurable,measurable,measurable,measurable,measurable,measurable,measurable,measurable,non_measurable,non_measurable,non_measurable,non_measurable,measurable,measurable,measurable,measurable,non_measurable,non_measurable,measurable,measurable,non_measurable,non_measurable,measurable,measurable,621.767,131.153,96.703,92.182,255.669,240.705,158.941,118.325,255.553,406.738,102.197,,,,,396.158,395.182,122.99,135.904,,,141.883,105.691,,,148.86,107.633
C:\Users\tombe\Documents\_MLE\CV-for-GRIT\databases\luomus_beetles_pictures\01\EB6.08M.jpg,measurable,measurable,measurable,measurable,measurable,measurable,measurable,measurable,measurable,measurable,measurable,non_measurable,non_measurable,non_measurable,non_measurable,measurable,measurable,measurable,measurable,non_measurable,non_measurable,measurable,measurable,non_measurable,non_measurable,measurable,measurable,393.031,96.608,58.574,54.132,181.204,197.121,97.668,82.754,159.055,251.703,54.291,,,,,246.9,246.988,75.494,80.095,,,79.722,72.556,,,81.19,79.877
C:\Users\tombe\Documents\_MLE\CV-for-GRIT\databases\luomus_beetles_pictures\01\EB6.08N.jpg,measurable,measurable,measurable,measurable,measurable,measurable,measurable,measurable,measurable,measurable,measurable,non_measurable,non_measurable,non_measurable,non_measurable,measurable,measurable,measurable,measurable,non_measurable,non_measurable,measurable,measurable,non_measurable,non_measurable,measurable,measurable,453.404,102.249,77.577,67.574,217.763,226.235,106.285,86.017,168.572,289.81,66.881,,,,,262.24,256.912,81.882,87.163,,,94.876,88.72,,,101.498,77.353
C:\Users\tombe\Documents\_MLE\CV-for-GRIT\databases\luomus_beetles_pictures\01\EB6.08O.jpg,measurable,measurable,measurable,measurable,measurable,measurable,measurable,measurable,measurable,measurable,measurable,non_measurable,non_measurable,non_measurable,non_measurable,measurable,measurable,measurable,measurable,non_measurable,non_measurable,measurable,measurable,non_measurable,non_measurable,measurable,measurable,393.398,97.915,47.361,66.089,206.157,167.503,101.326,89.803,161.004,256.234,69.116,,,,,250.434,250.551,78.023,78.597,,,93.057,83.028,,,92.4,79.991
C:\Users\tombe\Documents\_MLE\CV-for-GRIT\databases\luomus_beetles_pictures\01\EB6.08S.jpg,measurable,measurable,measurable,measurable,measurable,measurable,measurable,measurable,measurable,measurable,measurable,non_measurable,non_measurable,non_measurable,non_measurable,measurable,measurable,measurable,measurable,non_measurable,non_measurable,measurable,measurable,non_measurable,non_measurable,measurable,measurable,393.394,86.52,73.669,52.714,190.614,182.658,117.834,72.997,161.007,246.728,59.43,,,,,241.312,238.086,77.882,79.61,,,84.72,72.394,,,89.438,73.015
C:\Users\tombe\Documents\_MLE\CV-for-GRIT\databases\luomus_beetles_pictures\01\EB6.08T.jpg,measurable,measurable,measurable,measurable,measurable,measurable,measurable,measurable,measurable,measurable,measurable,non_measurable,non_measurable,non_measurable,non_measurable,measurable,measurable,measurable,measurable,non_measurable,non_measurable,measurable,measurable,non_measurable,non_measurable,measurable,measurable,376.302,86.15,52.733,57.909,176.263,181.422,118.103,92.135,153.198,231.434,55.687,,,,,223.221,226.128,66.834,80.46,,,84.427,71.276,,,80.116,65.485
C:\Users\tombe\Documents\_MLE\CV-for-GRIT\databases\luomus_beetles_pictures\01\EB6.08U.jpg,measurable,measurable,measurable,measurable,measurable,measurable,measurable,measurable,measurable,measurable,measurable,non_measurable,non_measurable,non_measurable,non_measurable,measurable,measurable,measurable,measurable,non_measurable,non_measurable,measurable,measurable,non_measurable,non_measurable,measurable,measurable,397.346,92.568,84.104,54.116,192.493,189.671,121.616,80.819,157.439,232.424,57.462,,,,,232.617,236.508,74.992,72.605,,,86.778,73.277,,,91.892,68.61
C:\Users\tombe\Documents\_MLE\CV-for-GRIT\databases\luomus_beetles_pictures\01\EB6.08X.jpg,measurable,measurable,measurable,measurable,measurable,measurable,measurable,measurable,measurable,measurable,measurable,non_measurable,non_measurable,non_measurable,non_measurable,measurable,measurable,measurable,measurable,non_measurable,non_measurable,measurable,measurable,non_measurable,non_measurable,measurable,measurable,395.911,92.82,52.712,55.024,193.608,186.499,128.329,97.506,162.973,245.694,64.265,,,,,244.783,244.203,75.169,76.914,,,82.885,81.893,,,91.312,78.122
C:\Users\tombe\Documents\_MLE\CV-for-GRIT\databases\luomus_beetles_pictures\01\EB6.08Y.jpg,measurable,measurable,measurable,measurable,measurable,measurable,measurable,measurable,measurable,measurable,measurable,non_measurable,non_measurable,non_measurable,non_measurable,measurable,measurable,measurable,measurable,non_measurable,non_measurable,measurable,measurable,non_measurable,non_measurable,measurable,measurable,422.135,95.798,69.435,57.993,191.584,179.789,126.622,86.184,158.503,266.517,63.456,,,,,235.395,235.827,79.967,73.03,,,91.935,72.361,,,95.362,77.891
C:\Users\tombe\Documents\_MLE\CV-for-GRIT\databases\luomus_beetles_pictures\01\EB6.090.jpg,measurable,measurable,measurable,measurable,measurable,measurable,measurable,measurable,measurable,measurable,measurable,non_measurable,non_measurable,non_measurable,non_measurable,measurable,measurable,measurable,measurable,non_measurable,non_measurable,measurable,measurable,non_measurable,non_measurable,measurable,measurable,420.324,92.37,57.519,55.443,174.264,172.876,122.161,93.136,169.545,269.669,64.993,,,,,263.317,264.714,86.184,74.525,,,101.93,72.898,,,98.814,81.05
C:\Users\tombe\Documents\_MLE\CV-for-GRIT\databases\luomus_beetles_pictures\01\EB6.091.jpg,measurable,measurable,measurable,measurable,measurable,measurable,measurable,measurable,measurable,measurable,measurable,non_measurable,non_measurable,non_measurable,non_measurable,measurable,measurable,measurable,measurable,non_measurable,non_measurable,measurable,measurable,non_measurable,non_measurable,measurable,measurable,380.553,93.993,56.382,60.602,183.581,195.388,117.851,86.076,149.621,238.095,58.852,,,,,228.734,234.056,71.147,70.531,,,89.266,74.24,,,90.276,77.134
C:\Users\tombe\Documents\_MLE\CV-for-GRIT\databases\luomus_beetles_pictures\01\EB6.092.jpg,measurable,measurable,measurable,measurable,measurable,measurable,measurable,measurable,non_measurable,measurable,measurable,non_measurable,non_measurable,non_measurable,non_measurable,measurable,measurable,measurable,measurable,non_measurable,non_measurable,measurable,measurable,non_measurable,non_measurable,measurable,measurable,419.488,96.867,65.017,57.993,188.43,195.158,127.354,94.855,,259.617,64.121,,,,,248.904,247.935,79.221,80.807,,,108.24,66.576,,,95.119,75.945
C:\Users\tombe\Documents\_MLE\CV-for-GRIT\databases\luomus_beetles_pictures\01\EB6.094.jpg,measurable,measurable,measurable,measurable,measurable,measurable,measurable,measurable,measurable,measurable,measurable,non_measurable,non_measurable,non_measurable,non_measurable,measurable,measurable,measurable,measurable,non_measurable,non_measurable,measurable,measurable,non_measurable,non_measurable,measurable,measurable,396.411,88.088,66.209,56.274,184.116,166.448,115.528,85.15,152.76,245.051,55.416,,,,,241.569,241.352,73.669,74.316,,,81.915,63.597,,,85.812,51.35
C:\Users\tombe\Documents\_MLE\CV-for-GRIT\databases\luomus_beetles_pictures\01\EB6.095.jpg,measurable,measurable,measurable,measurable,measurable,measurable,measurable,measurable,measurable,measurable,measurable,non_measurable,non_measurable,non_measurable,non_measurable,measurable,measurable,measurable,measurable,non_measurable,non_measurable,measurable,measurable,non_measurable,non_measurable,measurable,measurable,398.309,85.843,69.523,50.438,174.228,171.954,120.415,84.471,153.197,244.315,40.143,,,,,232.989,120.824,76.31,123.467,,,76.994,66.286,,,82.039,65.69
C:\Users\tombe\Documents\_MLE\CV-for-GRIT\databases\luomus_beetles_pictures\01\EB6.096.jpg,measurable,measurable,measurable,measurable,measurable,measurable,measurable,measurable,measurable,measurable,measurable,non_measurable,non_measurable,non_measurable,non_measurable,measurable,measurable,measurable,measurable,non_measurable,non_measurable,measurable,measurable,non_measurable,non_measurable,measurable,measurable,432.226,94.859,71.19,57.973,192.128,192.624,127.46,93.136,173.956,267.9,60.627,,,,,269.8,268.396,82.564,83.549,,,103.801,82.601,,,102.142,85.415
C:\Users\tombe\Documents\_MLE\CV-for-GRIT\databases\luomus_beetles_pictures\01\EB6.098.jpg,measurable,measurable,measurable,measurable,measurable,measurable,measurable,measurable,measurable,measurable,measurable,non_measurable,non_measurable,non_measurable,non_measurable,measurable,measurable,measurable,measurable,non_measurable,non_measurable,measurable,measurable,non_measurable,non_measurable,measurable,measurable,392.645,91.447,51.826,56.32,193.729,185.095,115.109,79.09,160.729,261.729,56.217,,,,,250.18,252.147,79.967,74.814,,,88.398,76.989,,,88.894,80.506
C:\Users\tombe\Documents\_MLE\CV-for-GRIT\databases\luomus_beetles_pictures\01\EB6.09A.jpg,measurable,measurable,measurable,measurable,measurable,measurable,measurable,measurable,measurable,measurable,measurable,non_measurable,non_measurable,non_measurable,non_measurable,measurable,measurable,measurable,measurable,non_measurable,non_measurable,measurable,measurable,non_measurable,non_measurable,measurable,measurable,389.171,86.946,55.304,51.849,182.701,175.912,122.991,81.982,162.883,251.884,65.472,,,,,249.447,251.877,86.715,69.39,,,91.105,76.264,,,95.058,71.503
C:\Users\tombe\Documents\_MLE\CV-for-GRIT\databases\luomus_beetles_pictures\01\EB6.09C.jpg,measurable,measurable,measurable,measurable,measurable,measurable,measurable,measurable,measurable,measurable,measurable,non_measurable,non_measurable,non_measurable,non_measurable,measurable,measurable,measurable,measurable,non_measurable,non_measurable,measurable,measurable,non_measurable,non_measurable,measurable,measurable,414.062,92.37,63.291,57.095,194.038,188.117,119.653,88.863,161.948,261.907,58.852,,,,,261.304,257.998,72.041,85.645,,,96.882,72.691,,,96.52,73.964
C:\Users\tombe\Documents\_MLE\CV-for-GRIT\databases\luomus_beetles_pictures\01\EB6.09D.jpg,measurable,measurable,measurable,measurable,measurable,measurable,measurable,measurable,measurable,measurable,measurable,non_measurable,non_measurable,non_measurable,non_measurable,measurable,measurable,measurable,measurable,non_measurable,non_measurable,measurable,measurable,non_measurable,non_measurable,measurable,measurable,389.192,87.469,53.799,53.888,180.711,183.76,108.352,82.601,152.275,252.792,58.979,,,,,243.627,246.462,85.535,62.682,,,97.624,60.345,,,87.352,72.214
C:\Users\tombe\Documents\_MLE\CV-for-GRIT\databases\luomus_beetles_pictures\01\EB6.09E.jpg,measurable,measurable,measurable,measurable,measurable,measurable,measurable,measurable,measurable,measurable,measurable,non_measurable,non_measurable,non_measurable,non_measurable,measurable,measurable,measurable,measurable,non_measurable,non_measurable,measurable,measurable,non_measurable,non_measurable,measurable,measurable,403.26,89.877,60.395,50.609,188.514,192.692,119.451,87.128,159.391,255.737,64.638,,,,,250.477,253.142,74.26,80.051,,,94.863,86.515,,,95.979,79.238
C:\Users\tombe\Documents\_MLE\CV-for-GRIT\databases\luomus_beetles_pictures\01\EB6.09G.jpg,measurable,measurable,measurable,measurable,measurable,measurable,measurable,measurable,measurable,measurable,measurable,non_measurable,non_measurable,non_measurable,non_measurable,measurable,measurable,measurable,measurable,non_measurable,non_measurable,measurable,measurable,non_measurable,non_measurable,measurable,measurable,394.332,89.119,65.439,60.209,183.491,191.319,119.532,76.469,159.623,252.424,55.687,,,,,244.708,246.078,79.453,73.5,,,86.389,76.904,,,89.319,68.125
C:\Users\tombe\Documents\_MLE\CV-for-GRIT\databases\luomus_beetles_pictures\01\EB6.09H.jpg,measurable,measurable,measurable,measurable,measurable,measurable,measurable,measurable,measurable,measurable,measurable,non_measurable,non_measurable,non_measurable,non_measurable,measurable,measurable,measurable,measurable,non_measurable,non_measurable,measurable,measurable,non_measurable,non_measurable,measurable,measurable,381.844,74.995,46.695,49.999,135.41,134.942,110.832,75.019,162.151,260.13,56.755,,,,,257.476,259.636,75.716,82.085,,,78.283,51.35,,,84.604,47.6
C:\Users\tombe\Documents\_MLE\CV-for-GRIT\databases\luomus_beetles_pictures\01\EB6.09J.jpg,measurable,measurable,measurable,measurable,measurable,measurable,measurable,measurable,measurable,measurable,measurable,non_measurable,non_measurable,non_measurable,non_measurable,measurable,measurable,measurable,measurable,non_measurable,non_measurable,measurable,measurable,non_measurable,non_measurable,measurable,measurable,393.652,73.605,59.971,57.647,134.342,136.567,108.556,68.881,158.885,264.8,57.914,,,,,259.501,255.439,85.585,71.292,,,81.21,50.468,,,82.144,51.661
C:\Users\tombe\Documents\_MLE\CV-for-GRIT\databases\luomus_beetles_pictures\01\EB6.09L.jpg,measurable,measurable,measurable,measurable,measurable,measurable,measurable,measurable,measurable,measurable,measurable,non_measurable,non_measurable,non_measurable,non_measurable,measurable,measurable,measurable,measurable,non_measurable,non_measurable,measurable,measurable,non_measurable,non_measurable,measurable,measurable,366.263,72.025,54.63,51.826,136.248,122.458,104.547,70.154,150.42,241.479,57.631,,,,,234.999,237.866,77.323,73.152,,,72.402,47.536,,,75.475,45.921
C:\Users\tombe\Documents\_MLE\CV-for-GRIT\databases\luomus_beetles_pictures\01\EB6.09M.jpg,measurable,measurable,measurable,measurable,measurable,measurable,measurable,measurable,measurable,measurable,measurable,non_measurable,non_measurable,non_measurable,non_measurable,measurable,measurable,measurable,measurable,non_measurable,non_measurable,measurable,measurable,non_measurable,non_measurable,measurable,measurable,357.473,70.99,47.6,50.109,133.294,128.644,106.078,67.591,152.161,242.282,52.701,,,,,238.323,238.833,75.776,73.644,,,71.147,48.831,,,72.576,54.49
C:\Users\tombe\Documents\_MLE\CV-for-GRIT\databases\luomus_beetles_pictures\01\EB6.09N.jpg,measurable,measurable,measurable,measurable,measurable,measurable,measurable,measurable,measurable,measurable,measurable,non_measurable,non_measurable,non_measurable,non_measurable,measurable,measurable,measurable,measurable,non_measurable,non_measurable,measurable,measurable,non_measurable,non_measurable,measurable,measurable,356.345,71.729,51.506,52.236,133.085,128.957,105.611,64.186,153.356,240.654,46.695,,,,,238.512,242.515,69.242,80.858,,,71.512,45.225,,,75.875,51.426
C:\Users\tombe\Documents\_MLE\CV-for-GRIT\databases\luomus_beetles_pictures\01\EB6.09O.jpg,measurable,measurable,measurable,measurable,measurable,non_measurable,measurable,measurable,measurable,measurable,measurable,non_measurable,non_measurable,non_measurable,non_measurable,measurable,measurable,measurable,measurable,non_measurable,non_measurable,measurable,measurable,non_measurable,non_measurable,measurable,measurable,444.095,92.491,80.444,66.262,225.105,,125.085,91.37,177.008,272.281,54.817,,,,,256.99,257.891,88.183,83.349,,,102.918,84.983,,,103.926,84.406
C:\Users\tombe\Documents\_MLE\CV-for-GRIT\databases\luomus_beetles_pictures\01\EB6.09R.jpg,measurable,measurable,measurable,measurable,measurable,measurable,measurable,measurable,measurable,measurable,measurable,non_measurable,non_measurable,non_measurable,non_measurable,measurable,measurable,measurable,measurable,non_measurable,non_measurable,measurable,measurable,non_measurable,non_measurable,measurable,measurable,468.281,102.893,73.042,72.783,215.774,229.483,139.277,100.383,184.478,294.856,48.933,,,,,280.137,279.264,86.574,86.719,,,100.782,85.402,,,107.648,77.558
