image,total length_status,head width_status,head length_status,inter ocular distance_status,right antenna length_status,left antenna length_status,thorax width_status,thorax length_status,abdomen width_status,abdomen length_status,intertegular distance_status,left hind wing length_status,right hind wing length_status,left hind wing width_status,right hind wing width_status,left fore wing length_status,right fore wing length_status,left fore wing width_status,right fore wing width_status,left hind leg length_status,left hind leg femur length_status,left hind leg tibia length_status,left hind leg tarsus length_status,right hind leg length_status,right hind leg femur length_status,right hind leg tibia length_status,right hind leg tarsus length_status,total length_px,head width_px,head length_px,inter ocular distance_px,right antenna length_px,left antenna length_px,thorax width_px,thorax length_px,abdomen width_px,abdomen length_px,intertegular distance_px,left hind wing length_px,right hind wing length_px,left hind wing width_px,right hind wing width_px,left fore wing length_px,right fore wing length_px,left fore wing width_px,right fore wing width_px,left hind leg length_px,left hind leg femur length_px,left hind leg tibia length_px,left hind leg tarsus length_px,right hind leg length_px,right hind leg femur length_px,right hind leg tibia length_px,right hind leg tarsus length_px
C:\Users\tombe\Documents\_MLE\CV-for-GRIT\databases\luomus_pictures_1\1\EA1.0HJ.jpg,measurable,measurable,measurable,measurable,measurable,measurable,measurable,measurable,measurable,measurable,measurable,measurable,measurable,measurable,measurable,measurable,measurable,measurable,measurable,non_measurable,non_measurable,non_measurable,non_measurable,non_measurable,non_measurable,non_measurable,non_measurable,407.862,66.072,38.178,42.964,240.594,265.51,112.48,133.428,76.311,236.256,96.002,409.431,415.768,321.074,306.882,551.062,563.056,325.408,311.367,,,,,,,,
C:\Users\tombe\Documents\_MLE\CV-for-GRIT\databases\luomus_pictures_1\1\EA1.0IU.jpg,measurable,measurable,measurable,measurable,non_measurable,measurable,measurable,measurable,measurable,measurable,measurable,measurable,measurable,measurable,measurable,measurable,measurable,measurable,measurable,non_measurable,non_measurable,non_measurable,non_measurable,non_measurable,non_measurable,non_measurable,non_measurable,496.537,80.653,62.573,41.196,,265.259,107.78,151.358,80.554,282.606,110.297,534.489,530.461,303.387,317.856,639.885,655.342,373.491,315.634,,,,,,,,
C:\Users\tombe\Documents\_MLE\CV-for-GRIT\databases\luomus_pictures_1\1\EA1.0OZ.jpg,measurable,measurable,measurable,measurable,non_measurable,measurable,measurable,measurable,measurable,measurable,measurable,measurable,measurable,measurable,measurable,measurable,measurable,measurable,measurable,non_measurable,non_measurable,non_measurable,non_measurable,non_measurable,non_measurable,non_measurable,non_measurable,420.104,64.35,31.215,36.982,,234.839,103.729,141.414,94.935,247.475,106.014,545.99,538.902,380.143,380.143,696.056,696.982,399.361,410.984,,,,,,,,
C:\Users\tombe\Documents\_MLE\CV-for-GRIT\databases\luomus_pictures_1\1\EA1.0P3.jpg,measurable,measurable,measurable,measurable,measurable,measurable,measurable,measurable,measurable,measurable,measurable,measurable,measurable,measurable,measurable,measurable,measurable,measurable,measurable,non_measurable,non_measurable,non_measurable,non_measurable,non_measurable,non_measurable,non_measurable,non_measurable,442.796,67.618,39.082,34.176,251.55,235.71,120.858,123.135,89.423,280.579,104.601,539.397,538.183,355.016,356.959,671.157,664.227,380.993,382.303,,,,,,,,
C:\Users\tombe\Documents\_MLE\CV-for-GRIT\databases\luomus_pictures_1\1\EA1.0PX.jpg,non_measurable,measurable,non_measurable,measurable,measurable,measurable,measurable,measurable,measurable,measurable,measurable,non_measurable,non_measurable,measurable,measurable,measurable,measurable,measurable,measurable,non_measurable,non_measurable,non_measurable,non_measurable,non_measurable,non_measurable,non_measurable,non_measurable,,93.93,,60.82,333.191,346.864,214.797,193.046,141.647,349.118,193.583,,,303.519,332.786,570.316,568.728,264.777,269.0,,,,,,,,
C:\Users\tombe\Documents\_MLE\CV-for-GRIT\databases\luomus_pictures_1\1\EA1.0VD.jpg,non_measurable,measurable,non_measurable,measurable,measurable,measurable,measurable,measurable,measurable,measurable,measurable,measurable,measurable,measurable,measurable,measurable,measurable,measurable,measurable,non_measurable,non_measurable,non_measurable,non_measurable,non_measurable,non_measurable,non_measurable,non_measurable,,110.215,,80.653,280.075,349.116,253.028,255.756,180.916,253.407,252.934,463.464,467.457,383.323,341.71,605.858,598.7,289.682,281.332,,,,,,,,
C:\Users\tombe\Documents\_MLE\CV-for-GRIT\databases\luomus_pictures_1\1\EA1.0VZ.jpg,non_measurable,measurable,non_measurable,measurable,measurable,measurable,measurable,measurable,measurable,measurable,measurable,measurable,measurable,measurable,measurable,measurable,measurable,measurable,measurable,non_measurable,non_measurable,non_measurable,non_measurable,non_measurable,non_measurable,non_measurable,non_measurable,,100.324,,66.652,323.528,288.683,220.959,237.403,168.149,276.149,236.012,464.725,460.899,309.146,327.861,569.473,585.299,243.973,247.677,,,,,,,,
C:\Users\tombe\Documents\_MLE\CV-for-GRIT\databases\luomus_pictures_1\1\EA1.0WH.jpg,measurable,measurable,measurable,measurable,measurable,measurable,measurable,measurable,measurable,measurable,measurable,measurable,measurable,measurable,measurable,measurable,measurable,measurable,measurable,non_measurable,non_measurable,non_measurable,non_measurable,non_measurable,non_measurable,non_measurable,non_measurable,638.766,114.463,56.538,82.004,342.599,382.045,235.39,220.471,216.307,361.757,220.471,523.373,506.63,376.063,354.076,658.418,635.575,291.523,293.145,,,,,,,,
C:\Users\tombe\Documents\_MLE\CV-for-GRIT\databases\luomus_pictures_1\1\EA1.0WV.jpg,non_measurable,measurable,non_measurable,measurable,measurable,measurable,measurable,measurable,measurable,measurable,measurable,measurable,measurable,measurable,measurable,measurable,measurable,measurable,measurable,non_measurable,non_measurable,non_measurable,non_measurable,non_measurable,non_measurable,non_measurable,non_measurable,,111.709,,84.828,351.755,367.433,246.063,234.769,188.016,376.459,246.193,444.321,470.251,348.03,352.196,605.015,611.938,277.084,279.456,,,,,,,,
C:\Users\tombe\Documents\_MLE\CV-for-GRIT\databases\luomus_pictures_1\1\EA1.0Y5.jpg,non_measurable,measurable,non_measurable,measurable,measurable,measurable,measurable,measurable,measurable,measurable,measurable,measurable,measurable,measurable,measurable,measurable,measurable,measurable,measurable,non_measurable,non_measurable,non_measurable,non_measurable,non_measurable,non_measurable,non_measurable,non_measurable,,103.305,,73.477,304.62,317.421,175.766,197.822,138.591,276.965,193.629,437.499,439.969,363.771,343.912,514.311,533.554,245.837,248.96,,,,,,,,
C:\Users\tombe\Documents\_MLE\CV-for-GRIT\databases\luomus_pictures_1\1\EA1.114.jpg,non_measurable,measurable,non_measurable,measurable,non_measurable,measurable,measurable,measurable,measurable,measurable,measurable,measurable,measurable,measurable,measurable,measurable,measurable,measurable,measurable,non_measurable,non_measurable,non_measurable,non_measurable,non_measurable,non_measurable,non_measurable,non_measurable,,78.749,,54.36,,284.183,133.113,179.653,107.389,329.235,119.531,474.423,481.84,404.754,395.69,602.524,604.496,304.9,309.966,,,,,,,,
C:\Users\tombe\Documents\_MLE\CV-for-GRIT\databases\luomus_pictures_1\1\EA1.12N.jpg,non_measurable,measurable,non_measurable,non_measurable,measurable,measurable,measurable,measurable,measurable,measurable,measurable,measurable,measurable,measurable,measurable,measurable,measurable,measurable,measurable,non_measurable,non_measurable,non_measurable,non_measurable,non_measurable,non_measurable,non_measurable,non_measurable,,87.618,,,366.313,367.864,205.466,199.415,108.949,360.321,202.185,499.636,480.893,332.32,375.514,654.108,646.009,299.842,304.533,,,,,,,,
C:\Users\tombe\Documents\_MLE\CV-for-GRIT\databases\luomus_pictures_1\1\EA1.16A.jpg,non_measurable,measurable,non_measurable,measurable,measurable,measurable,measurable,measurable,measurable,measurable,measurable,measurable,measurable,measurable,measurable,measurable,measurable,measurable,measurable,non_measurable,non_measurable,non_measurable,non_measurable,non_measurable,non_measurable,non_measurable,non_measurable,,74.89,,52.301,290.115,232.184,113.56,168.172,77.136,276.911,97.498,499.575,503.32,377.508,365.72,634.462,616.238,356.127,345.097,,,,,,,,
C:\Users\tombe\Documents\_MLE\CV-for-GRIT\databases\luomus_pictures_1\1\EA1.16W.jpg,non_measurable,measurable,non_measurable,measurable,measurable,measurable,measurable,measurable,measurable,measurable,measurable,measurable,measurable,measurable,measurable,measurable,measurable,measurable,measurable,non_measurable,non_measurable,non_measurable,non_measurable,non_measurable,non_measurable,non_measurable,non_measurable,,98.921,,66.412,279.389,324.455,219.216,200.359,178.398,380.104,221.893,455.367,454.363,313.731,339.765,631.619,641.242,300.76,300.826,,,,,,,,
C:\Users\tombe\Documents\_MLE\CV-for-GRIT\databases\luomus_pictures_1\1\EA1.182.jpg,measurable,measurable,measurable,measurable,non_measurable,non_measurable,measurable,measurable,measurable,measurable,measurable,measurable,measurable,measurable,measurable,measurable,measurable,measurable,measurable,non_measurable,non_measurable,non_measurable,non_measurable,non_measurable,non_measurable,measurable,measurable,551.484,96.251,45.239,58.002,,,171.338,183.828,96.127,322.418,158.314,452.854,481.595,412.999,351.352,629.25,634.112,252.072,254.62,,,,,,,154.025,127.907
C:\Users\tombe\Documents\_MLE\CV-for-GRIT\databases\luomus_pictures_1\1\EA1.19C.jpg,non_measurable,measurable,non_measurable,measurable,measurable,measurable,measurable,measurable,measurable,measurable,measurable,measurable,measurable,measurable,measurable,measurable,measurable,measurable,measurable,non_measurable,non_measurable,non_measurable,non_measurable,non_measurable,non_measurable,non_measurable,non_measurable,,103.237,,67.884,340.458,319.138,227.218,213.009,158.415,316.969,202.14,438.932,458.049,382.559,386.735,600.996,606.939,290.752,287.929,,,,,,,,
C:\Users\tombe\Documents\_MLE\CV-for-GRIT\databases\luomus_pictures_1\1\EA1.19G.jpg,non_measurable,measurable,non_measurable,non_measurable,measurable,measurable,measurable,measurable,measurable,measurable,measurable,measurable,measurable,measurable,measurable,measurable,measurable,measurable,measurable,non_measurable,non_measurable,non_measurable,non_measurable,non_measurable,non_measurable,non_measurable,non_measurable,,101.825,,,324.885,267.529,235.839,221.884,142.721,318.038,203.553,413.95,413.53,340.958,331.485,621.502,597.03,317.931,309.898,,,,,,,,
C:\Users\tombe\Documents\_MLE\CV-for-GRIT\databases\luomus_pictures_1\1\EA1.1DF.jpg,non_measurable,measurable,non_measurable,measurable,measurable,measurable,measurable,measurable,measurable,measurable,measurable,measurable,measurable,measurable,measurable,measurable,measurable,measurable,measurable,non_measurable,non_measurable,non_measurable,non_measurable,non_measurable,non_measurable,non_measurable,non_measurable,,116.417,,70.876,244.278,134.025,232.84,265.707,163.916,265.647,224.687,387.918,406.716,356.455,341.284,557.067,563.077,271.314,278.98,,,,,,,,
C:\Users\tombe\Documents\_MLE\CV-for-GRIT\databases\luomus_pictures_1\1\EA1.1F2.jpg,non_measurable,measurable,non_measurable,measurable,measurable,measurable,measurable,measurable,measurable,measurable,measurable,measurable,measurable,measurable,measurable,measurable,measurable,measurable,measurable,non_measurable,non_measurable,non_measurable,non_measurable,non_measurable,non_measurable,non_measurable,non_measurable,,107.621,,69.367,368.311,341.475,217.502,213.482,114.489,302.398,211.957,431.397,447.858,332.105,315.373,544.643,549.559,247.649,249.538,,,,,,,,
C:\Users\tombe\Documents\_MLE\CV-for-GRIT\databases\luomus_pictures_1\1\EA1.1G5.jpg,measurable,measurable,measurable,measurable,measurable,measurable,measurable,measurable,measurable,measurable,measurable,measurable,measurable,measurable,measurable,measurable,measurable,measurable,measurable,non_measurable,non_measurable,non_measurable,non_measurable,non_measurable,non_measurable,non_measurable,non_measurable,523.057,94.683,36.738,63.648,332.257,335.961,171.438,176.717,101.776,309.602,155.842,459.766,480.019,366.919,358.04,600.352,589.042,285.223,281.364,,,,,,,,
C:\Users\tombe\Documents\_MLE\CV-for-GRIT\databases\luomus_pictures_1\1\EA1.1HC.jpg,non_measurable,non_measurable,non_measurable,non_measurable,measurable,measurable,measurable,non_measurable,measurable,measurable,measurable,measurable,measurable,measurable,measurable,measurable,measurable,measurable,measurable,non_measurable,non_measurable,non_measurable,non_measurable,non_measurable,non_measurable,non_measurable,non_measurable,,,,,231.24,165.021,162.603,,110.251,289.754,178.045,371.733,361.145,247.378,240.549,445.437,440.439,212.155,235.635,,,,,,,,
C:\Users\tombe\Documents\_MLE\CV-for-GRIT\databases\luomus_pictures_1\1\EA1.1M4.jpg,non_measurable,non_measurable,non_measurable,non_measurable,measurable,measurable,measurable,measurable,measurable,measurable,measurable,measurable,measurable,measurable,measurable,measurable,measurable,measurable,measurable,non_measurable,non_measurable,non_measurable,non_measurable,non_measurable,non_measurable,non_measurable,non_measurable,,,,,336.298,381.121,216.633,285.46,183.692,287.065,221.915,434.398,425.212,323.657,321.302,610.163,609.799,265.68,251.054,,,,,,,,
C:\Users\tombe\Documents\_MLE\CV-for-GRIT\databases\luomus_pictures_1\1\EA1.1MM.jpg,measurable,measurable,measurable,measurable,non_measurable,measurable,measurable,measurable,measurable,measurable,measurable,measurable,measurable,measurable,measurable,measurable,measurable,measurable,measurable,non_measurable,non_measurable,non_measurable,non_measurable,non_measurable,non_measurable,non_measurable,non_measurable,591.29,96.127,39.891,61.169,,297.253,189.349,224.687,135.738,326.712,193.957,421.317,414.943,323.0,321.128,574.446,600.484,210.197,215.34,,,,,,,,
C:\Users\tombe\Documents\_MLE\CV-for-GRIT\databases\luomus_pictures_1\1\EA1.1N2.jpg,measurable,measurable,measurable,measurable,non_measurable,measurable,non_measurable,measurable,measurable,measurable,measurable,measurable,measurable,measurable,measurable,measurable,measurable,measurable,measurable,non_measurable,non_measurable,non_measurable,non_measurable,non_measurable,non_measurable,non_measurable,non_measurable,630.331,107.669,56.75,67.287,,228.363,,177.894,67.957,395.687,204.067,477.073,462.069,403.7,394.279,627.94,625.493,298.25,309.476,,,,,,,,
C:\Users\tombe\Documents\_MLE\CV-for-GRIT\databases\luomus_pictures_1\1\EA1.1N4.jpg,measurable,measurable,measurable,measurable,non_measurable,measurable,measurable,measurable,measurable,measurable,measurable,measurable,measurable,measurable,measurable,measurable,measurable,measurable,measurable,non_measurable,non_measurable,non_measurable,non_measurable,non_measurable,non_measurable,non_measurable,non_measurable,484.32,96.251,51.821,63.727,,327.005,103.845,207.718,120.239,224.78,186.518,394.333,409.493,334.726,327.289,553.63,553.53,278.797,277.448,,,,,,,,
C:\Users\tombe\Documents\_MLE\CV-for-GRIT\databases\luomus_pictures_1\1\EA1.1QS.jpg,measurable,measurable,measurable,measurable,measurable,measurable,measurable,measurable,measurable,measurable,measurable,measurable,measurable,measurable,measurable,measurable,measurable,measurable,measurable,non_measurable,non_measurable,non_measurable,non_measurable,non_measurable,non_measurable,non_measurable,non_measurable,486.308,67.839,56.679,38.178,293.176,289.404,82.064,156.902,42.485,272.726,31.596,568.579,555.751,414.341,431.976,668.493,656.505,377.129,388.15,,,,,,,,
C:\Users\tombe\Documents\_MLE\CV-for-GRIT\databases\luomus_pictures_1\1\EA1.1RG.jpg,measurable,measurable,measurable,measurable,measurable,measurable,measurable,measurable,measurable,measurable,measurable,measurable,measurable,measurable,measurable,measurable,measurable,measurable,measurable,non_measurable,non_measurable,non_measurable,non_measurable,non_measurable,non_measurable,non_measurable,non_measurable,469.267,64.999,52.453,31.215,315.536,299.062,74.473,126.265,35.775,290.549,46.715,572.349,532.163,380.566,394.962,645.118,640.37,371.577,368.97,,,,,,,,
C:\Users\tombe\Documents\_MLE\CV-for-GRIT\databases\luomus_pictures_1\1\EA1.1RV.jpg,measurable,measurable,measurable,measurable,measurable,measurable,measurable,measurable,measurable,measurable,measurable,measurable,measurable,measurable,measurable,measurable,measurable,measurable,measurable,non_measurable,non_measurable,non_measurable,non_measurable,non_measurable,non_measurable,non_measurable,non_measurable,426.673,72.119,43.23,42.414,295.81,256.025,87.652,107.398,67.025,276.045,76.42,527.085,547.88,397.562,394.322,593.858,618.429,365.247,350.729,,,,,,,,
C:\Users\tombe\Documents\_MLE\CV-for-GRIT\databases\luomus_pictures_1\1\EA1.1SX.jpg,measurable,measurable,measurable,measurable,measurable,measurable,measurable,measurable,measurable,measurable,measurable,measurable,measurable,measurable,measurable,measurable,measurable,measurable,measurable,non_measurable,non_measurable,non_measurable,non_measurable,non_measurable,non_measurable,non_measurable,non_measurable,488.955,87.231,37.601,43.81,330.231,332.983,131.861,137.483,71.625,313.871,96.07,465.92,458.435,394.127,408.826,656.662,647.912,358.925,365.378,,,,,,,,
C:\Users\tombe\Documents\_MLE\CV-for-GRIT\databases\luomus_pictures_1\1\EA1.1UK.jpg,measurable,measurable,measurable,measurable,measurable,measurable,measurable,measurable,measurable,measurable,measurable,measurable,measurable,measurable,measurable,measurable,measurable,measurable,measurable,non_measurable,non_measurable,non_measurable,non_measurable,non_measurable,non_measurable,non_measurable,non_measurable,539.5,117.289,71.782,58.527,415.386,382.949,151.097,150.752,65.681,316.965,118.727,537.64,524.8,448.613,459.937,751.199,742.601,347.214,380.356,,,,,,,,
C:\Users\tombe\Documents\_MLE\CV-for-GRIT\databases\luomus_pictures_1\1\EA1.1VZ.jpg,measurable,measurable,measurable,measurable,measurable,measurable,measurable,measurable,measurable,measurable,measurable,measurable,measurable,measurable,measurable,measurable,measurable,measurable,measurable,non_measurable,non_measurable,non_measurable,non_measurable,non_measurable,non_measurable,non_measurable,non_measurable,456.416,100.307,38.626,49.808,329.926,264.954,151.805,150.074,55.894,267.716,107.357,516.023,486.369,402.075,407.971,651.643,634.48,358.297,359.211,,,,,,,,
C:\Users\tombe\Documents\_MLE\CV-for-GRIT\databases\luomus_pictures_1\1\EA1.1YX.jpg,non_measurable,measurable,non_measurable,non_measurable,measurable,measurable,measurable,measurable,measurable,measurable,measurable,measurable,measurable,measurable,measurable,measurable,measurable,measurable,measurable,non_measurable,non_measurable,non_measurable,non_measurable,non_measurable,non_measurable,non_measurable,non_measurable,,103.892,,,273.587,261.758,220.89,243.618,187.979,316.212,227.776,461.762,451.829,332.332,342.711,549.212,565.213,328.261,334.309,,,,,,,,
C:\Users\tombe\Documents\_MLE\CV-for-GRIT\databases\luomus_pictures_1\1\EA1.1ZW.jpg,non_measurable,non_measurable,non_measurable,non_measurable,non_measurable,non_measurable,measurable,measurable,measurable,measurable,measurable,measurable,measurable,measurable,measurable,measurable,measurable,measurable,measurable,non_measurable,non_measurable,non_measurable,non_measurable,non_measurable,non_measurable,non_measurable,non_measurable,,,,,,,206.305,254.594,219.673,407.657,198.432,412.738,429.745,285.432,293.961,622.113,329.914,326.688,366.723,,,,,,,,
C:\Users\tombe\Documents\_MLE\CV-for-GRIT\databases\luomus_pictures_1\1\EA1.20T.jpg,non_measurable,measurable,non_measurable,non_measurable,measurable,measurable,measurable,measurable,measurable,measurable,measurable,measurable,measurable,measurable,measurable,measurable,measurable,measurable,measurable,non_measurable,non_measurable,non_measurable,non_measurable,non_measurable,non_measurable,non_measurable,non_measurable,,106.315,,,311.565,295.141,244.517,224.954,145.121,319.953,202.239,483.823,503.117,396.221,398.56,650.871,666.572,363.013,375.088,,,,,,,,
C:\Users\tombe\Documents\_MLE\CV-for-GRIT\databases\luomus_pictures_1\1\EA1.268.jpg,non_measurable,measurable,non_measurable,measurable,measurable,measurable,measurable,measurable,measurable,measurable,measurable,measurable,measurable,measurable,measurable,measurable,measurable,measurable,measurable,non_measurable,non_measurable,non_measurable,non_measurable,non_measurable,non_measurable,non_measurable,non_measurable,,66.289,,41.075,214.749,172.407,107.467,126.615,67.098,206.314,69.85,465.538,482.922,352.755,374.489,614.242,653.867,367.968,373.729,,,,,,,,
C:\Users\tombe\Documents\_MLE\CV-for-GRIT\databases\luomus_pictures_1\1\EA1.2GR.jpg,non_measurable,measurable,non_measurable,measurable,measurable,measurable,measurable,measurable,measurable,measurable,measurable,measurable,measurable,measurable,measurable,measurable,measurable,measurable,measurable,non_measurable,non_measurable,non_measurable,non_measurable,non_measurable,non_measurable,non_measurable,non_measurable,,86.185,,52.096,320.938,321.801,115.938,246.629,82.952,233.783,124.735,555.842,566.52,430.069,420.146,660.759,685.019,356.39,353.053,,,,,,,,
C:\Users\tombe\Documents\_MLE\CV-for-GRIT\databases\luomus_pictures_1\1\EA1.2KI.jpg,measurable,measurable,measurable,measurable,measurable,measurable,measurable,measurable,measurable,measurable,measurable,measurable,measurable,measurable,measurable,measurable,measurable,measurable,measurable,non_measurable,non_measurable,non_measurable,non_measurable,non_measurable,non_measurable,non_measurable,non_measurable,418.234,84.118,37.108,40.122,245.644,208.347,122.369,166.577,99.382,214.549,95.407,438.829,434.849,285.943,325.905,678.559,662.82,280.683,285.949,,,,,,,,
C:\Users\tombe\Documents\_MLE\CV-for-GRIT\databases\luomus_pictures_1\1\EA1.2KP.jpg,measurable,measurable,measurable,measurable,measurable,measurable,measurable,measurable,measurable,measurable,measurable,measurable,measurable,measurable,measurable,measurable,measurable,measurable,measurable,non_measurable,non_measurable,non_measurable,non_measurable,non_measurable,non_measurable,non_measurable,non_measurable,390.76,90.972,49.786,50.069,321.461,281.442,141.502,138.44,131.955,202.534,126.353,430.441,431.162,277.957,286.76,679.851,688.318,294.181,298.04,,,,,,,,
C:\Users\tombe\Documents\_MLE\CV-for-GRIT\databases\luomus_pictures_1\1\EA1.2LG.jpg,measurable,measurable,measurable,measurable,measurable,measurable,measurable,measurable,measurable,measurable,measurable,measurable,measurable,measurable,measurable,measurable,measurable,measurable,measurable,non_measurable,non_measurable,non_measurable,non_measurable,non_measurable,non_measurable,non_measurable,non_measurable,476.078,73.742,53.326,43.587,200.879,185.073,116.267,174.557,92.939,248.194,113.727,455.014,468.119,292.599,297.271,672.063,669.593,308.589,322.723,,,,,,,,
C:\Users\tombe\Documents\_MLE\CV-for-GRIT\databases\luomus_pictures_1\1\EA1.2PS.jpg,measurable,non_measurable,measurable,non_measurable,measurable,measurable,measurable,measurable,measurable,measurable,measurable,measurable,measurable,measurable,measurable,measurable,measurable,measurable,measurable,non_measurable,non_measurable,non_measurable,non_measurable,non_measurable,non_measurable,non_measurable,non_measurable,433.192,,41.048,,181.454,114.702,136.125,128.745,103.411,263.399,129.852,454.387,444.085,322.124,294.155,638.406,637.016,343.829,346.016,,,,,,,,
C:\Users\tombe\Documents\_MLE\CV-for-GRIT\databases\luomus_pictures_1\1\EA1.2QT.jpg,measurable,measurable,measurable,measurable,non_measurable,non_measurable,measurable,measurable,measurable,measurable,measurable,measurable,measurable,measurable,measurable,measurable,measurable,measurable,measurable,non_measurable,non_measurable,non_measurable,non_measurable,non_measurable,non_measurable,non_measurable,non_measurable,452.114,79.736,54.136,41.092,,,134.421,166.243,113.548,231.735,123.044,471.713,460.91,303.929,307.77,656.117,650.704,362.681,373.832,,,,,,,,
C:\Users\tombe\Documents\_MLE\CV-for-GRIT\databases\luomus_pictures_1\1\EA1.2WK.jpg,measurable,measurable,measurable,measurable,measurable,measurable,measurable,measurable,measurable,measurable,measurable,measurable,measurable,measurable,measurable,measurable,measurable,measurable,measurable,non_measurable,non_measurable,non_measurable,non_measurable,non_measurable,non_measurable,non_measurable,non_measurable,527.905,83.152,58.188,48.789,229.806,228.619,131.109,178.35,86.817,291.368,121.076,436.705,442.585,284.833,280.015,659.95,661.259,363.471,361.211,,,,,,,,
C:\Users\tombe\Documents\_MLE\CV-for-GRIT\databases\luomus_pictures_1\1\EA1.2ZQ.jpg,measurable,measurable,measurable,measurable,measurable,measurable,measurable,measurable,measurable,measurable,measurable,measurable,measurable,measurable,measurable,measurable,measurable,measurable,measurable,non_measurable,non_measurable,non_measurable,non_measurable,non_measurable,non_measurable,non_measurable,non_measurable,496.947,92.615,81.843,50.813,224.415,147.258,116.418,139.638,63.698,275.467,92.111,491.199,479.726,357.916,351.318,706.381,702.225,385.035,392.138,,,,,,,,
C:\Users\tombe\Documents\_MLE\CV-for-GRIT\databases\luomus_pictures_1\1\EA1.30P.jpg,non_measurable,non_measurable,non_measurable,non_measurable,measurable,measurable,measurable,measurable,measurable,measurable,measurable,measurable,measurable,measurable,measurable,measurable,measurable,measurable,measurable,non_measurable,non_measurable,non_measurable,non_measurable,non_measurable,non_measurable,non_measurable,non_measurable,,,,,125.68,283.829,107.768,141.465,92.553,280.68,96.142,594.777,589.765,434.83,440.741,687.038,694.855,410.116,406.3,,,,,,,,
C:\Users\tombe\Documents\_MLE\CV-for-GRIT\databases\luomus_pictures_1\1\EA1.31I.jpg,non_measurable,measurable,non_measurable,measurable,measurable,measurable,measurable,measurable,measurable,measurable,measurable,measurable,measurable,measurable,measurable,measurable,measurable,measurable,measurable,non_measurable,non_measurable,non_measurable,non_measurable,non_measurable,non_measurable,non_measurable,non_measurable,,90.124,,47.869,287.332,267.833,190.222,164.847,200.41,364.459,186.52,490.806,499.619,277.76,298.496,685.308,685.51,292.48,293.473,,,,,,,,
C:\Users\tombe\Documents\_MLE\CV-for-GRIT\databases\luomus_pictures_1\1\EA1.329.jpg,non_measurable,non_measurable,non_measurable,non_measurable,measurable,measurable,measurable,measurable,measurable,measurable,measurable,measurable,measurable,measurable,measurable,measurable,measurable,measurable,measurable,non_measurable,non_measurable,non_measurable,non_measurable,non_measurable,non_measurable,non_measurable,non_measurable,,,,,297.711,287.473,239.293,232.358,154.877,304.747,182.438,484.944,501.73,370.839,343.679,633.303,644.657,336.163,332.085,,,,,,,,
C:\Users\tombe\Documents\_MLE\CV-for-GRIT\databases\luomus_pictures_1\1\EA2.05J.jpg,non_measurable,measurable,non_measurable,measurable,measurable,measurable,non_measurable,measurable,non_measurable,non_measurable,measurable,measurable,measurable,measurable,measurable,measurable,measurable,measurable,measurable,non_measurable,non_measurable,non_measurable,non_measurable,non_measurable,non_measurable,non_measurable,non_measurable,,65.216,,43.111,241.454,249.042,,139.273,,,112.41,421.616,437.632,343.434,355.136,606.759,614.769,323.791,322.051,,,,,,,,
C:\Users\tombe\Documents\_MLE\CV-for-GRIT\databases\luomus_pictures_1\1\EA2.0D7.jpg,measurable,measurable,measurable,measurable,measurable,measurable,measurable,measurable,measurable,measurable,measurable,measurable,measurable,measurable,measurable,measurable,measurable,measurable,measurable,non_measurable,non_measurable,non_measurable,non_measurable,non_measurable,non_measurable,non_measurable,non_measurable,364.818,60.683,50.181,32.808,248.133,110.333,101.482,110.154,86.465,204.483,79.744,445.128,445.284,294.219,292.194,543.427,556.066,331.859,327.999,,,,,,,,
C:\Users\tombe\Documents\_MLE\CV-for-GRIT\databases\luomus_pictures_1\1\EA2.0E7.jpg,measurable,non_measurable,measurable,non_measurable,measurable,measurable,measurable,measurable,measurable,measurable,measurable,measurable,measurable,measurable,measurable,measurable,measurable,measurable,measurable,non_measurable,non_measurable,non_measurable,non_measurable,non_measurable,non_measurable,non_measurable,non_measurable,359.836,,33.425,,168.923,197.647,89.021,98.499,65.023,227.912,82.234,343.828,354.449,266.859,269.336,496.024,498.567,283.919,288.985,,,,,,,,
C:\Users\tombe\Documents\_MLE\CV-for-GRIT\databases\luomus_pictures_1\1\EA3.0JH.jpg,non_measurable,measurable,non_measurable,measurable,measurable,measurable,measurable,measurable,measurable,measurable,measurable,measurable,measurable,measurable,measurable,measurable,measurable,measurable,measurable,non_measurable,non_measurable,non_measurable,non_measurable,non_measurable,non_measurable,non_measurable,non_measurable,,69.971,,29.861,235.142,202.718,111.289,124.91,108.774,281.884,117.628,489.137,478.861,320.555,324.247,643.692,633.67,338.187,352.979,,,,,,,,
C:\Users\tombe\Documents\_MLE\CV-for-GRIT\databases\luomus_pictures_1\1\EA3.0MX.jpg,measurable,measurable,measurable,measurable,measurable,measurable,measurable,measurable,measurable,measurable,measurable,measurable,measurable,measurable,measurable,measurable,measurable,measurable,measurable,non_measurable,non_measurable,non_measurable,non_measurable,non_measurable,non_measurable,non_measurable,non_measurable,538.82,76.816,68.187,37.64,322.874,284.131,144.073,155.225,94.272,315.409,109.14,508.594,536.456,433.178,437.177,677.267,714.787,399.16,403.776,,,,,,,,
C:\Users\tombe\Documents\_MLE\CV-for-GRIT\databases\luomus_pictures_1\1\EA3.10Q.jpg,measurable,measurable,measurable,measurable,measurable,non_measurable,measurable,measurable,measurable,measurable,measurable,measurable,measurable,measurable,measurable,measurable,measurable,measurable,measurable,non_measurable,non_measurable,non_measurable,non_measurable,non_measurable,non_measurable,non_measurable,non_measurable,608.046,97.828,42.715,61.877,367.665,,193.992,219.102,149.684,346.229,192.783,512.215,501.387,437.793,462.66,656.394,659.998,281.339,278.242,,,,,,,,
C:\Users\tombe\Documents\_MLE\CV-for-GRIT\databases\luomus_pictures_1\1\EA3.121.jpg,measurable,measurable,measurable,measurable,measurable,measurable,measurable,measurable,measurable,measurable,measurable,measurable,measurable,measurable,measurable,measurable,measurable,measurable,measurable,non_measurable,non_measurable,non_measurable,non_measurable,non_measurable,non_measurable,non_measurable,non_measurable,573.098,97.768,36.705,55.958,342.006,322.86,202.237,183.049,153.483,353.344,200.5,473.097,470.846,421.933,435.174,652.17,627.958,255.016,246.493,,,,,,,,
C:\Users\tombe\Documents\_MLE\CV-for-GRIT\databases\luomus_pictures_1\1\EA3.12P.jpg,non_measurable,measurable,non_measurable,non_measurable,measurable,measurable,measurable,measurable,measurable,measurable,measurable,measurable,measurable,measurable,measurable,measurable,measurable,measurable,measurable,non_measurable,non_measurable,non_measurable,non_measurable,non_measurable,non_measurable,non_measurable,non_measurable,,96.965,,,284.719,243.568,211.446,241.253,166.756,349.925,209.918,423.576,444.886,395.633,387.993,596.384,585.59,255.183,258.214,,,,,,,,
C:\Users\tombe\Documents\_MLE\CV-for-GRIT\databases\luomus_pictures_1\1\EA3.17D.jpg,non_measurable,measurable,non_measurable,measurable,measurable,measurable,measurable,measurable,measurable,measurable,measurable,measurable,measurable,measurable,measurable,measurable,measurable,measurable,measurable,non_measurable,non_measurable,non_measurable,non_measurable,non_measurable,non_measurable,non_measurable,non_measurable,,89.522,,56.624,333.908,313.558,198.103,182.072,135.716,307.195,178.676,484.356,468.989,441.822,450.452,683.155,667.138,297.672,309.671,,,,,,,,
C:\Users\tombe\Documents\_MLE\CV-for-GRIT\databases\luomus_pictures_1\1\EA3.18P.jpg,measurable,measurable,measurable,measurable,measurable,measurable,measurable,measurable,measurable,measurable,measurable,measurable,measurable,measurable,measurable,measurable,measurable,measurable,measurable,non_measurable,non_measurable,non_measurable,non_measurable,non_measurable,non_measurable,non_measurable,non_measurable,505.829,106.014,56.96,59.414,333.825,342.736,234.599,221.861,179.475,227.008,226.153,429.023,415.7,354.311,376.551,566.826,558.39,308.778,309.124,,,,,,,,
C:\Users\tombe\Documents\_MLE\CV-for-GRIT\databases\luomus_pictures_1\1\EA3.19W.jpg,measurable,measurable,measurable,measurable,measurable,measurable,measurable,measurable,measurable,measurable,measurable,measurable,measurable,measurable,measurable,measurable,measurable,measurable,measurable,non_measurable,non_measurable,non_measurable,non_measurable,non_measurable,non_measurable,non_measurable,non_measurable,555.151,81.942,61.401,47.724,163.293,249.727,151.418,149.238,101.172,344.512,124.634,467.928,442.879,326.633,332.399,631.72,596.171,298.728,311.588,,,,,,,,
C:\Users\tombe\Documents\_MLE\CV-for-GRIT\databases\luomus_pictures_1\1\EA3.1A3.jpg,non_measurable,measurable,non_measurable,measurable,measurable,non_measurable,measurable,measurable,measurable,measurable,measurable,measurable,measurable,measurable,measurable,measurable,measurable,measurable,measurable,non_measurable,non_measurable,non_measurable,non_measurable,non_measurable,non_measurable,non_measurable,non_measurable,,83.61,,51.865,330.944,,149.672,162.545,132.943,310.181,133.573,508.126,511.372,356.99,368.974,643.263,640.767,355.973,361.525,,,,,,,,
C:\Users\tombe\Documents\_MLE\CV-for-GRIT\databases\luomus_pictures_1\1\EA3.1AJ.jpg,measurable,measurable,measurable,measurable,measurable,non_measurable,measurable,measurable,measurable,measurable,measurable,measurable,measurable,measurable,measurable,measurable,measurable,measurable,measurable,non_measurable,non_measurable,non_measurable,non_measurable,non_measurable,non_measurable,non_measurable,non_measurable,475.745,87.434,86.502,61.96,297.5,,139.571,111.802,106.121,277.442,126.37,556.613,543.348,257.831,263.092,619.666,627.396,243.934,248.333,,,,,,,,
C:\Users\tombe\Documents\_MLE\CV-for-GRIT\databases\luomus_pictures_1\1\EA3.1DZ.jpg,measurable,measurable,measurable,measurable,measurable,measurable,measurable,measurable,measurable,measurable,measurable,measurable,measurable,measurable,measurable,measurable,measurable,measurable,measurable,non_measurable,non_measurable,non_measurable,non_measurable,non_measurable,non_measurable,non_measurable,non_measurable,545.983,72.976,30.146,40.445,341.169,377.089,160.532,194.756,146.511,321.081,161.253,503.425,504.768,372.909,383.108,591.058,591.39,346.208,338.78,,,,,,,,
C:\Users\tombe\Documents\_MLE\CV-for-GRIT\databases\luomus_pictures_1\1\EA3.1GU.jpg,measurable,measurable,measurable,measurable,measurable,measurable,measurable,measurable,measurable,measurable,measurable,measurable,measurable,measurable,measurable,measurable,measurable,measurable,measurable,non_measurable,non_measurable,non_measurable,non_measurable,non_measurable,non_measurable,non_measurable,non_measurable,600.267,102.28,63.082,65.073,410.054,399.208,206.454,225.939,142.143,311.247,171.768,476.975,475.13,434.005,428.015,665.898,649.842,341.623,328.397,,,,,,,,
C:\Users\tombe\Documents\_MLE\CV-for-GRIT\databases\luomus_pictures_1\1\EA3.1GZ.jpg,non_measurable,non_measurable,non_measurable,non_measurable,measurable,measurable,measurable,measurable,measurable,measurable,measurable,measurable,measurable,measurable,measurable,measurable,measurable,measurable,measurable,non_measurable,non_measurable,non_measurable,non_measurable,non_measurable,non_measurable,non_measurable,non_measurable,,,,,246.181,369.7,210.406,240.103,131.776,374.933,204.663,459.558,458.74,444.671,439.995,609.267,595.821,339.233,346.621,,,,,,,,
C:\Users\tombe\Documents\_MLE\CV-for-GRIT\databases\luomus_pictures_1\1\EA3.1JI.jpg,non_measurable,non_measurable,non_measurable,non_measurable,measurable,measurable,measurable,measurable,measurable,measurable,measurable,measurable,measurable,measurable,measurable,measurable,measurable,measurable,measurable,non_measurable,non_measurable,non_measurable,non_measurable,non_measurable,non_measurable,non_measurable,non_measurable,,,,,243.381,258.931,203.263,201.305,157.037,309.489,218.293,470.231,484.384,428.093,404.486,597.826,600.824,277.852,276.64,,,,,,,,
C:\Users\tombe\Documents\_MLE\CV-for-GRIT\databases\luomus_pictures_1\1\EA3.1LS.jpg,non_measurable,non_measurable,non_measurable,non_measurable,measurable,measurable,measurable,measurable,measurable,measurable,measurable,measurable,measurable,measurable,measurable,measurable,measurable,measurable,measurable,non_measurable,non_measurable,non_measurable,non_measurable,non_measurable,non_measurable,non_measurable,non_measurable,,,,,386.921,351.699,193.867,198.121,134.087,356.468,232.135,434.159,458.656,313.115,322.641,589.751,596.792,270.017,270.495,,,,,,,,
C:\Users\tombe\Documents\_MLE\CV-for-GRIT\databases\luomus_pictures_1\1\EA3.1LT.jpg,non_measurable,measurable,non_measurable,non_measurable,measurable,measurable,measurable,measurable,measurable,measurable,measurable,measurable,measurable,measurable,measurable,measurable,measurable,measurable,measurable,non_measurable,non_measurable,non_measurable,non_measurable,non_measurable,non_measurable,non_measurable,non_measurable,,85.729,,,345.139,331.417,193.588,175.237,135.914,383.146,203.714,407.156,415.714,359.189,321.826,570.191,569.196,249.384,254.633,,,,,,,,
C:\Users\tombe\Documents\_MLE\CV-for-GRIT\databases\luomus_pictures_1\1\EA4.07U.jpg,non_measurable,non_measurable,non_measurable,non_measurable,measurable,measurable,measurable,measurable,measurable,measurable,measurable,measurable,measurable,measurable,measurable,measurable,measurable,measurable,measurable,non_measurable,non_measurable,measurable,measurable,non_measurable,non_measurable,non_measurable,non_measurable,,,,,214.41,197.867,89.193,115.425,80.423,276.543,87.492,407.729,406.125,310.776,331.661,591.376,582.655,301.089,291.949,,,141.762,125.314,,,,
C:\Users\tombe\Documents\_MLE\CV-for-GRIT\databases\luomus_pictures_1\1\EA4.0CA.jpg,measurable,measurable,measurable,measurable,measurable,measurable,measurable,measurable,measurable,measurable,measurable,measurable,measurable,measurable,measurable,measurable,measurable,measurable,measurable,non_measurable,non_measurable,non_measurable,non_measurable,non_measurable,non_measurable,non_measurable,non_measurable,429.384,77.185,50.524,39.582,206.431,249.672,110.33,131.512,62.411,247.349,84.812,453.821,439.087,325.373,298.676,606.517,602.965,344.497,339.185,,,,,,,,
C:\Users\tombe\Documents\_MLE\CV-for-GRIT\databases\luomus_pictures_1\1\EA4.0CJ.jpg,measurable,measurable,measurable,measurable,measurable,measurable,measurable,measurable,measurable,measurable,measurable,measurable,measurable,measurable,measurable,measurable,measurable,measurable,measurable,non_measurable,non_measurable,non_measurable,non_measurable,non_measurable,non_measurable,non_measurable,non_measurable,456.785,70.996,40.022,37.266,189.475,141.743,124.264,116.936,74.008,299.827,94.371,458.216,467.381,367.289,360.729,601.421,610.684,382.54,386.697,,,,,,,,
C:\Users\tombe\Documents\_MLE\CV-for-GRIT\databases\luomus_pictures_1\1\EA4.0DA.jpg,measurable,measurable,measurable,measurable,non_measurable,measurable,measurable,measurable,measurable,measurable,measurable,measurable,measurable,measurable,measurable,measurable,measurable,measurable,measurable,non_measurable,non_measurable,non_measurable,non_measurable,non_measurable,non_measurable,measurable,measurable,440.564,70.855,38.611,34.057,,189.423,119.324,143.067,89.989,258.886,113.071,489.799,495.099,347.324,338.921,627.068,639.988,347.502,345.049,,,,,,,165.032,115.733
C:\Users\tombe\Documents\_MLE\CV-for-GRIT\databases\luomus_pictures_1\1\EA4.0F0.jpg,measurable,measurable,measurable,measurable,measurable,measurable,measurable,measurable,measurable,measurable,measurable,measurable,measurable,measurable,measurable,measurable,measurable,measurable,measurable,non_measurable,non_measurable,non_measurable,non_measurable,non_measurable,non_measurable,measurable,measurable,508.475,67.35,38.354,32.656,121.439,157.032,99.443,132.259,64.318,337.861,89.819,531.236,527.674,331.301,329.87,659.028,670.747,334.216,340.051,,,,,,,130.75,110.448
C:\Users\tombe\Documents\_MLE\CV-for-GRIT\databases\luomus_pictures_1\1\EA4.0F5.jpg,measurable,measurable,measurable,measurable,measurable,measurable,measurable,measurable,measurable,measurable,measurable,measurable,measurable,measurable,measurable,measurable,measurable,measurable,measurable,non_measurable,non_measurable,non_measurable,non_measurable,non_measurable,non_measurable,non_measurable,non_measurable,481.39,79.629,68.855,48.234,326.733,350.24,108.46,138.972,63.331,273.563,104.408,583.4,553.168,307.832,303.807,700.02,698.597,343.995,375.823,,,,,,,,
C:\Users\tombe\Documents\_MLE\CV-for-GRIT\databases\luomus_pictures_1\1\EA4.0L2.jpg,measurable,measurable,measurable,measurable,measurable,measurable,measurable,measurable,measurable,measurable,measurable,measurable,measurable,measurable,measurable,measurable,measurable,measurable,measurable,non_measurable,non_measurable,non_measurable,non_measurable,non_measurable,non_measurable,non_measurable,non_measurable,612.869,111.943,87.691,70.79,338.54,350.786,206.285,248.043,113.798,277.134,224.55,423.289,437.547,314.969,313.539,551.136,551.301,277.356,289.354,,,,,,,,
C:\Users\tombe\Documents\_MLE\CV-for-GRIT\databases\luomus_pictures_1\1\EA4.0L7.jpg,measurable,measurable,measurable,measurable,measurable,measurable,measurable,measurable,measurable,measurable,measurable,measurable,measurable,measurable,measurable,measurable,measurable,measurable,measurable,non_measurable,non_measurable,non_measurable,non_measurable,non_measurable,non_measurable,non_measurable,non_measurable,592.27,120.41,60.483,76.31,399.964,354.429,211.561,233.287,169.06,298.499,227.445,509.048,519.259,373.575,356.929,651.142,628.279,312.578,329.396,,,,,,,,
C:\Users\tombe\Documents\_MLE\CV-for-GRIT\databases\luomus_pictures_1\1\EA4.0LU.jpg,measurable,measurable,measurable,measurable,measurable,measurable,measurable,measurable,measurable,measurable,measurable,measurable,measurable,measurable,measurable,measurable,measurable,measurable,measurable,non_measurable,non_measurable,non_measurable,non_measurable,non_measurable,non_measurable,non_measurable,non_measurable,590.431,101.448,44.219,73.048,301.712,270.225,189.812,216.722,127.088,329.49,169.976,354.208,405.435,322.13,336.246,514.714,525.207,248.549,261.398,,,,,,,,
C:\Users\tombe\Documents\_MLE\CV-for-GRIT\databases\luomus_pictures_1\1\EA4.0M9.jpg,non_measurable,non_measurable,non_measurable,non_measurable,measurable,measurable,measurable,measurable,measurable,measurable,measurable,measurable,measurable,measurable,measurable,measurable,measurable,measurable,measurable,non_measurable,non_measurable,non_measurable,measurable,non_measurable,non_measurable,non_measurable,non_measurable,,,,,322.906,257.751,241.016,242.968,115.419,351.263,213.324,508.034,496.984,347.748,362.776,653.031,651.075,319.13,304.384,,,,104.247,,,,
C:\Users\tombe\Documents\_MLE\CV-for-GRIT\databases\luomus_pictures_1\1\EA4.0N6.jpg,non_measurable,measurable,non_measurable,measurable,measurable,measurable,measurable,measurable,measurable,measurable,measurable,measurable,measurable,measurable,measurable,measurable,measurable,measurable,measurable,non_measurable,non_measurable,non_measurable,measurable,non_measurable,non_measurable,non_measurable,non_measurable,,117.515,,80.792,279.782,279.687,227.234,208.379,171.202,320.673,221.587,473.666,457.129,347.188,365.813,639.877,641.716,305.695,290.58,,,,106.978,,,,
C:\Users\tombe\Documents\_MLE\CV-for-GRIT\databases\luomus_pictures_1\1\EA4.0O9.jpg,non_measurable,non_measurable,non_measurable,non_measurable,measurable,measurable,measurable,measurable,measurable,measurable,measurable,measurable,measurable,measurable,measurable,measurable,measurable,measurable,measurable,non_measurable,non_measurable,non_measurable,non_measurable,non_measurable,non_measurable,non_measurable,non_measurable,,,,,358.349,353.335,209.877,175.339,168.059,429.823,205.344,442.212,444.989,366.712,370.559,626.187,639.218,298.175,302.58,,,,,,,,
C:\Users\tombe\Documents\_MLE\CV-for-GRIT\databases\luomus_pictures_1\1\EA4.0OC.jpg,non_measurable,non_measurable,non_measurable,non_measurable,measurable,measurable,measurable,measurable,measurable,measurable,measurable,measurable,measurable,measurable,measurable,measurable,measurable,measurable,measurable,non_measurable,non_measurable,non_measurable,non_measurable,non_measurable,non_measurable,non_measurable,non_measurable,,,,,353.601,239.564,197.516,254.417,127.353,407.058,221.271,460.69,446.41,317.858,309.173,593.985,593.733,304.988,297.777,,,,,,,,
C:\Users\tombe\Documents\_MLE\CV-for-GRIT\databases\luomus_pictures_1\1\EA4.0QF.jpg,non_measurable,non_measurable,non_measurable,non_measurable,measurable,measurable,measurable,measurable,measurable,measurable,measurable,measurable,measurable,measurable,measurable,measurable,measurable,measurable,measurable,non_measurable,non_measurable,non_measurable,non_measurable,non_measurable,non_measurable,non_measurable,non_measurable,,,,,275.327,343.36,144.434,129.813,114.489,359.53,126.439,514.434,514.533,426.557,429.677,683.615,690.062,375.15,369.649,,,,,,,,
C:\Users\tombe\Documents\_MLE\CV-for-GRIT\databases\luomus_pictures_1\1\EA4.0TH.jpg,non_measurable,measurable,non_measurable,measurable,non_measurable,measurable,measurable,measurable,measurable,measurable,measurable,measurable,measurable,measurable,measurable,measurable,measurable,measurable,measurable,non_measurable,non_measurable,non_measurable,non_measurable,non_measurable,non_measurable,non_measurable,non_measurable,,114.527,,60.487,,395.712,205.818,206.766,87.869,404.51,177.736,483.511,507.941,444.437,463.335,658.861,649.532,322.542,324.422,,,,,,,,
C:\Users\tombe\Documents\_MLE\CV-for-GRIT\databases\luomus_pictures_1\1\EA4.0VD.jpg,measurable,measurable,measurable,measurable,measurable,measurable,measurable,measurable,measurable,measurable,measurable,measurable,measurable,measurable,measurable,measurable,measurable,measurable,measurable,non_measurable,non_measurable,non_measurable,measurable,non_measurable,non_measurable,non_measurable,measurable,697.026,118.243,78.563,79.961,390.667,397.439,224.829,260.068,202.675,358.396,231.848,502.286,524.767,450.368,450.707,694.246,660.285,330.262,320.545,,,,114.088,,,,105.295
C:\Users\tombe\Documents\_MLE\CV-for-GRIT\databases\luomus_pictures_1\1\EA4.0W7.jpg,measurable,measurable,measurable,measurable,measurable,measurable,measurable,measurable,measurable,measurable,measurable,measurable,measurable,measurable,measurable,measurable,measurable,measurable,measurable,non_measurable,non_measurable,non_measurable,non_measurable,non_measurable,non_measurable,non_measurable,non_measurable,606.248,110.9,42.772,71.246,310.535,196.845,209.509,211.356,220.43,352.12,243.629,530.647,530.122,388.75,396.63,672.482,644.507,325.617,340.064,,,,,,,,
C:\Users\tombe\Documents\_MLE\CV-for-GRIT\databases\luomus_pictures_1\1\EA4.0Y9.jpg,measurable,measurable,measurable,measurable,measurable,measurable,measurable,measurable,measurable,measurable,measurable,measurable,measurable,measurable,measurable,measurable,measurable,measurable,measurable,non_measurable,non_measurable,non_measurable,non_measurable,non_measurable,non_measurable,non_measurable,non_measurable,611.858,114.619,47.892,74.767,223.21,279.459,190.322,222.787,127.427,341.178,168.745,475.652,480.031,275.504,349.216,651.962,646.845,324.246,334.116,,,,,,,,
C:\Users\tombe\Documents\_MLE\CV-for-GRIT\databases\luomus_pictures_1\1\EA4.0ZL.jpg,non_measurable,non_measurable,non_measurable,non_measurable,measurable,measurable,measurable,measurable,measurable,measurable,measurable,measurable,measurable,measurable,measurable,measurable,measurable,measurable,measurable,non_measurable,non_measurable,non_measurable,non_measurable,non_measurable,non_measurable,non_measurable,non_measurable,,,,,359.109,272.569,230.426,214.785,180.892,493.597,260.068,459.504,455.482,357.102,397.218,534.357,559.677,303.123,303.263,,,,,,,,
C:\Users\tombe\Documents\_MLE\CV-for-GRIT\databases\luomus_pictures_1\1\EA4.11V.jpg,non_measurable,non_measurable,non_measurable,non_measurable,measurable,measurable,measurable,measurable,measurable,measurable,measurable,measurable,measurable,measurable,measurable,measurable,measurable,measurable,measurable,non_measurable,non_measurable,non_measurable,non_measurable,non_measurable,non_measurable,non_measurable,non_measurable,,,,,328.955,278.075,220.253,210.352,205.709,293.531,222.296,407.793,439.103,311.218,310.975,648.595,647.845,296.123,290.414,,,,,,,,
C:\Users\tombe\Documents\_MLE\CV-for-GRIT\databases\luomus_pictures_1\1\EA4.120.jpg,non_measurable,non_measurable,non_measurable,non_measurable,measurable,measurable,measurable,measurable,measurable,measurable,measurable,measurable,measurable,measurable,measurable,measurable,measurable,measurable,measurable,non_measurable,non_measurable,non_measurable,non_measurable,non_measurable,non_measurable,non_measurable,non_measurable,,,,,148.768,159.365,231.045,256.869,194.618,347.004,240.214,470.111,450.521,353.469,337.224,666.427,662.733,300.531,299.395,,,,,,,,
C:\Users\tombe\Documents\_MLE\CV-for-GRIT\databases\luomus_pictures_1\1\EA4.13V.jpg,non_measurable,non_measurable,non_measurable,non_measurable,measurable,non_measurable,measurable,measurable,measurable,measurable,measurable,measurable,measurable,measurable,measurable,measurable,measurable,measurable,measurable,non_measurable,non_measurable,non_measurable,non_measurable,non_measurable,non_measurable,non_measurable,non_measurable,,,,,240.772,,273.132,207.16,183.695,372.413,240.464,496.466,458.366,380.752,363.214,643.76,646.587,316.105,308.432,,,,,,,,
C:\Users\tombe\Documents\_MLE\CV-for-GRIT\databases\luomus_pictures_1\1\EA4.15F.jpg,non_measurable,non_measurable,non_measurable,non_measurable,non_measurable,measurable,measurable,measurable,measurable,measurable,measurable,measurable,measurable,measurable,measurable,measurable,measurable,measurable,measurable,non_measurable,non_measurable,non_measurable,non_measurable,non_measurable,non_measurable,non_measurable,non_measurable,,,,,,392.194,236.032,215.625,136.654,367.886,208.426,459.23,443.912,356.71,329.269,660.312,663.544,295.046,283.512,,,,,,,,
C:\Users\tombe\Documents\_MLE\CV-for-GRIT\databases\luomus_pictures_1\1\EA4.166.jpg,measurable,measurable,measurable,measurable,measurable,measurable,measurable,measurable,measurable,measurable,measurable,measurable,measurable,measurable,measurable,measurable,measurable,measurable,measurable,non_measurable,non_measurable,non_measurable,non_measurable,non_measurable,non_measurable,non_measurable,non_measurable,456.577,58.559,27.38,30.474,210.07,207.622,119.012,156.814,108.701,272.384,67.076,580.108,555.926,446.272,446.766,746.071,731.313,460.737,448.973,,,,,,,,
C:\Users\tombe\Documents\_MLE\CV-for-GRIT\databases\luomus_pictures_1\1\EA4.18T.jpg,non_measurable,non_measurable,non_measurable,non_measurable,measurable,measurable,measurable,measurable,measurable,measurable,measurable,measurable,measurable,measurable,measurable,measurable,measurable,measurable,measurable,non_measurable,non_measurable,non_measurable,non_measurable,non_measurable,non_measurable,non_measurable,non_measurable,,,,,296.6,254.655,120.445,131.142,46.822,277.591,85.032,490.438,493.743,391.446,402.273,653.148,660.641,378.175,388.664,,,,,,,,
C:\Users\tombe\Documents\_MLE\CV-for-GRIT\databases\luomus_pictures_1\1\EA4.1AI.jpg,non_measurable,measurable,non_measurable,measurable,measurable,measurable,measurable,measurable,measurable,measurable,measurable,measurable,measurable,measurable,measurable,measurable,measurable,measurable,measurable,non_measurable,non_measurable,non_measurable,non_measurable,non_measurable,non_measurable,non_measurable,non_measurable,,77.246,,42.623,310.653,308.777,117.167,141.702,78.143,282.254,80.618,501.577,493.949,401.614,392.073,635.683,626.514,382.414,381.288,,,,,,,,
C:\Users\tombe\Documents\_MLE\CV-for-GRIT\databases\luomus_pictures_1\1\EA4.1BG.jpg,non_measurable,measurable,non_measurable,measurable,non_measurable,non_measurable,measurable,measurable,measurable,measurable,measurable,measurable,measurable,measurable,measurable,measurable,measurable,measurable,measurable,non_measurable,non_measurable,non_measurable,non_measurable,non_measurable,non_measurable,non_measurable,non_measurable,,75.025,,36.281,,,118.82,117.13,66.361,245.136,78.231,525.816,524.577,381.831,380.743,628.633,644.085,383.812,379.879,,,,,,,,
C:\Users\tombe\Documents\_MLE\CV-for-GRIT\databases\luomus_pictures_1\1\EA4.1EZ.jpg,non_measurable,non_measurable,non_measurable,non_measurable,non_measurable,non_measurable,measurable,measurable,measurable,measurable,measurable,measurable,measurable,measurable,measurable,measurable,measurable,measurable,measurable,non_measurable,non_measurable,non_measurable,non_measurable,non_measurable,non_measurable,non_measurable,non_measurable,,,,,,,211.895,264.931,230.573,309.705,179.592,465.245,481.332,360.03,350.145,685.12,715.383,391.303,389.633,,,,,,,,
C:\Users\tombe\Documents\_MLE\CV-for-GRIT\databases\luomus_pictures_1\1\EA4.1FW.jpg,non_measurable,non_measurable,non_measurable,non_measurable,measurable,measurable,measurable,measurable,measurable,measurable,measurable,measurable,measurable,measurable,measurable,measurable,measurable,measurable,measurable,non_measurable,non_measurable,non_measurable,non_measurable,non_measurable,non_measurable,non_measurable,non_measurable,,,,,293.808,280.223,178.799,202.027,116.555,392.969,194.37,548.661,557.457,353.504,357.023,677.593,685.949,351.583,345.733,,,,,,,,
C:\Users\tombe\Documents\_MLE\CV-for-GRIT\databases\luomus_pictures_1\1\EA4.1GA.jpg,non_measurable,non_measurable,non_measurable,non_measurable,measurable,measurable,measurable,measurable,measurable,measurable,measurable,measurable,measurable,measurable,measurable,measurable,measurable,measurable,measurable,non_measurable,non_measurable,non_measurable,non_measurable,non_measurable,non_measurable,non_measurable,non_measurable,,,,,239.996,267.077,207.414,211.774,178.891,368.264,177.698,503.011,485.438,399.863,404.626,638.466,660.672,343.747,337.149,,,,,,,,
C:\Users\tombe\Documents\_MLE\CV-for-GRIT\databases\luomus_pictures_1\1\EA4.1GB.jpg,non_measurable,non_measurable,non_measurable,non_measurable,measurable,non_measurable,measurable,measurable,measurable,measurable,measurable,measurable,measurable,measurable,measurable,measurable,measurable,measurable,measurable,non_measurable,non_measurable,non_measurable,non_measurable,non_measurable,non_measurable,non_measurable,non_measurable,,,,,215.832,,185.285,229.758,173.028,335.728,190.797,514.409,492.461,430.1,404.865,650.502,640.737,344.217,356.699,,,,,,,,
C:\Users\tombe\Documents\_MLE\CV-for-GRIT\databases\luomus_pictures_1\1\EA4.1GW.jpg,non_measurable,non_measurable,non_measurable,non_measurable,measurable,measurable,measurable,measurable,measurable,measurable,measurable,measurable,measurable,measurable,measurable,measurable,measurable,measurable,measurable,non_measurable,non_measurable,non_measurable,non_measurable,non_measurable,non_measurable,non_measurable,non_measurable,,,,,242.149,225.164,230.026,184.202,215.948,365.622,191.993,494.212,504.286,392.371,382.666,681.01,697.777,348.195,357.295,,,,,,,,
C:\Users\tombe\Documents\_MLE\CV-for-GRIT\databases\luomus_pictures_1\1\EA4.1IS.jpg,non_measurable,non_measurable,non_measurable,non_measurable,measurable,measurable,measurable,measurable,measurable,measurable,measurable,measurable,measurable,measurable,measurable,measurable,measurable,measurable,measurable,non_measurable,non_measurable,non_measurable,non_measurable,non_measurable,non_measurable,non_measurable,non_measurable,,,,,244.032,265.258,245.955,181.501,139.906,484.101,237.7,475.886,475.445,402.295,404.806,628.931,633.304,327.65,327.824,,,,,,,,
C:\Users\tombe\Documents\_MLE\CV-for-GRIT\databases\luomus_pictures_1\1\EA4.1J2.jpg,non_measurable,non_measurable,non_measurable,non_measurable,measurable,measurable,measurable,measurable,measurable,measurable,measurable,measurable,measurable,measurable,measurable,measurable,measurable,measurable,measurable,non_measurable,non_measurable,non_measurable,non_measurable,non_measurable,non_measurable,non_measurable,non_measurable,,,,,203.307,130.575,200.806,192.361,198.164,385.517,199.679,470.587,471.759,333.567,364.117,690.608,694.792,327.096,322.872,,,,,,,,
C:\Users\tombe\Documents\_MLE\CV-for-GRIT\databases\luomus_pictures_1\1\EA4.1KP.jpg,non_measurable,non_measurable,non_measurable,non_measurable,non_measurable,non_measurable,measurable,measurable,measurable,measurable,measurable,measurable,measurable,measurable,measurable,measurable,measurable,measurable,measurable,non_measurable,non_measurable,non_measurable,non_measurable,non_measurable,non_measurable,non_measurable,non_measurable,,,,,,,114.184,118.331,70.354,328.895,131.893,549.779,546.502,458.301,480.941,703.048,714.048,278.76,276.798,,,,,,,,
C:\Users\tombe\Documents\_MLE\CV-for-GRIT\databases\luomus_pictures_1\1\EA4.1RB.jpg,non_measurable,non_measurable,non_measurable,non_measurable,non_measurable,measurable,measurable,measurable,measurable,measurable,measurable,measurable,measurable,measurable,measurable,measurable,measurable,measurable,measurable,non_measurable,non_measurable,non_measurable,non_measurable,non_measurable,non_measurable,non_measurable,non_measurable,,,,,,319.409,190.266,182.34,151.522,312.448,208.524,484.645,496.855,335.837,327.161,685.698,690.75,331.77,333.663,,,,,,,,
C:\Users\tombe\Documents\_MLE\CV-for-GRIT\databases\luomus_pictures_1\1\EA4.1SR.jpg,non_measurable,measurable,non_measurable,measurable,measurable,measurable,measurable,measurable,measurable,measurable,measurable,measurable,measurable,measurable,measurable,measurable,measurable,measurable,measurable,non_measurable,non_measurable,non_measurable,non_measurable,non_measurable,non_measurable,non_measurable,non_measurable,,97.758,,40.136,278.456,259.24,117.582,189.711,85.88,320.7,124.972,413.108,444.418,270.848,308.647,599.387,570.931,282.994,287.429,,,,,,,,
C:\Users\tombe\Documents\_MLE\CV-for-GRIT\databases\luomus_pictures_1\1\EA4.1U3.jpg,non_measurable,non_measurable,non_measurable,non_measurable,measurable,measurable,measurable,measurable,measurable,measurable,measurable,measurable,measurable,measurable,measurable,measurable,measurable,measurable,measurable,non_measurable,non_measurable,non_measurable,non_measurable,non_measurable,non_measurable,non_measurable,non_measurable,,,,,218.671,211.287,74.996,121.709,81.538,243.395,101.705,511.4,520.582,194.3,234.348,652.908,650.564,218.649,214.524,,,,,,,,
C:\Users\tombe\Documents\_MLE\CV-for-GRIT\databases\luomus_pictures_1\1\EA4.20P.jpg,measurable,measurable,measurable,measurable,measurable,measurable,measurable,measurable,measurable,measurable,measurable,measurable,measurable,measurable,measurable,measurable,measurable,measurable,measurable,non_measurable,non_measurable,non_measurable,non_measurable,non_measurable,non_measurable,non_measurable,non_measurable,574.533,79.312,42.215,44.526,312.821,285.755,103.049,127.681,71.764,404.636,109.048,569.222,560.818,365.662,374.805,683.138,697.984,354.319,344.893,,,,,,,,
C:\Users\tombe\Documents\_MLE\CV-for-GRIT\databases\luomus_pictures_1\1\EA5.0ER.jpg,non_measurable,measurable,non_measurable,measurable,measurable,measurable,measurable,measurable,measurable,measurable,measurable,measurable,measurable,measurable,measurable,measurable,measurable,measurable,measurable,non_measurable,non_measurable,non_measurable,non_measurable,non_measurable,non_measurable,non_measurable,non_measurable,,60.11,,31.07,116.002,202.544,67.431,97.889,48.507,339.481,76.75,423.649,443.792,262.181,288.845,575.8,556.41,289.592,294.238,,,,,,,,
C:\Users\tombe\Documents\_MLE\CV-for-GRIT\databases\luomus_pictures_1\1\EA5.0F6.jpg,measurable,measurable,measurable,measurable,measurable,measurable,measurable,measurable,measurable,measurable,measurable,measurable,measurable,measurable,measurable,measurable,measurable,measurable,measurable,non_measurable,non_measurable,non_measurable,non_measurable,non_measurable,non_measurable,non_measurable,non_measurable,423.147,61.475,42.238,12.21,243.235,220.139,82.674,67.413,51.044,313.496,75.778,440.909,465.511,332.857,334.845,594.535,354.926,279.738,337.91,,,,,,,,
C:\Users\tombe\Documents\_MLE\CV-for-GRIT\databases\luomus_pictures_1\1\EA5.0FY.jpg,measurable,measurable,measurable,measurable,measurable,measurable,measurable,measurable,measurable,measurable,measurable,measurable,measurable,measurable,measurable,measurable,measurable,measurable,measurable,non_measurable,non_measurable,non_measurable,non_measurable,non_measurable,non_measurable,non_measurable,non_measurable,452.267,65.5,30.216,34.937,181.305,231.727,85.499,93.048,64.315,329.003,78.983,459.241,469.597,325.037,325.56,578.197,586.604,299.269,301.964,,,,,,,,
C:\Users\tombe\Documents\_MLE\CV-for-GRIT\databases\luomus_pictures_1\1\EA5.0MQ.jpg,measurable,measurable,measurable,measurable,measurable,measurable,measurable,measurable,measurable,measurable,measurable,measurable,measurable,measurable,measurable,measurable,measurable,measurable,measurable,non_measurable,non_measurable,non_measurable,non_measurable,non_measurable,non_measurable,non_measurable,non_measurable,502.025,65.605,39.233,29.836,187.472,169.261,93.258,89.726,62.077,373.066,80.54,491.733,491.785,335.11,322.145,625.868,630.456,348.311,353.643,,,,,,,,
C:\Users\tombe\Documents\_MLE\CV-for-GRIT\databases\luomus_pictures_1\1\EA5.0PL.jpg,measurable,measurable,measurable,measurable,measurable,measurable,non_measurable,measurable,measurable,measurable,measurable,measurable,measurable,measurable,measurable,measurable,measurable,measurable,measurable,non_measurable,non_measurable,non_measurable,non_measurable,non_measurable,non_measurable,non_measurable,non_measurable,431.768,64.189,43.411,32.837,252.884,257.907,,91.354,80.479,297.003,89.727,524.807,514.829,308.331,326.207,650.795,653.925,332.21,338.467,,,,,,,,
C:\Users\tombe\Documents\_MLE\CV-for-GRIT\databases\luomus_pictures_1\1\EA5.0QC.jpg,measurable,measurable,measurable,measurable,measurable,measurable,measurable,measurable,non_measurable,measurable,measurable,measurable,measurable,measurable,measurable,measurable,measurable,measurable,measurable,non_measurable,non_measurable,non_measurable,non_measurable,non_measurable,non_measurable,non_measurable,non_measurable,413.368,55.371,49.59,30.932,214.786,181.462,94.544,116.504,,247.274,99.218,515.943,514.773,361.59,370.039,626.499,646.924,381.743,385.658,,,,,,,,
C:\Users\tombe\Documents\_MLE\CV-for-GRIT\databases\luomus_pictures_1\1\EA5.0QT.jpg,measurable,measurable,measurable,measurable,measurable,measurable,measurable,measurable,measurable,measurable,measurable,measurable,measurable,measurable,measurable,measurable,measurable,measurable,measurable,non_measurable,non_measurable,non_measurable,non_measurable,non_measurable,non_measurable,non_measurable,non_measurable,439.88,64.931,54.603,35.624,254.832,255.654,93.828,93.884,55.719,291.394,78.124,494.698,500.798,357.381,343.968,620.459,626.629,370.851,369.75,,,,,,,,
C:\Users\tombe\Documents\_MLE\CV-for-GRIT\databases\luomus_pictures_1\1\EA5.0RP.jpg,measurable,measurable,measurable,non_measurable,measurable,measurable,measurable,measurable,measurable,measurable,measurable,measurable,measurable,measurable,measurable,measurable,measurable,measurable,measurable,non_measurable,non_measurable,non_measurable,non_measurable,non_measurable,non_measurable,non_measurable,non_measurable,355.054,64.219,41.207,,283.865,285.29,99.046,97.364,73.421,216.483,94.924,517.588,511.699,362.947,354.829,642.324,633.162,359.661,368.412,,,,,,,,
C:\Users\tombe\Documents\_MLE\CV-for-GRIT\databases\luomus_pictures_1\1\EA5.0XF.jpg,measurable,measurable,measurable,measurable,measurable,measurable,measurable,measurable,measurable,measurable,measurable,measurable,measurable,measurable,measurable,measurable,measurable,measurable,measurable,non_measurable,non_measurable,non_measurable,non_measurable,non_measurable,non_measurable,non_measurable,non_measurable,527.951,91.771,33.227,56.484,298.351,241.736,169.798,166.945,124.528,327.778,185.494,413.191,402.694,320.255,301.556,543.893,548.279,245.068,244.956,,,,,,,,
C:\Users\tombe\Documents\_MLE\CV-for-GRIT\databases\luomus_pictures_1\1\EA5.104.jpg,non_measurable,measurable,non_measurable,measurable,measurable,measurable,measurable,measurable,measurable,measurable,measurable,measurable,measurable,measurable,measurable,measurable,measurable,measurable,measurable,non_measurable,non_measurable,non_measurable,non_measurable,non_measurable,non_measurable,non_measurable,non_measurable,,94.651,,72.722,339.466,382.201,204.992,203.687,186.552,315.05,217.508,463.805,459.442,362.376,382.733,585.306,591.606,276.562,280.129,,,,,,,,
C:\Users\tombe\Documents\_MLE\CV-for-GRIT\databases\luomus_pictures_1\1\EA5.15N.jpg,measurable,measurable,measurable,measurable,measurable,measurable,measurable,measurable,measurable,measurable,measurable,measurable,measurable,measurable,measurable,measurable,measurable,measurable,measurable,non_measurable,non_measurable,non_measurable,non_measurable,non_measurable,non_measurable,non_measurable,non_measurable,420.489,79.654,52.946,33.162,340.225,341.143,115.33,159.502,62.48,208.041,79.576,522.897,509.48,404.857,398.97,614.295,600.935,375.746,359.972,,,,,,,,
C:\Users\tombe\Documents\_MLE\CV-for-GRIT\databases\luomus_pictures_1\1\EA5.160.jpg,measurable,measurable,measurable,measurable,measurable,measurable,measurable,measurable,measurable,measurable,measurable,measurable,measurable,measurable,measurable,measurable,measurable,measurable,measurable,non_measurable,non_measurable,non_measurable,non_measurable,non_measurable,non_measurable,non_measurable,non_measurable,431.927,89.678,42.623,51.215,317.621,318.193,95.85,168.162,68.42,221.142,82.396,483.699,493.045,451.849,482.821,690.536,676.577,408.574,401.637,,,,,,,,
C:\Users\tombe\Documents\_MLE\CV-for-GRIT\databases\luomus_pictures_1\1\EA5.18Y.jpg,measurable,measurable,measurable,measurable,measurable,measurable,measurable,measurable,measurable,measurable,measurable,measurable,measurable,measurable,measurable,measurable,measurable,measurable,measurable,non_measurable,non_measurable,non_measurable,non_measurable,non_measurable,non_measurable,non_measurable,non_measurable,472.092,99.298,46.526,50.17,306.812,313.595,101.027,132.276,84.027,293.291,92.361,510.266,528.838,462.212,455.472,685.866,669.489,373.734,377.78,,,,,,,,
C:\Users\tombe\Documents\_MLE\CV-for-GRIT\databases\luomus_pictures_1\1\EA5.1GR.jpg,non_measurable,measurable,non_measurable,measurable,measurable,measurable,measurable,measurable,measurable,measurable,measurable,measurable,measurable,measurable,measurable,measurable,measurable,measurable,measurable,non_measurable,non_measurable,non_measurable,non_measurable,non_measurable,non_measurable,non_measurable,non_measurable,,77.406,,58.276,200.674,167.473,100.039,90.928,141.588,341.565,130.642,473.428,482.439,384.552,372.665,587.764,600.579,288.844,267.637,,,,,,,,
C:\Users\tombe\Documents\_MLE\CV-for-GRIT\databases\luomus_pictures_1\1\EA5.22U.jpg,measurable,measurable,measurable,measurable,measurable,measurable,measurable,measurable,measurable,measurable,measurable,measurable,measurable,measurable,measurable,measurable,measurable,measurable,measurable,non_measurable,non_measurable,non_measurable,non_measurable,non_measurable,non_measurable,non_measurable,non_measurable,365.466,71.846,47.373,41.209,88.775,287.542,108.484,120.028,112.165,198.066,107.617,417.159,414.468,285.895,296.56,617.64,605.276,323.939,321.58,,,,,,,,
C:\Users\tombe\Documents\_MLE\CV-for-GRIT\databases\luomus_pictures_1\1\EA5.23Q.jpg,measurable,measurable,measurable,measurable,measurable,measurable,measurable,measurable,measurable,measurable,measurable,measurable,measurable,measurable,measurable,measurable,measurable,measurable,measurable,non_measurable,non_measurable,non_measurable,non_measurable,non_measurable,non_measurable,non_measurable,non_measurable,444.013,85.096,39.206,46.948,277.106,214.769,126.236,162.717,95.496,242.09,109.288,389.345,378.32,290.842,297.772,590.491,581.43,280.792,310.799,,,,,,,,
C:\Users\tombe\Documents\_MLE\CV-for-GRIT\databases\luomus_pictures_1\1\EA5.24A.jpg,measurable,measurable,measurable,measurable,measurable,measurable,measurable,measurable,measurable,measurable,measurable,measurable,measurable,measurable,measurable,measurable,measurable,measurable,measurable,non_measurable,non_measurable,non_measurable,non_measurable,non_measurable,non_measurable,non_measurable,non_measurable,494.975,80.367,49.674,42.064,310.349,245.297,121.437,140.512,114.849,304.79,120.727,438.505,431.033,271.841,282.553,649.01,651.449,313.322,333.301,,,,,,,,
C:\Users\tombe\Documents\_MLE\CV-for-GRIT\databases\luomus_pictures_1\1\EA6.0DN.jpg,measurable,measurable,measurable,measurable,non_measurable,measurable,measurable,measurable,measurable,measurable,measurable,measurable,measurable,measurable,measurable,measurable,measurable,measurable,measurable,non_measurable,non_measurable,non_measurable,non_measurable,non_measurable,non_measurable,non_measurable,non_measurable,474.164,77.636,74.746,44.256,,242.776,75.959,88.409,98.577,311.009,74.925,452.462,448.621,327.734,336.396,619.453,607.783,335.763,345.096,,,,,,,,
C:\Users\tombe\Documents\_MLE\CV-for-GRIT\databases\luomus_pictures_1\1\EA6.0EB.jpg,measurable,measurable,measurable,measurable,measurable,measurable,measurable,measurable,measurable,measurable,measurable,measurable,measurable,measurable,measurable,measurable,measurable,measurable,measurable,non_measurable,non_measurable,non_measurable,non_measurable,non_measurable,non_measurable,non_measurable,non_measurable,404.93,65.014,49.937,33.535,219.589,178.963,89.339,78.645,63.568,276.349,74.95,383.002,440.447,295.035,279.935,515.083,527.41,303.779,311.574,,,,,,,,
C:\Users\tombe\Documents\_MLE\CV-for-GRIT\databases\luomus_pictures_1\1\EA6.0G4.jpg,measurable,measurable,measurable,measurable,measurable,measurable,measurable,measurable,measurable,measurable,measurable,measurable,measurable,measurable,measurable,measurable,measurable,measurable,measurable,non_measurable,non_measurable,non_measurable,non_measurable,non_measurable,non_measurable,non_measurable,non_measurable,494.598,72.741,35.621,42.573,256.146,271.961,85.165,125.393,67.4,333.584,88.895,425.904,433.26,266.809,266.618,560.032,561.765,274.71,291.327,,,,,,,,
C:\Users\tombe\Documents\_MLE\CV-for-GRIT\databases\luomus_pictures_1\1\EA6.0G5.jpg,measurable,measurable,measurable,measurable,measurable,measurable,measurable,measurable,measurable,measurable,measurable,measurable,measurable,measurable,measurable,measurable,measurable,measurable,measurable,non_measurable,non_measurable,non_measurable,non_measurable,non_measurable,non_measurable,non_measurable,non_measurable,549.342,73.228,48.487,33.733,212.591,264.043,99.026,120.765,75.825,380.09,97.661,443.536,453.116,298.343,298.703,558.322,557.005,305.567,311.486,,,,,,,,
C:\Users\tombe\Documents\_MLE\CV-for-GRIT\databases\luomus_pictures_1\1\EA6.0HB.jpg,measurable,measurable,measurable,measurable,measurable,measurable,non_measurable,measurable,measurable,measurable,measurable,measurable,measurable,measurable,measurable,measurable,measurable,measurable,measurable,non_measurable,non_measurable,non_measurable,non_measurable,non_measurable,non_measurable,non_measurable,non_measurable,414.906,62.416,37.574,49.54,160.51,145.884,,112.019,50.931,265.314,75.849,449.74,449.132,304.491,288.94,554.843,558.336,317.519,330.596,,,,,,,,
C:\Users\tombe\Documents\_MLE\CV-for-GRIT\databases\luomus_pictures_1\1\EA6.0QJ.jpg,non_measurable,measurable,non_measurable,measurable,measurable,measurable,measurable,measurable,measurable,measurable,measurable,measurable,measurable,measurable,measurable,measurable,measurable,measurable,measurable,non_measurable,non_measurable,non_measurable,non_measurable,non_measurable,non_measurable,non_measurable,non_measurable,,83.127,,56.689,318.204,290.684,175.321,175.573,138.28,304.857,167.262,387.286,407.075,309.035,326.12,522.829,511.062,260.252,264.083,,,,,,,,
C:\Users\tombe\Documents\_MLE\CV-for-GRIT\databases\luomus_pictures_1\1\EA6.0QS.jpg,non_measurable,measurable,non_measurable,non_measurable,measurable,measurable,measurable,measurable,measurable,measurable,measurable,measurable,measurable,measurable,measurable,measurable,measurable,measurable,measurable,non_measurable,non_measurable,non_measurable,non_measurable,non_measurable,non_measurable,non_measurable,non_measurable,,81.772,,,332.612,335.412,185.341,225.58,110.81,323.096,212.761,424.152,451.162,324.065,325.345,519.682,535.472,266.37,253.84,,,,,,,,
C:\Users\tombe\Documents\_MLE\CV-for-GRIT\databases\luomus_pictures_1\1\EA6.0Z1.jpg,non_measurable,measurable,non_measurable,non_measurable,measurable,measurable,measurable,measurable,measurable,measurable,measurable,measurable,measurable,measurable,measurable,measurable,measurable,measurable,measurable,non_measurable,non_measurable,non_measurable,non_measurable,non_measurable,non_measurable,non_measurable,non_measurable,,80.765,,,308.59,305.187,164.505,172.59,106.604,331.133,158.079,429.449,434.879,306.272,330.006,554.186,566.688,285.507,281.528,,,,,,,,
C:\Users\tombe\Documents\_MLE\CV-for-GRIT\databases\luomus_pictures_1\1\EA6.0ZT.jpg,non_measurable,measurable,non_measurable,non_measurable,measurable,measurable,measurable,measurable,measurable,measurable,measurable,measurable,measurable,measurable,measurable,measurable,measurable,measurable,measurable,non_measurable,non_measurable,non_measurable,non_measurable,non_measurable,non_measurable,non_measurable,non_measurable,,105.468,,,344.956,336.917,195.762,230.028,146.471,312.353,205.109,435.029,413.888,340.94,354.278,590.111,593.912,296.479,286.949,,,,,,,,
C:\Users\tombe\Documents\_MLE\CV-for-GRIT\databases\luomus_pictures_1\1\EA6.119.jpg,non_measurable,measurable,non_measurable,measurable,measurable,measurable,measurable,measurable,measurable,measurable,measurable,measurable,measurable,measurable,measurable,measurable,measurable,measurable,measurable,non_measurable,non_measurable,non_measurable,non_measurable,non_measurable,non_measurable,non_measurable,non_measurable,,94.246,,58.964,287.156,288.791,200.774,174.334,145.998,267.647,186.693,430.38,415.867,332.244,336.533,602.243,611.667,276.853,270.627,,,,,,,,
C:\Users\tombe\Documents\_MLE\CV-for-GRIT\databases\luomus_pictures_1\1\EA6.12M.jpg,non_measurable,measurable,non_measurable,non_measurable,measurable,measurable,measurable,measurable,measurable,measurable,measurable,measurable,measurable,measurable,measurable,measurable,measurable,measurable,measurable,non_measurable,non_measurable,non_measurable,non_measurable,non_measurable,non_measurable,non_measurable,non_measurable,,91.527,,,319.849,266.648,207.087,208.754,116.875,326.615,211.896,389.159,374.369,300.986,324.045,543.704,545.057,240.197,249.646,,,,,,,,
C:\Users\tombe\Documents\_MLE\CV-for-GRIT\databases\luomus_pictures_1\1\EA6.12T.jpg,non_measurable,measurable,non_measurable,non_measurable,measurable,measurable,measurable,measurable,measurable,measurable,measurable,measurable,measurable,measurable,measurable,measurable,measurable,measurable,measurable,non_measurable,non_measurable,non_measurable,non_measurable,non_measurable,non_measurable,non_measurable,non_measurable,,81.163,,,320.035,313.683,185.885,179.696,136.059,287.487,201.448,377.433,378.278,307.456,302.36,532.97,535.546,257.271,255.238,,,,,,,,
C:\Users\tombe\Documents\_MLE\CV-for-GRIT\databases\luomus_pictures_1\1\EA6.135.jpg,non_measurable,measurable,non_measurable,measurable,measurable,measurable,measurable,measurable,measurable,measurable,measurable,measurable,measurable,measurable,measurable,measurable,measurable,measurable,measurable,non_measurable,non_measurable,non_measurable,non_measurable,non_measurable,non_measurable,non_measurable,non_measurable,,88.625,,64.409,312.498,280.222,190.999,171.623,166.305,309.711,212.362,368.767,366.968,270.818,266.574,533.225,534.908,245.862,242.12,,,,,,,,
C:\Users\tombe\Documents\_MLE\CV-for-GRIT\databases\luomus_pictures_1\1\EA6.141.jpg,measurable,measurable,measurable,measurable,measurable,measurable,measurable,measurable,measurable,measurable,measurable,measurable,measurable,measurable,measurable,measurable,measurable,measurable,measurable,non_measurable,non_measurable,non_measurable,non_measurable,non_measurable,non_measurable,non_measurable,non_measurable,457.377,118.246,52.285,67.35,237.951,230.743,138.569,116.013,98.019,289.079,115.832,405.641,407.034,340.455,350.015,504.21,498.612,269.159,279.982,,,,,,,,
C:\Users\tombe\Documents\_MLE\CV-for-GRIT\databases\luomus_pictures_1\1\EA6.17V.jpg,non_measurable,measurable,non_measurable,measurable,measurable,measurable,measurable,measurable,measurable,measurable,measurable,measurable,measurable,measurable,measurable,measurable,measurable,measurable,measurable,non_measurable,non_measurable,non_measurable,non_measurable,non_measurable,non_measurable,non_measurable,non_measurable,,62.386,,24.247,305.331,300.634,100.956,143.05,58.788,226.44,68.266,470.739,471.595,341.36,360.455,559.664,556.797,342.916,358.251,,,,,,,,
C:\Users\tombe\Documents\_MLE\CV-for-GRIT\databases\luomus_pictures_1\1\EA6.182.jpg,non_measurable,non_measurable,non_measurable,non_measurable,measurable,measurable,measurable,measurable,measurable,measurable,measurable,measurable,measurable,measurable,measurable,measurable,measurable,measurable,measurable,non_measurable,non_measurable,non_measurable,non_measurable,non_measurable,non_measurable,non_measurable,non_measurable,,,,,313.899,322.88,95.839,155.037,66.308,227.777,79.012,514.322,500.325,369.135,367.038,623.563,584.952,359.842,364.245,,,,,,,,
C:\Users\tombe\Documents\_MLE\CV-for-GRIT\databases\luomus_pictures_1\1\EA6.18M.jpg,measurable,measurable,measurable,measurable,measurable,measurable,measurable,measurable,measurable,measurable,measurable,measurable,measurable,measurable,measurable,measurable,measurable,measurable,measurable,non_measurable,non_measurable,non_measurable,non_measurable,non_measurable,non_measurable,non_measurable,non_measurable,426.884,77.584,38.703,41.209,277.454,152.779,115.278,158.614,85.118,229.566,80.874,543.98,534.047,361.492,359.098,634.305,402.484,351.944,328.579,,,,,,,,
C:\Users\tombe\Documents\_MLE\CV-for-GRIT\databases\luomus_pictures_1\1\EA6.1IG.jpg,measurable,measurable,measurable,measurable,measurable,measurable,measurable,measurable,measurable,measurable,measurable,measurable,measurable,measurable,measurable,measurable,measurable,measurable,measurable,non_measurable,non_measurable,non_measurable,non_measurable,non_measurable,non_measurable,non_measurable,non_measurable,325.661,61.154,26.377,36.109,239.108,244.787,95.187,101.182,74.617,198.102,76.713,429.872,445.458,352.135,356.297,583.82,598.052,297.895,333.36,,,,,,,,
C:\Users\tombe\Documents\_MLE\CV-for-GRIT\databases\luomus_pictures_1\1\EA6.1LM.jpg,measurable,measurable,measurable,measurable,measurable,measurable,measurable,measurable,measurable,measurable,measurable,measurable,measurable,measurable,measurable,measurable,measurable,measurable,measurable,non_measurable,non_measurable,non_measurable,non_measurable,non_measurable,non_measurable,non_measurable,non_measurable,460.01,73.085,63.268,38.931,204.223,269.553,120.182,170.314,84.452,226.428,107.284,417.133,453.452,282.918,287.836,649.294,645.769,315.27,331.718,,,,,,,,
C:\Users\tombe\Documents\_MLE\CV-for-GRIT\databases\luomus_pictures_1\1\EA6.1PR.jpg,measurable,measurable,measurable,measurable,measurable,measurable,measurable,measurable,measurable,measurable,measurable,measurable,measurable,measurable,measurable,measurable,measurable,measurable,measurable,non_measurable,non_measurable,non_measurable,non_measurable,non_measurable,non_measurable,non_measurable,non_measurable,409.722,68.047,28.416,37.502,156.817,195.743,96.091,105.391,90.687,275.915,93.886,485.036,467.252,391.148,380.772,635.864,643.934,357.242,345.663,,,,,,,,
C:\Users\tombe\Documents\_MLE\CV-for-GRIT\databases\luomus_pictures_1\1\EA6.1QM.jpg,measurable,measurable,measurable,measurable,measurable,measurable,measurable,measurable,measurable,measurable,measurable,measurable,measurable,measurable,measurable,measurable,measurable,measurable,measurable,non_measurable,non_measurable,non_measurable,non_measurable,non_measurable,non_measurable,non_measurable,non_measurable,422.195,64.777,30.399,38.142,270.329,264.647,108.739,92.905,67.681,298.891,88.79,471.325,451.592,357.521,365.06,569.826,580.569,332.827,323.371,,,,,,,,
C:\Users\tombe\Documents\_MLE\CV-for-GRIT\databases\luomus_pictures_1\1\EA6.1RE.jpg,non_measurable,non_measurable,non_measurable,non_measurable,measurable,measurable,measurable,measurable,measurable,measurable,measurable,measurable,measurable,measurable,measurable,measurable,measurable,measurable,measurable,non_measurable,non_measurable,non_measurable,non_measurable,non_measurable,non_measurable,non_measurable,non_measurable,,,,,314.995,302.382,183.763,239.629,144.585,313.762,197.212,453.139,467.323,320.844,301.193,634.214,660.817,285.318,289.898,,,,,,,,
C:\Users\tombe\Documents\_MLE\CV-for-GRIT\databases\luomus_pictures_1\1\EA6.1S0.jpg,measurable,measurable,measurable,measurable,measurable,measurable,measurable,measurable,measurable,measurable,measurable,measurable,measurable,measurable,measurable,measurable,measurable,measurable,measurable,non_measurable,non_measurable,non_measurable,non_measurable,non_measurable,non_measurable,non_measurable,non_measurable,466.203,69.355,37.502,33.598,270.37,266.66,118.292,115.832,81.621,312.869,99.556,490.779,504.244,368.31,362.068,629.427,633.937,334.904,332.603,,,,,,,,
C:\Users\tombe\Documents\_MLE\CV-for-GRIT\databases\luomus_pictures_1\1\EA6.1SK.jpg,measurable,measurable,measurable,non_measurable,measurable,measurable,measurable,measurable,measurable,measurable,measurable,measurable,measurable,measurable,measurable,measurable,measurable,measurable,measurable,non_measurable,non_measurable,measurable,measurable,non_measurable,non_measurable,measurable,measurable,482.056,60.576,30.435,,335.311,332.731,98.181,140.346,67.745,311.275,103.51,515.578,524.99,331.736,331.365,556.714,640.393,311.188,311.973,,,186.002,118.42,,,174.671,83.532
C:\Users\tombe\Documents\_MLE\CV-for-GRIT\databases\luomus_pictures_1\1\EA7.0I2.jpg,measurable,measurable,measurable,measurable,measurable,measurable,measurable,measurable,measurable,measurable,measurable,measurable,measurable,measurable,measurable,measurable,measurable,measurable,measurable,non_measurable,non_measurable,measurable,measurable,non_measurable,non_measurable,measurable,measurable,441.95,75.304,35.635,52.463,286.547,285.227,125.276,128.699,97.987,277.617,116.696,495.678,514.035,397.449,388.679,643.49,655.0,369.865,360.444,,,78.759,93.845,,,79.728,95.663
C:\Users\tombe\Documents\_MLE\CV-for-GRIT\databases\luomus_pictures_1\1\EA7.0IJ.jpg,measurable,measurable,measurable,measurable,measurable,measurable,measurable,measurable,measurable,measurable,measurable,measurable,measurable,measurable,measurable,measurable,measurable,measurable,measurable,non_measurable,non_measurable,non_measurable,non_measurable,non_measurable,non_measurable,non_measurable,non_measurable,436.946,78.245,47.042,40.101,258.805,300.467,109.623,120.273,46.543,269.631,100.39,464.561,479.174,344.739,336.18,593.01,600.781,329.387,342.437,,,,,,,,
C:\Users\tombe\Documents\_MLE\CV-for-GRIT\databases\luomus_pictures_1\1\EA7.0N3.jpg,measurable,measurable,measurable,measurable,measurable,measurable,measurable,measurable,measurable,measurable,measurable,measurable,measurable,measurable,measurable,measurable,measurable,measurable,measurable,non_measurable,non_measurable,non_measurable,non_measurable,non_measurable,non_measurable,non_measurable,non_measurable,467.38,77.919,42.715,42.772,320.52,320.256,139.629,126.632,102.895,298.033,116.807,546.972,557.234,372.756,370.168,720.264,740.735,391.274,391.006,,,,,,,,
C:\Users\tombe\Documents\_MLE\CV-for-GRIT\databases\luomus_pictures_1\1\EA7.0VF.jpg,non_measurable,measurable,non_measurable,measurable,measurable,measurable,measurable,measurable,measurable,measurable,measurable,measurable,measurable,measurable,measurable,measurable,measurable,measurable,measurable,non_measurable,non_measurable,non_measurable,non_measurable,non_measurable,non_measurable,non_measurable,non_measurable,,104.89,,72.446,303.124,320.088,192.231,285.196,148.575,317.722,202.426,473.444,488.574,378.463,380.12,603.624,647.519,273.37,285.736,,,,,,,,
C:\Users\tombe\Documents\_MLE\CV-for-GRIT\databases\luomus_pictures_1\1\EA7.0VN.jpg,non_measurable,non_measurable,non_measurable,non_measurable,measurable,measurable,measurable,measurable,measurable,measurable,measurable,measurable,measurable,measurable,measurable,measurable,measurable,measurable,measurable,non_measurable,non_measurable,non_measurable,non_measurable,non_measurable,non_measurable,non_measurable,non_measurable,,,,,399.601,380.621,227.518,215.561,172.245,402.167,225.334,461.241,474.467,366.146,384.148,664.369,675.383,287.624,287.896,,,,,,,,
C:\Users\tombe\Documents\_MLE\CV-for-GRIT\databases\luomus_pictures_1\1\EA7.0Z9.jpg,non_measurable,measurable,non_measurable,non_measurable,measurable,measurable,measurable,measurable,measurable,measurable,measurable,measurable,measurable,measurable,measurable,measurable,measurable,measurable,measurable,non_measurable,non_measurable,measurable,measurable,non_measurable,non_measurable,measurable,measurable,,88.771,,,274.602,274.237,179.452,223.418,188.77,346.435,188.316,500.874,527.242,351.344,340.879,678.084,680.802,319.414,334.147,,,116.221,114.732,,,107.289,124.186
C:\Users\tombe\Documents\_MLE\CV-for-GRIT\databases\luomus_pictures_1\1\EA7.112.jpg,non_measurable,measurable,non_measurable,measurable,non_measurable,measurable,measurable,measurable,measurable,measurable,measurable,measurable,measurable,measurable,measurable,measurable,measurable,measurable,measurable,non_measurable,non_measurable,non_measurable,non_measurable,non_measurable,non_measurable,non_measurable,non_measurable,,105.967,,67.808,,416.378,210.695,202.861,164.847,392.04,223.703,439.359,431.275,387.537,399.911,608.926,610.247,317.636,313.581,,,,,,,,
C:\Users\tombe\Documents\_MLE\CV-for-GRIT\databases\luomus_pictures_1\1\EA7.122.jpg,non_measurable,measurable,non_measurable,measurable,non_measurable,measurable,measurable,measurable,measurable,measurable,measurable,measurable,measurable,measurable,measurable,measurable,measurable,measurable,measurable,non_measurable,non_measurable,non_measurable,non_measurable,non_measurable,non_measurable,non_measurable,non_measurable,,109.972,,61.124,,336.685,216.606,232.881,138.292,340.488,210.113,482.765,456.679,470.213,484.082,688.104,671.742,324.373,326.541,,,,,,,,
C:\Users\tombe\Documents\_MLE\CV-for-GRIT\databases\luomus_pictures_1\1\EA7.14S.jpg,non_measurable,measurable,non_measurable,measurable,measurable,measurable,measurable,measurable,measurable,measurable,measurable,measurable,measurable,measurable,measurable,measurable,measurable,measurable,measurable,non_measurable,non_measurable,non_measurable,non_measurable,non_measurable,non_measurable,non_measurable,non_measurable,,109.648,,69.758,239.928,218.039,226.04,267.004,227.017,341.136,223.136,522.728,498.193,406.6,403.188,649.222,652.703,338.697,332.483,,,,,,,,
C:\Users\tombe\Documents\_MLE\CV-for-GRIT\databases\luomus_pictures_1\1\EA7.16G.jpg,non_measurable,measurable,non_measurable,measurable,measurable,measurable,measurable,measurable,measurable,measurable,measurable,measurable,measurable,measurable,measurable,measurable,measurable,measurable,measurable,non_measurable,non_measurable,non_measurable,non_measurable,non_measurable,non_measurable,non_measurable,non_measurable,,117.314,,67.884,322.426,324.45,186.523,226.153,187.042,309.541,183.741,519.23,500.741,375.386,401.855,694.917,694.275,341.687,328.261,,,,,,,,
C:\Users\tombe\Documents\_MLE\CV-for-GRIT\databases\luomus_pictures_1\1\EA7.16H.jpg,non_measurable,measurable,non_measurable,measurable,measurable,measurable,measurable,measurable,measurable,measurable,measurable,measurable,measurable,measurable,measurable,measurable,measurable,measurable,measurable,non_measurable,non_measurable,non_measurable,non_measurable,non_measurable,non_measurable,non_measurable,non_measurable,,103.189,,65.06,315.173,313.376,204.931,220.471,172.394,345.01,192.175,498.595,486.765,412.854,399.573,677.568,669.184,331.443,322.0,,,,,,,,
C:\Users\tombe\Documents\_MLE\CV-for-GRIT\databases\luomus_pictures_1\1\EA7.16O.jpg,measurable,measurable,measurable,measurable,measurable,measurable,measurable,measurable,measurable,measurable,measurable,measurable,measurable,measurable,measurable,measurable,measurable,measurable,measurable,non_measurable,non_measurable,non_measurable,non_measurable,non_measurable,non_measurable,non_measurable,non_measurable,624.826,101.776,66.427,67.957,253.952,321.947,189.391,214.894,156.87,343.505,179.475,524.206,511.043,385.196,405.833,717.451,715.828,332.494,336.404,,,,,,,,
C:\Users\tombe\Documents\_MLE\CV-for-GRIT\databases\luomus_pictures_1\1\EA7.19X.jpg,measurable,measurable,measurable,measurable,measurable,measurable,measurable,measurable,measurable,measurable,measurable,measurable,measurable,measurable,measurable,measurable,measurable,measurable,measurable,non_measurable,non_measurable,measurable,measurable,non_measurable,non_measurable,non_measurable,non_measurable,720.656,120.513,70.876,67.618,375.371,364.197,224.674,223.328,99.163,426.452,210.558,471.161,486.754,388.774,373.071,643.021,639.428,314.608,322.916,,,136.994,189.469,,,,
C:\Users\tombe\Documents\_MLE\CV-for-GRIT\databases\luomus_pictures_1\1\EA7.1A9.jpg,measurable,measurable,measurable,measurable,measurable,measurable,measurable,measurable,measurable,measurable,measurable,measurable,measurable,measurable,measurable,measurable,measurable,measurable,measurable,non_measurable,non_measurable,non_measurable,non_measurable,non_measurable,non_measurable,non_measurable,non_measurable,653.006,104.716,65.06,62.317,410.051,409.167,214.853,203.479,151.193,384.467,202.14,538.078,538.054,438.262,389.674,692.928,695.748,335.552,347.228,,,,,,,,
C:\Users\tombe\Documents\_MLE\CV-for-GRIT\databases\luomus_pictures_1\1\EA7.1C2.jpg,non_measurable,measurable,non_measurable,measurable,measurable,non_measurable,measurable,measurable,measurable,measurable,measurable,measurable,measurable,measurable,measurable,measurable,measurable,measurable,measurable,non_measurable,non_measurable,non_measurable,non_measurable,non_measurable,non_measurable,non_measurable,non_measurable,,111.709,,62.189,387.244,,229.422,246.449,152.612,333.618,221.956,476.513,486.097,372.717,402.295,644.039,633.478,314.304,307.188,,,,,,,,
C:\Users\tombe\Documents\_MLE\CV-for-GRIT\databases\luomus_pictures_1\1\EA7.1G8.jpg,non_measurable,measurable,non_measurable,non_measurable,measurable,measurable,measurable,measurable,measurable,measurable,measurable,measurable,measurable,measurable,measurable,measurable,measurable,measurable,measurable,non_measurable,non_measurable,non_measurable,non_measurable,non_measurable,non_measurable,non_measurable,non_measurable,,75.103,,,325.056,320.607,172.532,214.853,138.504,501.861,188.461,417.408,420.622,300.786,312.775,543.003,564.375,264.169,274.463,,,,,,,,
C:\Users\tombe\Documents\_MLE\CV-for-GRIT\databases\luomus_pictures_1\1\EA7.1KT.jpg,measurable,measurable,measurable,measurable,measurable,measurable,measurable,measurable,measurable,measurable,measurable,measurable,measurable,measurable,measurable,measurable,measurable,measurable,measurable,non_measurable,non_measurable,non_measurable,non_measurable,non_measurable,non_measurable,non_measurable,non_measurable,529.958,96.127,80.381,40.463,299.276,212.754,104.601,154.122,58.772,295.455,68.06,611.816,606.348,465.809,466.716,737.422,746.137,413.277,394.646,,,,,,,,
C:\Users\tombe\Documents\_MLE\CV-for-GRIT\databases\luomus_pictures_1\1\EA7.1OF.jpg,non_measurable,measurable,non_measurable,measurable,measurable,measurable,measurable,measurable,measurable,measurable,measurable,measurable,measurable,measurable,measurable,measurable,measurable,measurable,measurable,non_measurable,non_measurable,non_measurable,non_measurable,non_measurable,non_measurable,non_measurable,non_measurable,,96.344,,70.778,270.807,275.018,206.319,179.592,188.064,476.289,210.544,417.184,411.605,265.842,243.699,701.459,693.393,268.7,263.613,,,,,,,,
C:\Users\tombe\Documents\_MLE\CV-for-GRIT\databases\luomus_pictures_1\1\EA7.1OI.jpg,non_measurable,measurable,non_measurable,measurable,measurable,measurable,measurable,measurable,measurable,measurable,measurable,measurable,measurable,measurable,measurable,measurable,measurable,measurable,measurable,non_measurable,non_measurable,non_measurable,non_measurable,non_measurable,non_measurable,non_measurable,non_measurable,,83.476,,71.158,225.213,234.833,166.742,178.04,179.653,395.647,158.258,435.364,442.057,260.156,266.525,745.464,761.084,278.998,274.812,,,,,,,,
C:\Users\tombe\Documents\_MLE\CV-for-GRIT\databases\luomus_pictures_1\1\EA7.1OR.jpg,non_measurable,measurable,non_measurable,non_measurable,measurable,measurable,measurable,measurable,measurable,measurable,measurable,measurable,measurable,measurable,measurable,measurable,measurable,measurable,measurable,non_measurable,non_measurable,non_measurable,non_measurable,non_measurable,non_measurable,non_measurable,non_measurable,,120.513,,,292.488,298.306,247.378,253.407,261.442,365.02,222.131,428.022,417.703,287.436,299.559,728.801,732.593,292.712,285.474,,,,,,,,
C:\Users\tombe\Documents\_MLE\CV-for-GRIT\databases\luomus_pictures_1\1\EA7.1W5.jpg,non_measurable,measurable,non_measurable,non_measurable,measurable,measurable,measurable,measurable,measurable,measurable,measurable,measurable,measurable,measurable,measurable,measurable,measurable,measurable,measurable,non_measurable,non_measurable,non_measurable,non_measurable,non_measurable,non_measurable,non_measurable,non_measurable,,67.144,,,330.85,302.268,130.066,104.573,136.12,316.794,115.159,551.874,558.055,399.871,388.682,687.99,697.332,343.174,363.021,,,,,,,,
C:\Users\tombe\Documents\_MLE\CV-for-GRIT\databases\luomus_pictures_1\1\EA7.1WK.jpg,measurable,measurable,measurable,measurable,measurable,measurable,measurable,measurable,measurable,measurable,measurable,measurable,measurable,measurable,measurable,measurable,measurable,measurable,measurable,non_measurable,non_measurable,non_measurable,non_measurable,non_measurable,non_measurable,non_measurable,non_measurable,512.611,73.816,51.182,33.912,216.899,255.754,125.79,164.129,80.987,297.301,104.563,495.19,506.424,415.82,416.744,715.178,727.518,405.227,408.579,,,,,,,,
C:\Users\tombe\Documents\_MLE\CV-for-GRIT\databases\luomus_pictures_1\1\EA7.1XA.jpg,measurable,measurable,measurable,measurable,measurable,measurable,measurable,measurable,measurable,measurable,measurable,measurable,measurable,measurable,measurable,measurable,measurable,measurable,measurable,non_measurable,non_measurable,non_measurable,non_measurable,non_measurable,non_measurable,non_measurable,non_measurable,507.113,71.019,66.404,36.935,279.484,309.098,141.547,166.745,86.874,273.963,108.811,548.285,555.739,413.654,405.661,695.536,707.982,359.547,362.791,,,,,,,,
C:\Users\tombe\Documents\_MLE\CV-for-GRIT\databases\luomus_pictures_1\1\EA7.203.jpg,non_measurable,measurable,non_measurable,measurable,non_measurable,measurable,measurable,measurable,measurable,measurable,measurable,measurable,measurable,measurable,measurable,measurable,measurable,measurable,measurable,non_measurable,non_measurable,non_measurable,non_measurable,non_measurable,non_measurable,non_measurable,non_measurable,,81.21,,42.772,,327.469,140.145,141.512,99.002,308.105,123.062,610.429,589.865,467.913,472.725,754.17,730.944,411.495,411.01,,,,,,,,
C:\Users\tombe\Documents\_MLE\CV-for-GRIT\databases\luomus_pictures_1\1\EA7.22N.jpg,measurable,measurable,measurable,measurable,measurable,measurable,measurable,measurable,measurable,measurable,measurable,measurable,measurable,measurable,measurable,measurable,measurable,measurable,measurable,non_measurable,non_measurable,non_measurable,non_measurable,non_measurable,non_measurable,non_measurable,non_measurable,450.473,79.869,50.776,43.622,353.428,311.682,106.943,137.889,89.51,261.809,102.306,475.327,482.554,331.356,283.648,681.73,678.521,331.164,328.669,,,,,,,,
C:\Users\tombe\Documents\_MLE\CV-for-GRIT\databases\luomus_pictures_1\1\EA7.23G.jpg,measurable,measurable,measurable,measurable,non_measurable,non_measurable,measurable,measurable,measurable,measurable,measurable,measurable,measurable,measurable,measurable,measurable,measurable,measurable,measurable,non_measurable,non_measurable,non_measurable,non_measurable,non_measurable,non_measurable,non_measurable,non_measurable,471.661,84.969,51.357,53.209,,,131.6,175.265,107.723,245.039,130.189,496.972,498.812,322.3,331.915,719.159,710.031,359.142,380.542,,,,,,,,
C:\Users\tombe\Documents\_MLE\CV-for-GRIT\databases\luomus_pictures_1\1\EA7.25Z.jpg,measurable,measurable,measurable,measurable,non_measurable,measurable,measurable,measurable,measurable,measurable,measurable,measurable,measurable,measurable,measurable,measurable,measurable,measurable,measurable,non_measurable,non_measurable,non_measurable,non_measurable,non_measurable,non_measurable,non_measurable,non_measurable,538.159,75.895,36.16,39.254,,157.685,120.313,138.316,98.613,363.683,122.325,589.78,593.286,408.567,407.189,717.762,722.001,369.381,371.942,,,,,,,,
C:\Users\tombe\Documents\_MLE\CV-for-GRIT\databases\luomus_pictures_1\1\EA7.26E.jpg,measurable,measurable,measurable,measurable,measurable,measurable,measurable,measurable,measurable,measurable,measurable,measurable,measurable,measurable,measurable,measurable,measurable,measurable,measurable,non_measurable,non_measurable,non_measurable,non_measurable,non_measurable,non_measurable,non_measurable,non_measurable,647.759,76.579,58.396,40.005,351.594,367.442,124.832,144.876,66.498,444.486,107.277,631.72,624.381,439.457,435.777,749.676,748.206,399.967,394.342,,,,,,,,
C:\Users\tombe\Documents\_MLE\CV-for-GRIT\databases\luomus_pictures_1\1\EA7.286.jpg,non_measurable,measurable,non_measurable,non_measurable,measurable,measurable,measurable,measurable,measurable,measurable,measurable,measurable,measurable,measurable,measurable,measurable,measurable,measurable,measurable,non_measurable,non_measurable,non_measurable,non_measurable,non_measurable,non_measurable,non_measurable,non_measurable,,77.63,,,254.705,356.423,133.135,175.51,105.472,255.515,139.41,516.513,524.671,416.135,401.64,634.652,664.841,329.17,368.335,,,,,,,,
C:\Users\tombe\Documents\_MLE\CV-for-GRIT\databases\luomus_pictures_1\1\EA7.28A.jpg,non_measurable,measurable,non_measurable,measurable,non_measurable,measurable,measurable,measurable,measurable,measurable,measurable,measurable,measurable,measurable,measurable,measurable,measurable,measurable,measurable,non_measurable,non_measurable,non_measurable,non_measurable,non_measurable,non_measurable,non_measurable,non_measurable,,72.357,,43.082,,321.787,107.723,129.52,43.895,367.408,82.392,619.503,620.266,435.468,409.774,749.533,731.717,402.541,406.202,,,,,,,,
C:\Users\tombe\Documents\_MLE\CV-for-GRIT\databases\luomus_pictures_1\1\EA7.28P.jpg,measurable,measurable,measurable,measurable,non_measurable,measurable,measurable,measurable,measurable,measurable,measurable,measurable,measurable,measurable,measurable,measurable,measurable,measurable,measurable,non_measurable,non_measurable,non_measurable,non_measurable,non_measurable,non_measurable,non_measurable,non_measurable,485.321,66.273,43.739,36.682,,329.837,118.991,119.988,102.262,321.594,93.159,506.94,537.253,417.201,401.664,611.409,641.948,339.154,337.378,,,,,,,,
C:\Users\tombe\Documents\_MLE\CV-for-GRIT\databases\luomus_pictures_1\1\EA7.29W.jpg,measurable,measurable,measurable,measurable,measurable,measurable,measurable,measurable,measurable,measurable,measurable,measurable,measurable,measurable,measurable,measurable,measurable,measurable,measurable,non_measurable,non_measurable,non_measurable,non_measurable,non_measurable,non_measurable,non_measurable,non_measurable,499.261,68.77,53.962,34.688,261.383,282.958,100.931,104.872,72.726,340.426,95.358,580.941,553.426,287.897,308.461,772.169,770.793,411.539,401.907,,,,,,,,
C:\Users\tombe\Documents\_MLE\CV-for-GRIT\databases\luomus_pictures_1\1\EA8.0UP.jpg,non_measurable,measurable,non_measurable,non_measurable,measurable,measurable,measurable,measurable,measurable,measurable,measurable,measurable,measurable,measurable,measurable,measurable,measurable,measurable,measurable,non_measurable,non_measurable,non_measurable,non_measurable,non_measurable,non_measurable,non_measurable,non_measurable,,155.01,,,345.098,355.719,269.334,188.523,195.712,290.759,270.853,412.021,415.028,416.948,399.106,574.319,578.143,269.227,267.043,,,,,,,,
C:\Users\tombe\Documents\_MLE\CV-for-GRIT\databases\luomus_pictures_1\1\EA8.0WW.jpg,measurable,measurable,measurable,non_measurable,measurable,measurable,measurable,measurable,measurable,measurable,measurable,measurable,measurable,measurable,measurable,measurable,measurable,measurable,measurable,non_measurable,non_measurable,non_measurable,non_measurable,non_measurable,non_measurable,non_measurable,non_measurable,564.71,85.518,44.429,,322.835,324.512,218.031,236.547,167.3,283.734,200.455,393.993,401.72,320.603,319.997,587.311,607.463,263.085,275.969,,,,,,,,
C:\Users\tombe\Documents\_MLE\CV-for-GRIT\databases\luomus_pictures_1\1\EA8.0Y3.jpg,measurable,measurable,measurable,measurable,measurable,measurable,measurable,measurable,measurable,measurable,measurable,measurable,measurable,measurable,measurable,measurable,measurable,measurable,measurable,non_measurable,non_measurable,non_measurable,non_measurable,non_measurable,non_measurable,non_measurable,non_measurable,587.614,109.482,42.846,75.091,307.115,302.168,262.234,217.788,157.41,326.981,259.936,425.393,411.935,367.553,340.078,596.113,599.1,284.079,281.247,,,,,,,,
C:\Users\tombe\Documents\_MLE\CV-for-GRIT\databases\luomus_pictures_1\1\EA8.0Y7.jpg,measurable,measurable,measurable,non_measurable,measurable,measurable,measurable,measurable,measurable,measurable,measurable,measurable,measurable,measurable,measurable,measurable,measurable,measurable,measurable,non_measurable,non_measurable,non_measurable,non_measurable,non_measurable,non_measurable,non_measurable,non_measurable,590.357,77.246,45.886,,336.979,319.182,245.689,241.501,185.873,302.97,211.667,445.338,431.897,352.159,370.957,632.406,649.505,301.476,303.086,,,,,,,,
C:\Users\tombe\Documents\_MLE\CV-for-GRIT\databases\luomus_pictures_1\1\EA8.123.jpg,measurable,measurable,measurable,non_measurable,measurable,measurable,measurable,measurable,measurable,measurable,measurable,measurable,measurable,measurable,measurable,measurable,measurable,measurable,measurable,non_measurable,non_measurable,non_measurable,non_measurable,non_measurable,non_measurable,non_measurable,non_measurable,566.836,91.151,45.361,,343.941,347.284,199.105,200.323,144.648,321.152,212.891,426.595,438.546,365.806,359.724,548.3,552.632,301.796,300.646,,,,,,,,
C:\Users\tombe\Documents\_MLE\CV-for-GRIT\databases\luomus_pictures_1\1\EA8.16U.jpg,non_measurable,measurable,non_measurable,measurable,measurable,measurable,measurable,measurable,measurable,measurable,measurable,measurable,measurable,measurable,measurable,measurable,measurable,measurable,measurable,non_measurable,non_measurable,non_measurable,non_measurable,non_measurable,non_measurable,non_measurable,non_measurable,,90.389,,63.16,307.428,300.546,190.971,181.1,178.122,307.17,201.09,459.835,447.528,365.348,371.842,587.087,594.801,294.789,298.863,,,,,,,,
C:\Users\tombe\Documents\_MLE\CV-for-GRIT\databases\luomus_pictures_1\1\EA8.181.jpg,measurable,measurable,measurable,measurable,measurable,measurable,measurable,measurable,measurable,measurable,measurable,measurable,measurable,measurable,measurable,measurable,measurable,measurable,measurable,non_measurable,non_measurable,non_measurable,non_measurable,non_measurable,non_measurable,non_measurable,non_measurable,586.314,105.388,48.063,64.393,348.197,380.205,201.042,222.932,125.794,315.319,189.272,470.202,465.6,383.853,354.664,584.449,585.797,298.883,278.287,,,,,,,,
C:\Users\tombe\Documents\_MLE\CV-for-GRIT\databases\luomus_pictures_1\1\EA8.198.jpg,non_measurable,measurable,non_measurable,measurable,measurable,measurable,measurable,measurable,measurable,measurable,measurable,measurable,measurable,measurable,measurable,measurable,measurable,measurable,measurable,non_measurable,non_measurable,non_measurable,non_measurable,non_measurable,non_measurable,non_measurable,non_measurable,,75.875,,53.511,269.218,224.458,127.77,149.887,110.556,207.618,119.087,452.738,431.87,387.534,381.082,570.599,574.862,322.369,305.443,,,,,,,,
C:\Users\tombe\Documents\_MLE\CV-for-GRIT\databases\luomus_pictures_1\1\EA8.1AC.jpg,measurable,measurable,measurable,measurable,measurable,measurable,measurable,measurable,measurable,measurable,measurable,measurable,measurable,measurable,measurable,measurable,measurable,measurable,measurable,non_measurable,non_measurable,non_measurable,non_measurable,non_measurable,non_measurable,non_measurable,non_measurable,622.695,93.778,37.708,55.183,383.787,351.789,157.156,181.079,112.041,403.908,160.888,507.76,517.19,423.999,425.231,654.045,673.185,333.383,331.039,,,,,,,,
C:\Users\tombe\Documents\_MLE\CV-for-GRIT\databases\luomus_pictures_1\1\EA8.1B9.jpg,non_measurable,non_measurable,non_measurable,non_measurable,measurable,measurable,measurable,measurable,measurable,measurable,measurable,measurable,measurable,measurable,measurable,measurable,measurable,measurable,measurable,non_measurable,non_measurable,non_measurable,non_measurable,non_measurable,non_measurable,non_measurable,non_measurable,,,,,379.621,362.957,214.18,201.204,158.86,349.442,233.582,441.209,452.597,379.935,329.317,597.758,604.595,314.211,318.734,,,,,,,,
C:\Users\tombe\Documents\_MLE\CV-for-GRIT\databases\luomus_pictures_1\1\EA8.1BL.jpg,non_measurable,non_measurable,non_measurable,non_measurable,non_measurable,measurable,measurable,measurable,measurable,measurable,measurable,measurable,measurable,measurable,measurable,measurable,measurable,measurable,measurable,non_measurable,non_measurable,non_measurable,non_measurable,non_measurable,non_measurable,non_measurable,non_measurable,,,,,,263.423,202.787,194.877,158.443,299.279,186.769,467.121,475.384,235.792,279.69,655.902,663.843,289.104,300.782,,,,,,,,
C:\Users\tombe\Documents\_MLE\CV-for-GRIT\databases\luomus_pictures_1\1\EA8.1EY.jpg,measurable,measurable,measurable,measurable,measurable,measurable,measurable,measurable,measurable,measurable,measurable,measurable,measurable,measurable,measurable,measurable,measurable,measurable,measurable,non_measurable,non_measurable,non_measurable,non_measurable,non_measurable,non_measurable,non_measurable,non_measurable,572.752,102.172,58.802,68.566,325.257,316.522,191.484,195.769,126.76,318.181,179.737,462.964,461.037,386.002,401.153,581.322,603.324,309.026,306.396,,,,,,,,
C:\Users\tombe\Documents\_MLE\CV-for-GRIT\databases\luomus_pictures_1\1\EA8.1ID.jpg,non_measurable,non_measurable,non_measurable,measurable,measurable,non_measurable,measurable,measurable,measurable,measurable,measurable,measurable,measurable,measurable,measurable,measurable,measurable,measurable,measurable,non_measurable,non_measurable,non_measurable,non_measurable,non_measurable,non_measurable,non_measurable,non_measurable,,,,63.069,360.093,,215.461,183.665,168.655,343.761,218.491,475.629,474.814,347.39,426.985,638.683,382.495,278.593,257.533,,,,,,,,
C:\Users\tombe\Documents\_MLE\CV-for-GRIT\databases\luomus_pictures_1\1\EA8.1IZ.jpg,non_measurable,measurable,non_measurable,measurable,measurable,measurable,measurable,measurable,measurable,measurable,measurable,measurable,measurable,measurable,measurable,measurable,measurable,measurable,measurable,non_measurable,non_measurable,non_measurable,non_measurable,non_measurable,non_measurable,non_measurable,non_measurable,,103.69,,66.057,367.534,353.652,238.816,182.112,205.062,329.308,234.599,447.608,428.146,378.247,386.547,608.161,596.109,291.574,316.859,,,,,,,,
C:\Users\tombe\Documents\_MLE\CV-for-GRIT\databases\luomus_pictures_1\1\EA8.1KO.jpg,non_measurable,non_measurable,non_measurable,non_measurable,measurable,measurable,measurable,measurable,measurable,measurable,measurable,measurable,measurable,measurable,measurable,measurable,measurable,measurable,measurable,non_measurable,non_measurable,non_measurable,non_measurable,non_measurable,non_measurable,non_measurable,non_measurable,,,,,330.822,349.643,213.954,200.043,149.914,346.425,224.614,403.472,421.4,322.761,304.561,629.811,617.067,301.536,288.487,,,,,,,,
C:\Users\tombe\Documents\_MLE\CV-for-GRIT\databases\luomus_pictures_1\1\EA8.1MA.jpg,non_measurable,measurable,non_measurable,measurable,measurable,measurable,measurable,measurable,measurable,measurable,measurable,measurable,measurable,measurable,measurable,measurable,measurable,measurable,measurable,non_measurable,non_measurable,non_measurable,non_measurable,non_measurable,non_measurable,non_measurable,non_measurable,,105.032,,78.507,284.796,369.389,218.045,202.872,179.556,348.364,214.472,421.13,457.525,336.621,327.883,615.946,623.819,300.363,299.157,,,,,,,,
C:\Users\tombe\Documents\_MLE\CV-for-GRIT\databases\luomus_pictures_1\1\EA8.1MC.jpg,non_measurable,non_measurable,non_measurable,measurable,measurable,measurable,measurable,measurable,measurable,measurable,measurable,measurable,measurable,measurable,measurable,measurable,measurable,measurable,measurable,non_measurable,non_measurable,non_measurable,non_measurable,non_measurable,non_measurable,non_measurable,non_measurable,,,,68.576,284.27,229.777,213.823,223.665,175.139,310.199,225.078,450.562,445.877,348.038,312.962,633.876,633.898,284.088,275.601,,,,,,,,
C:\Users\tombe\Documents\_MLE\CV-for-GRIT\databases\luomus_pictures_1\1\EA8.1MX.jpg,non_measurable,non_measurable,non_measurable,non_measurable,measurable,measurable,measurable,measurable,measurable,measurable,measurable,measurable,measurable,measurable,measurable,measurable,measurable,measurable,measurable,non_measurable,non_measurable,non_measurable,non_measurable,non_measurable,non_measurable,non_measurable,non_measurable,,,,,370.46,186.769,209.702,219.694,142.31,425.251,243.429,477.249,499.7,373.404,383.871,624.204,624.372,302.326,310.815,,,,,,,,
C:\Users\tombe\Documents\_MLE\CV-for-GRIT\databases\luomus_pictures_1\2\EA8.1NZ.jpg,non_measurable,non_measurable,non_measurable,measurable,measurable,measurable,measurable,measurable,measurable,measurable,measurable,measurable,measurable,measurable,measurable,measurable,measurable,measurable,measurable,non_measurable,non_measurable,non_measurable,non_measurable,non_measurable,non_measurable,non_measurable,non_measurable,,,,52.316,328.382,321.959,172.021,194.579,48.368,174.468,92.281,490.5,483.257,405.054,417.435,601.629,621.955,367.024,363.239,,,,,,,,
C:\Users\tombe\Documents\_MLE\CV-for-GRIT\databases\luomus_pictures_1\2\EA8.1OA.jpg,non_measurable,non_measurable,non_measurable,measurable,measurable,measurable,measurable,measurable,measurable,measurable,measurable,measurable,measurable,measurable,measurable,measurable,measurable,measurable,measurable,non_measurable,non_measurable,non_measurable,non_measurable,non_measurable,non_measurable,non_measurable,non_measurable,,,,37.326,327.661,314.093,112.58,150.928,52.979,271.026,72.456,499.489,481.109,376.181,382.157,627.251,610.54,396.454,376.776,,,,,,,,
C:\Users\tombe\Documents\_MLE\CV-for-GRIT\databases\luomus_pictures_1\2\EA8.1U1.jpg,non_measurable,non_measurable,non_measurable,measurable,measurable,measurable,measurable,measurable,measurable,measurable,measurable,measurable,measurable,measurable,measurable,measurable,measurable,measurable,measurable,non_measurable,non_measurable,non_measurable,non_measurable,non_measurable,non_measurable,non_measurable,non_measurable,,,,48.196,246.274,280.129,188.219,206.282,259.5,371.61,216.348,416.702,438.332,281.161,286.364,696.483,691.942,275.221,280.5,,,,,,,,
C:\Users\tombe\Documents\_MLE\CV-for-GRIT\databases\luomus_pictures_1\2\EA8.1W8.jpg,non_measurable,measurable,non_measurable,measurable,measurable,measurable,non_measurable,measurable,measurable,measurable,measurable,measurable,measurable,measurable,measurable,measurable,measurable,measurable,measurable,non_measurable,non_measurable,non_measurable,non_measurable,non_measurable,non_measurable,non_measurable,non_measurable,,75.848,,43.317,280.76,135.94,,131.555,92.714,252.23,104.268,502.108,539.626,378.671,364.776,733.838,713.005,390.943,387.976,,,,,,,,
C:\Users\tombe\Documents\_MLE\CV-for-GRIT\databases\luomus_pictures_1\2\EA8.24T.jpg,measurable,measurable,measurable,measurable,non_measurable,measurable,measurable,measurable,measurable,measurable,measurable,measurable,measurable,measurable,measurable,measurable,measurable,measurable,measurable,non_measurable,non_measurable,non_measurable,non_measurable,non_measurable,non_measurable,non_measurable,non_measurable,470.63,71.337,27.256,44.114,,283.802,105.125,152.547,101.457,290.827,120.477,451.15,432.156,309.398,296.572,625.484,617.645,315.129,313.78,,,,,,,,
C:\Users\tombe\Documents\_MLE\CV-for-GRIT\databases\luomus_pictures_1\2\EA8.27O.jpg,non_measurable,measurable,measurable,measurable,measurable,measurable,measurable,measurable,non_measurable,non_measurable,measurable,measurable,measurable,measurable,measurable,measurable,measurable,measurable,measurable,non_measurable,non_measurable,non_measurable,non_measurable,non_measurable,non_measurable,non_measurable,non_measurable,,90.537,64.24,47.628,192.595,175.434,109.895,204.725,,,117.905,481.149,460.648,317.623,311.212,724.621,712.539,344.512,357.764,,,,,,,,
C:\Users\tombe\Documents\_MLE\CV-for-GRIT\databases\luomus_pictures_1\2\EA8.289.jpg,non_measurable,non_measurable,non_measurable,non_measurable,non_measurable,non_measurable,measurable,measurable,non_measurable,non_measurable,measurable,measurable,measurable,measurable,measurable,measurable,measurable,measurable,measurable,non_measurable,non_measurable,non_measurable,non_measurable,non_measurable,non_measurable,non_measurable,non_measurable,,,,,,,108.832,114.332,,,78.317,407.091,362.264,267.23,231.693,596.248,568.185,302.427,302.809,,,,,,,,
C:\Users\tombe\Documents\_MLE\CV-for-GRIT\databases\luomus_pictures_1\2\EB1.00W.jpg,measurable,measurable,measurable,measurable,measurable,measurable,measurable,measurable,measurable,measurable,measurable,measurable,measurable,measurable,measurable,measurable,measurable,measurable,measurable,non_measurable,non_measurable,non_measurable,non_measurable,non_measurable,non_measurable,non_measurable,non_measurable,502.542,75.317,33.637,50.882,279.017,272.551,137.489,174.093,92.586,294.813,111.972,554.095,561.917,436.969,442.873,697.764,688.458,379.233,390.045,,,,,,,,
C:\Users\tombe\Documents\_MLE\CV-for-GRIT\databases\luomus_pictures_1\2\EB1.02V.jpg,measurable,measurable,measurable,measurable,measurable,measurable,measurable,measurable,measurable,measurable,measurable,measurable,measurable,measurable,measurable,measurable,measurable,measurable,measurable,non_measurable,non_measurable,non_measurable,non_measurable,non_measurable,non_measurable,non_measurable,non_measurable,423.858,56.083,34.269,38.019,263.63,249.678,94.586,145.563,67.428,244.025,69.87,442.962,446.29,341.878,340.903,560.383,550.326,317.622,335.03,,,,,,,,
C:\Users\tombe\Documents\_MLE\CV-for-GRIT\databases\luomus_pictures_1\2\EB1.043.jpg,non_measurable,non_measurable,non_measurable,measurable,measurable,measurable,measurable,measurable,measurable,measurable,measurable,measurable,measurable,measurable,measurable,measurable,measurable,measurable,measurable,non_measurable,non_measurable,non_measurable,non_measurable,non_measurable,non_measurable,non_measurable,non_measurable,,,,45.469,343.794,290.004,131.814,124.339,105.347,326.609,101.432,474.192,454.09,375.978,375.604,701.061,686.734,336.479,332.255,,,,,,,,
C:\Users\tombe\Documents\_MLE\CV-for-GRIT\databases\luomus_pictures_1\2\EB1.04F.jpg,non_measurable,measurable,non_measurable,measurable,measurable,measurable,measurable,measurable,measurable,measurable,measurable,measurable,measurable,measurable,measurable,measurable,measurable,measurable,measurable,non_measurable,non_measurable,non_measurable,non_measurable,non_measurable,non_measurable,non_measurable,non_measurable,,75.686,,38.313,193.375,286.469,128.565,159.093,76.606,326.06,113.253,450.785,443.85,360.523,341.554,703.208,691.549,327.073,330.404,,,,,,,,
C:\Users\tombe\Documents\_MLE\CV-for-GRIT\databases\luomus_pictures_1\2\EB1.04X.jpg,measurable,measurable,measurable,measurable,measurable,measurable,measurable,measurable,measurable,measurable,measurable,measurable,measurable,measurable,measurable,measurable,measurable,measurable,measurable,non_measurable,non_measurable,non_measurable,non_measurable,non_measurable,non_measurable,non_measurable,non_measurable,474.121,68.04,24.8,41.649,281.858,261.689,112.586,139.204,94.521,310.116,88.399,501.328,503.89,390.497,382.934,722.608,728.782,360.436,360.451,,,,,,,,
C:\Users\tombe\Documents\_MLE\CV-for-GRIT\databases\luomus_pictures_1\2\EB1.050.jpg,measurable,measurable,measurable,measurable,measurable,non_measurable,measurable,measurable,measurable,measurable,measurable,measurable,measurable,measurable,measurable,measurable,measurable,measurable,measurable,non_measurable,non_measurable,non_measurable,non_measurable,non_measurable,non_measurable,non_measurable,non_measurable,379.977,67.614,31.796,31.066,296.843,,137.248,123.744,100.341,224.437,111.162,458.175,455.46,359.784,368.883,707.15,704.359,339.715,349.46,,,,,,,,
C:\Users\tombe\Documents\_MLE\CV-for-GRIT\databases\luomus_pictures_1\2\EB1.07Q.jpg,measurable,measurable,measurable,measurable,measurable,measurable,measurable,measurable,measurable,measurable,measurable,measurable,measurable,measurable,measurable,measurable,measurable,measurable,measurable,non_measurable,non_measurable,non_measurable,non_measurable,non_measurable,non_measurable,non_measurable,non_measurable,521.129,80.664,50.512,44.496,342.659,297.329,118.501,134.146,77.803,336.47,109.34,535.412,529.683,343.332,332.318,706.502,702.696,354.337,357.435,,,,,,,,
C:\Users\tombe\Documents\_MLE\CV-for-GRIT\databases\luomus_pictures_1\2\EB1.0CF.jpg,measurable,measurable,measurable,measurable,measurable,measurable,measurable,measurable,measurable,measurable,measurable,measurable,measurable,measurable,measurable,measurable,measurable,measurable,measurable,non_measurable,non_measurable,non_measurable,non_measurable,non_measurable,non_measurable,non_measurable,non_measurable,446.931,74.072,46.007,40.408,258.423,222.093,122.827,127.195,106.096,273.728,109.789,457.089,471.251,322.471,313.433,648.834,654.416,362.469,357.307,,,,,,,,
C:\Users\tombe\Documents\_MLE\CV-for-GRIT\databases\luomus_pictures_1\2\EB1.0FL.jpg,measurable,non_measurable,measurable,non_measurable,non_measurable,non_measurable,measurable,measurable,measurable,measurable,measurable,measurable,measurable,measurable,measurable,measurable,measurable,measurable,measurable,non_measurable,non_measurable,non_measurable,non_measurable,non_measurable,non_measurable,non_measurable,non_measurable,400.465,,44.479,,,,102.472,102.191,90.768,253.794,95.811,404.107,384.883,298.658,304.132,630.781,644.878,315.494,303.805,,,,,,,,
C:\Users\tombe\Documents\_MLE\CV-for-GRIT\databases\luomus_pictures_1\2\EB1.0H8.jpg,measurable,measurable,measurable,measurable,measurable,measurable,measurable,measurable,measurable,measurable,measurable,measurable,measurable,measurable,measurable,measurable,measurable,measurable,measurable,non_measurable,non_measurable,non_measurable,non_measurable,non_measurable,non_measurable,non_measurable,non_measurable,415.345,86.124,44.566,45.79,301.359,245.802,125.542,171.013,90.722,199.766,123.147,429.928,397.679,288.383,282.393,646.051,653.055,329.898,322.975,,,,,,,,
C:\Users\tombe\Documents\_MLE\CV-for-GRIT\databases\luomus_pictures_1\2\EB1.0I3.jpg,measurable,non_measurable,measurable,non_measurable,measurable,non_measurable,measurable,measurable,measurable,measurable,measurable,measurable,measurable,measurable,measurable,measurable,measurable,measurable,measurable,non_measurable,non_measurable,non_measurable,non_measurable,non_measurable,non_measurable,non_measurable,non_measurable,397.188,,31.399,,215.255,,129.154,120.205,110.153,245.585,113.586,428.241,412.239,288.157,309.683,674.073,675.741,320.139,330.471,,,,,,,,
C:\Users\tombe\Documents\_MLE\CV-for-GRIT\databases\luomus_pictures_1\2\EB1.0JU.jpg,non_measurable,non_measurable,non_measurable,non_measurable,non_measurable,non_measurable,measurable,measurable,measurable,measurable,measurable,measurable,measurable,measurable,measurable,measurable,measurable,measurable,measurable,non_measurable,non_measurable,non_measurable,non_measurable,non_measurable,non_measurable,non_measurable,non_measurable,,,,,,,146.413,193.776,90.797,297.355,121.403,457.673,447.324,291.267,311.638,681.954,683.517,321.714,312.651,,,,,,,,
C:\Users\tombe\Documents\_MLE\CV-for-GRIT\databases\luomus_pictures_1\2\EB1.0KU.jpg,measurable,measurable,measurable,measurable,measurable,non_measurable,measurable,measurable,measurable,measurable,measurable,measurable,measurable,measurable,measurable,measurable,measurable,measurable,measurable,non_measurable,non_measurable,non_measurable,non_measurable,non_measurable,non_measurable,non_measurable,non_measurable,434.214,81.92,33.559,51.163,244.386,,117.941,141.545,105.48,259.11,115.376,417.54,434.661,262.049,287.618,635.528,634.242,329.995,342.175,,,,,,,,
C:\Users\tombe\Documents\_MLE\CV-for-GRIT\databases\luomus_pictures_1\2\EB1.0NV.jpg,non_measurable,non_measurable,non_measurable,non_measurable,measurable,measurable,measurable,measurable,measurable,measurable,measurable,measurable,measurable,measurable,measurable,measurable,measurable,measurable,measurable,non_measurable,non_measurable,non_measurable,non_measurable,non_measurable,non_measurable,non_measurable,non_measurable,,,,,269.863,292.28,235.702,222.271,158.7,257.638,198.322,411.601,404.515,327.837,315.157,569.943,587.967,274.698,269.152,,,,,,,,
C:\Users\tombe\Documents\_MLE\CV-for-GRIT\databases\luomus_pictures_1\2\EB1.0P0.jpg,non_measurable,non_measurable,non_measurable,non_measurable,measurable,measurable,measurable,measurable,measurable,measurable,measurable,measurable,measurable,measurable,measurable,measurable,measurable,measurable,measurable,non_measurable,non_measurable,non_measurable,non_measurable,non_measurable,non_measurable,non_measurable,non_measurable,,,,,378.002,358.628,226.843,225.655,173.905,318.17,225.391,423.732,425.502,384.437,379.616,586.683,582.445,286.158,282.544,,,,,,,,
C:\Users\tombe\Documents\_MLE\CV-for-GRIT\databases\luomus_pictures_1\2\EB1.0VI.jpg,non_measurable,measurable,non_measurable,non_measurable,measurable,measurable,measurable,measurable,measurable,measurable,measurable,measurable,measurable,measurable,measurable,measurable,measurable,measurable,measurable,non_measurable,non_measurable,non_measurable,non_measurable,non_measurable,non_measurable,non_measurable,non_measurable,,97.828,,,354.888,339.574,234.202,218.385,116.131,316.581,174.308,505.13,489.106,441.831,411.088,602.859,576.594,315.903,315.307,,,,,,,,
C:\Users\tombe\Documents\_MLE\CV-for-GRIT\databases\luomus_pictures_1\2\F.10070.jpg,non_measurable,non_measurable,non_measurable,non_measurable,non_measurable,non_measurable,measurable,measurable,measurable,measurable,measurable,measurable,measurable,measurable,measurable,measurable,measurable,measurable,measurable,non_measurable,non_measurable,non_measurable,non_measurable,non_measurable,non_measurable,non_measurable,non_measurable,,,,,,,232.028,288.036,184.219,750.097,234.15,999.747,1002.776,726.31,553.102,1163.556,1186.825,393.309,390.352,,,,,,,,
C:\Users\tombe\Documents\_MLE\CV-for-GRIT\databases\luomus_pictures_1\2\F.10086.jpg,non_measurable,non_measurable,non_measurable,measurable,measurable,non_measurable,measurable,measurable,measurable,measurable,measurable,measurable,measurable,measurable,measurable,measurable,measurable,measurable,measurable,non_measurable,non_measurable,non_measurable,non_measurable,non_measurable,non_measurable,non_measurable,non_measurable,,,,114.161,806.611,,263.288,222.247,231.75,706.062,245.579,1144.494,1131.05,658.01,682.649,1325.983,1359.572,397.455,387.344,,,,,,,,
C:\Users\tombe\Documents\_MLE\CV-for-GRIT\databases\luomus_pictures_1\2\F.10116.jpg,measurable,measurable,measurable,non_measurable,non_measurable,measurable,measurable,measurable,measurable,measurable,measurable,measurable,measurable,non_measurable,non_measurable,measurable,measurable,measurable,measurable,non_measurable,non_measurable,non_measurable,non_measurable,non_measurable,non_measurable,non_measurable,non_measurable,1117.005,178.655,109.209,,,686.7,250.522,289.167,191.912,718.629,326.883,936.524,1086.714,,,1060.092,1247.027,411.373,369.978,,,,,,,,
C:\Users\tombe\Documents\_MLE\CV-for-GRIT\databases\luomus_pictures_1\2\F.1015.jpg,non_measurable,measurable,measurable,measurable,measurable,measurable,measurable,measurable,non_measurable,non_measurable,measurable,measurable,measurable,measurable,measurable,measurable,measurable,measurable,measurable,non_measurable,non_measurable,measurable,measurable,non_measurable,non_measurable,measurable,measurable,,177.846,97.363,123.408,706.743,663.944,306.469,317.392,,,271.089,1057.58,1081.225,665.317,651.836,1200.14,1273.251,382.339,388.12,,,289.013,298.168,,,255.26,236.674
C:\Users\tombe\Documents\_MLE\CV-for-GRIT\databases\luomus_pictures_1\2\F.10185.jpg,non_measurable,non_measurable,non_measurable,non_measurable,non_measurable,measurable,measurable,measurable,measurable,measurable,measurable,measurable,measurable,measurable,measurable,measurable,measurable,measurable,measurable,non_measurable,non_measurable,non_measurable,non_measurable,non_measurable,non_measurable,non_measurable,non_measurable,,,,,,696.111,277.849,290.314,226.372,679.237,286.633,1015.795,979.549,675.421,590.747,1217.7,1178.801,356.856,354.051,,,,,,,,
C:\Users\tombe\Documents\_MLE\CV-for-GRIT\databases\luomus_pictures_1\2\F.1030.jpg,non_measurable,measurable,non_measurable,measurable,measurable,measurable,non_measurable,measurable,measurable,measurable,measurable,measurable,measurable,measurable,measurable,measurable,measurable,measurable,measurable,non_measurable,non_measurable,non_measurable,non_measurable,non_measurable,non_measurable,non_measurable,non_measurable,,127.487,,105.255,426.906,493.289,,143.867,163.596,428.806,200.516,685.242,658.309,400.108,419.349,810.58,822.416,256.563,259.574,,,,,,,,
C:\Users\tombe\Documents\_MLE\CV-for-GRIT\databases\luomus_pictures_1\2\F.10343.jpg,measurable,measurable,measurable,measurable,measurable,measurable,measurable,measurable,measurable,measurable,measurable,measurable,measurable,measurable,measurable,measurable,measurable,measurable,measurable,non_measurable,non_measurable,non_measurable,non_measurable,non_measurable,non_measurable,non_measurable,non_measurable,1123.812,191.453,92.342,127.581,822.928,798.888,262.838,395.625,232.357,635.844,269.524,1088.082,1119.82,699.45,713.308,1312.505,1319.75,427.877,425.726,,,,,,,,
C:\Users\tombe\Documents\_MLE\CV-for-GRIT\databases\luomus_pictures_1\2\F.10575.jpg,measurable,measurable,measurable,measurable,measurable,non_measurable,measurable,measurable,measurable,measurable,measurable,measurable,measurable,measurable,measurable,measurable,measurable,measurable,measurable,non_measurable,non_measurable,non_measurable,non_measurable,non_measurable,non_measurable,non_measurable,non_measurable,1080.447,196.341,114.393,131.642,694.644,,269.261,246.777,284.372,719.277,302.52,1132.627,1119.946,846.737,870.438,1323.728,1308.01,494.819,465.766,,,,,,,,
C:\Users\tombe\Documents\_MLE\CV-for-GRIT\databases\luomus_pictures_1\2\F.1074.jpg,non_measurable,non_measurable,non_measurable,non_measurable,measurable,measurable,measurable,measurable,measurable,measurable,measurable,measurable,measurable,measurable,measurable,measurable,measurable,measurable,measurable,non_measurable,non_measurable,non_measurable,non_measurable,non_measurable,non_measurable,non_measurable,non_measurable,,,,,642.191,663.76,226.369,153.93,198.341,574.973,231.97,832.243,811.27,509.766,482.971,926.277,942.588,301.062,279.262,,,,,,,,
C:\Users\tombe\Documents\_MLE\CV-for-GRIT\databases\luomus_pictures_1\2\F.10796.jpg,non_measurable,measurable,non_measurable,measurable,non_measurable,non_measurable,measurable,non_measurable,measurable,measurable,measurable,measurable,measurable,measurable,measurable,measurable,measurable,measurable,measurable,non_measurable,non_measurable,non_measurable,measurable,non_measurable,non_measurable,non_measurable,measurable,,181.447,,125.421,,,288.967,,297.263,791.482,309.14,1032.547,1023.915,687.392,655.137,1227.402,1305.37,398.089,395.55,,,,407.578,,,,406.22
C:\Users\tombe\Documents\_MLE\CV-for-GRIT\databases\luomus_pictures_1\2\F.11011.jpg,measurable,measurable,measurable,measurable,measurable,measurable,measurable,measurable,measurable,measurable,measurable,measurable,measurable,measurable,measurable,measurable,measurable,measurable,measurable,non_measurable,non_measurable,non_measurable,measurable,non_measurable,non_measurable,measurable,measurable,1142.173,192.266,120.638,130.056,601.68,756.739,240.611,255.707,276.45,765.828,338.028,1265.74,1268.87,935.526,861.431,1457.642,1437.656,508.38,530.858,,,,424.264,,,266.348,379.779
C:\Users\tombe\Documents\_MLE\CV-for-GRIT\databases\luomus_pictures_1\2\F.11100.jpg,measurable,measurable,measurable,measurable,measurable,measurable,measurable,measurable,measurable,measurable,measurable,measurable,measurable,measurable,measurable,measurable,measurable,measurable,measurable,non_measurable,non_measurable,non_measurable,non_measurable,non_measurable,non_measurable,non_measurable,non_measurable,1002.357,197.232,98.917,119.97,918.806,802.548,213.109,317.95,185.829,585.49,305.021,1191.934,1183.297,739.754,830.551,1380.584,1386.506,471.719,473.587,,,,,,,,
C:\Users\tombe\Documents\_MLE\CV-for-GRIT\databases\luomus_pictures_1\2\F.11231.jpg,non_measurable,non_measurable,non_measurable,non_measurable,measurable,non_measurable,non_measurable,measurable,measurable,measurable,measurable,measurable,measurable,measurable,measurable,measurable,measurable,measurable,measurable,non_measurable,non_measurable,non_measurable,non_measurable,non_measurable,non_measurable,non_measurable,non_measurable,,,,,656.372,,,255.741,240.3,532.501,201.498,1264.997,1185.606,703.676,780.055,1695.433,1667.812,617.758,598.961,,,,,,,,
C:\Users\tombe\Documents\_MLE\CV-for-GRIT\databases\luomus_pictures_1\2\F.11291.jpg,non_measurable,non_measurable,non_measurable,non_measurable,measurable,measurable,measurable,non_measurable,measurable,measurable,measurable,measurable,measurable,measurable,measurable,measurable,measurable,measurable,measurable,non_measurable,non_measurable,non_measurable,non_measurable,non_measurable,non_measurable,non_measurable,non_measurable,,,,,1035.218,1120.69,241.943,,228.845,755.531,310.099,1225.609,1206.574,808.978,773.052,1510.094,1540.478,506.539,476.278,,,,,,,,
C:\Users\tombe\Documents\_MLE\CV-for-GRIT\databases\luomus_pictures_1\2\F.11457.jpg,non_measurable,non_measurable,non_measurable,non_measurable,measurable,measurable,measurable,measurable,measurable,measurable,measurable,measurable,measurable,measurable,measurable,measurable,measurable,measurable,measurable,non_measurable,non_measurable,non_measurable,measurable,non_measurable,non_measurable,non_measurable,measurable,,,,,909.757,984.949,251.528,296.843,264.303,657.078,341.268,1349.717,1356.629,642.779,651.44,1773.447,1774.507,679.138,674.145,,,,299.208,,,,239.747
C:\Users\tombe\Documents\_MLE\CV-for-GRIT\databases\luomus_pictures_1\2\F.11750.jpg,measurable,non_measurable,measurable,non_measurable,measurable,measurable,measurable,measurable,measurable,measurable,measurable,measurable,measurable,measurable,measurable,measurable,measurable,measurable,measurable,non_measurable,non_measurable,non_measurable,non_measurable,non_measurable,non_measurable,non_measurable,non_measurable,1115.063,,123.908,,1091.34,1061.839,318.192,230.309,287.353,760.845,333.471,1263.647,1237.931,585.433,589.052,1421.487,1424.969,495.438,493.829,,,,,,,,
C:\Users\tombe\Documents\_MLE\CV-for-GRIT\databases\luomus_pictures_1\2\F.12296.jpg,measurable,measurable,measurable,measurable,measurable,measurable,measurable,measurable,measurable,measurable,measurable,measurable,measurable,measurable,measurable,measurable,measurable,measurable,measurable,non_measurable,non_measurable,non_measurable,non_measurable,non_measurable,non_measurable,non_measurable,non_measurable,1188.439,189.138,129.348,134.64,1101.532,1009.665,275.76,262.431,237.616,796.66,291.261,1202.103,1237.048,597.383,655.507,1465.411,1481.824,520.231,484.344,,,,,,,,
C:\Users\tombe\Documents\_MLE\CV-for-GRIT\databases\luomus_pictures_1\2\F.12299.jpg,measurable,measurable,measurable,measurable,measurable,measurable,non_measurable,measurable,measurable,measurable,non_measurable,measurable,measurable,measurable,measurable,measurable,non_measurable,measurable,measurable,non_measurable,non_measurable,non_measurable,measurable,non_measurable,non_measurable,non_measurable,non_measurable,1234.105,209.92,137.322,154.528,1072.448,1139.397,,281.226,272.072,815.557,,1305.537,1298.674,615.257,590.203,1539.963,,549.489,540.087,,,,490.377,,,,
C:\Users\tombe\Documents\_MLE\CV-for-GRIT\databases\luomus_pictures_1\2\F.12564.jpg,measurable,measurable,measurable,measurable,measurable,measurable,measurable,measurable,measurable,measurable,measurable,measurable,measurable,measurable,non_measurable,measurable,measurable,measurable,measurable,non_measurable,non_measurable,non_measurable,non_measurable,non_measurable,non_measurable,non_measurable,non_measurable,1556.166,226.688,88.632,151.584,935.228,1234.07,385.813,391.952,198.009,1075.582,392.62,1383.543,1386.102,637.178,,1710.447,1705.715,543.811,520.586,,,,,,,,
C:\Users\tombe\Documents\_MLE\CV-for-GRIT\databases\luomus_pictures_1\2\F.1264.jpg,measurable,measurable,measurable,measurable,measurable,measurable,non_measurable,measurable,measurable,measurable,measurable,measurable,measurable,measurable,measurable,measurable,measurable,measurable,measurable,non_measurable,non_measurable,non_measurable,non_measurable,non_measurable,non_measurable,non_measurable,non_measurable,985.108,163.434,88.62,115.71,743.955,730.443,,223.493,229.275,672.994,268.681,1040.886,1009.311,469.211,442.198,1095.878,1163.158,362.726,374.613,,,,,,,,
C:\Users\tombe\Documents\_MLE\CV-for-GRIT\databases\luomus_pictures_1\2\F.12680.jpg,non_measurable,measurable,non_measurable,non_measurable,non_measurable,non_measurable,measurable,measurable,measurable,measurable,measurable,measurable,measurable,measurable,measurable,measurable,measurable,measurable,measurable,non_measurable,non_measurable,non_measurable,non_measurable,non_measurable,non_measurable,non_measurable,non_measurable,,211.339,,,,,277.209,197.369,206.476,1029.891,269.799,1436.292,1336.641,711.472,755.891,1745.621,1703.66,546.63,496.405,,,,,,,,
C:\Users\tombe\Documents\_MLE\CV-for-GRIT\databases\luomus_pictures_1\2\F.12696.jpg,measurable,measurable,measurable,non_measurable,non_measurable,measurable,measurable,measurable,measurable,measurable,measurable,measurable,measurable,measurable,measurable,measurable,measurable,measurable,measurable,non_measurable,non_measurable,non_measurable,non_measurable,non_measurable,non_measurable,non_measurable,non_measurable,1218.362,203.05,131.851,,,1128.155,389.49,257.354,293.205,829.157,370.722,1377.964,1427.818,670.159,655.019,1618.664,1677.457,537.358,528.709,,,,,,,,
C:\Users\tombe\Documents\_MLE\CV-for-GRIT\databases\luomus_pictures_1\2\F.12745.jpg,measurable,measurable,measurable,measurable,measurable,measurable,measurable,measurable,measurable,measurable,measurable,measurable,measurable,measurable,measurable,measurable,measurable,measurable,measurable,non_measurable,non_measurable,non_measurable,non_measurable,non_measurable,non_measurable,non_measurable,non_measurable,1249.197,204.195,155.656,142.45,1158.417,1055.917,315.913,288.931,226.133,804.61,288.936,1324.768,1313.128,598.983,610.215,1556.625,1513.139,459.639,487.703,,,,,,,,
C:\Users\tombe\Documents\_MLE\CV-for-GRIT\databases\luomus_pictures_1\2\F.12770.jpg,non_measurable,non_measurable,non_measurable,non_measurable,measurable,non_measurable,measurable,measurable,measurable,measurable,measurable,measurable,measurable,measurable,measurable,measurable,measurable,measurable,measurable,non_measurable,non_measurable,non_measurable,non_measurable,non_measurable,non_measurable,non_measurable,non_measurable,,,,,1127.53,,224.54,260.123,242.235,607.617,272.658,1166.587,1150.196,809.279,777.092,1259.447,1373.983,438.279,424.219,,,,,,,,
C:\Users\tombe\Documents\_MLE\CV-for-GRIT\databases\luomus_pictures_1\2\F.12802.jpg,measurable,measurable,measurable,measurable,measurable,measurable,measurable,measurable,measurable,measurable,measurable,measurable,measurable,measurable,measurable,measurable,measurable,measurable,measurable,non_measurable,non_measurable,non_measurable,non_measurable,non_measurable,non_measurable,non_measurable,non_measurable,1211.904,203.161,89.602,137.925,838.079,1069.067,312.456,287.439,290.907,834.863,354.203,1300.822,1340.974,771.077,797.94,1403.284,1517.645,472.009,446.196,,,,,,,,
C:\Users\tombe\Documents\_MLE\CV-for-GRIT\databases\luomus_pictures_1\2\F.12836.jpg,non_measurable,non_measurable,non_measurable,non_measurable,non_measurable,non_measurable,measurable,measurable,measurable,measurable,measurable,measurable,measurable,measurable,measurable,measurable,measurable,measurable,measurable,non_measurable,non_measurable,non_measurable,non_measurable,non_measurable,non_measurable,non_measurable,non_measurable,,,,,,,278.678,267.568,201.956,848.017,270.786,1368.63,1428.536,678.086,657.642,1657.349,1706.359,501.322,499.747,,,,,,,,
C:\Users\tombe\Documents\_MLE\CV-for-GRIT\databases\luomus_pictures_1\2\F.13006.jpg,measurable,measurable,measurable,measurable,measurable,measurable,measurable,measurable,measurable,measurable,measurable,measurable,measurable,measurable,measurable,measurable,measurable,measurable,measurable,non_measurable,non_measurable,non_measurable,non_measurable,non_measurable,non_measurable,non_measurable,non_measurable,1266.79,200.071,108.035,136.563,834.637,951.258,284.316,195.24,231.198,963.515,343.039,1363.273,1313.919,749.177,723.838,1588.291,1150.603,567.209,662.727,,,,,,,,
C:\Users\tombe\Documents\_MLE\CV-for-GRIT\databases\luomus_pictures_1\2\F.13389.jpg,measurable,non_measurable,measurable,non_measurable,measurable,measurable,measurable,measurable,measurable,measurable,measurable,measurable,measurable,measurable,measurable,measurable,measurable,measurable,measurable,non_measurable,non_measurable,non_measurable,non_measurable,non_measurable,non_measurable,non_measurable,non_measurable,1017.498,,79.065,,614.692,631.131,215.41,187.716,177.363,750.717,224.229,1000.989,1009.736,550.917,521.131,1161.122,1181.259,412.423,391.446,,,,,,,,
C:\Users\tombe\Documents\_MLE\CV-for-GRIT\databases\luomus_pictures_1\2\F.13417.jpg,measurable,measurable,measurable,measurable,measurable,measurable,measurable,measurable,measurable,measurable,measurable,measurable,measurable,measurable,measurable,measurable,measurable,measurable,measurable,non_measurable,non_measurable,non_measurable,non_measurable,non_measurable,non_measurable,non_measurable,non_measurable,1465.973,216.531,91.676,134.242,1102.987,749.927,345.267,283.854,291.508,1090.443,352.575,1492.798,1530.107,630.811,903.63,1628.063,1714.953,554.629,571.95,,,,,,,,
C:\Users\tombe\Documents\_MLE\CV-for-GRIT\databases\luomus_pictures_1\2\F.13681.jpg,non_measurable,measurable,non_measurable,non_measurable,measurable,measurable,measurable,measurable,measurable,measurable,non_measurable,measurable,measurable,measurable,measurable,non_measurable,measurable,measurable,measurable,non_measurable,non_measurable,non_measurable,non_measurable,non_measurable,non_measurable,non_measurable,non_measurable,,169.708,,,972.04,956.145,234.817,289.46,222.536,648.195,,1232.166,1189.139,617.531,591.378,,1546.673,480.477,464.905,,,,,,,,
C:\Users\tombe\Documents\_MLE\CV-for-GRIT\databases\luomus_pictures_1\2\F.14178.jpg,measurable,measurable,measurable,measurable,measurable,measurable,measurable,measurable,measurable,measurable,measurable,measurable,measurable,measurable,measurable,measurable,measurable,measurable,measurable,non_measurable,non_measurable,non_measurable,non_measurable,non_measurable,non_measurable,non_measurable,non_measurable,1180.449,195.232,73.309,112.453,1048.897,914.356,338.609,317.797,250.471,789.344,313.437,1368.862,1456.98,682.686,708.432,1750.049,1722.629,512.047,498.552,,,,,,,,
C:\Users\tombe\Documents\_MLE\CV-for-GRIT\databases\luomus_pictures_1\2\F.14454.jpg,non_measurable,non_measurable,non_measurable,non_measurable,measurable,non_measurable,measurable,measurable,measurable,measurable,measurable,measurable,measurable,non_measurable,measurable,measurable,measurable,measurable,measurable,non_measurable,non_measurable,non_measurable,non_measurable,non_measurable,non_measurable,non_measurable,non_measurable,,,,,752.169,,329.094,297.382,223.445,792.715,342.598,1246.179,1278.636,,487.823,1417.528,1410.78,467.377,476.626,,,,,,,,
C:\Users\tombe\Documents\_MLE\CV-for-GRIT\databases\luomus_pictures_1\2\F.14557.jpg,measurable,measurable,measurable,non_measurable,non_measurable,non_measurable,measurable,measurable,measurable,measurable,measurable,measurable,measurable,non_measurable,measurable,measurable,measurable,measurable,measurable,non_measurable,non_measurable,non_measurable,non_measurable,non_measurable,non_measurable,non_measurable,non_measurable,1152.556,240.095,97.66,,,,330.949,334.988,198.528,719.908,333.734,1202.235,1302.244,,804.167,1369.078,1522.106,454.576,453.544,,,,,,,,
C:\Users\tombe\Documents\_MLE\CV-for-GRIT\databases\luomus_pictures_1\2\F.14612.jpg,measurable,measurable,measurable,non_measurable,measurable,measurable,non_measurable,measurable,measurable,measurable,measurable,measurable,measurable,measurable,measurable,measurable,measurable,measurable,measurable,non_measurable,non_measurable,measurable,measurable,non_measurable,non_measurable,non_measurable,measurable,745.906,126.219,80.638,,676.779,686.536,,260.334,116.579,404.934,210.808,815.41,856.453,340.072,403.436,1115.463,1101.817,320.005,331.663,,,249.452,308.187,,,,271.052
C:\Users\tombe\Documents\_MLE\CV-for-GRIT\databases\luomus_pictures_1\2\F.14625.jpg,measurable,measurable,measurable,non_measurable,non_measurable,non_measurable,non_measurable,measurable,measurable,measurable,measurable,measurable,measurable,measurable,measurable,measurable,measurable,measurable,measurable,non_measurable,non_measurable,non_measurable,non_measurable,non_measurable,non_measurable,measurable,measurable,692.258,124.601,85.35,,,,,217.365,117.753,389.544,225.006,786.255,792.937,199.21,230.606,977.28,1016.72,318.173,291.925,,,,,,,421.537,271.827
C:\Users\tombe\Documents\_MLE\CV-for-GRIT\databases\luomus_pictures_1\2\F.15134.jpg,measurable,measurable,measurable,measurable,measurable,measurable,measurable,measurable,measurable,measurable,measurable,non_measurable,measurable,measurable,measurable,measurable,measurable,measurable,measurable,non_measurable,non_measurable,non_measurable,non_measurable,non_measurable,non_measurable,non_measurable,non_measurable,672.733,119.035,69.889,81.985,511.025,589.926,157.697,215.328,138.538,387.515,216.298,,783.722,257.871,308.104,884.331,948.449,251.306,247.294,,,,,,,,
C:\Users\tombe\Documents\_MLE\CV-for-GRIT\databases\luomus_pictures_1\2\F.15419.jpg,measurable,measurable,measurable,non_measurable,measurable,non_measurable,measurable,measurable,measurable,measurable,measurable,measurable,measurable,measurable,measurable,measurable,measurable,measurable,measurable,non_measurable,non_measurable,non_measurable,non_measurable,non_measurable,non_measurable,non_measurable,non_measurable,623.608,111.938,75.188,,267.697,,149.664,215.846,103.457,332.574,196.974,710.232,713.159,250.825,218.285,898.129,904.743,290.83,244.909,,,,,,,,
C:\Users\tombe\Documents\_MLE\CV-for-GRIT\databases\luomus_pictures_1\2\F.15638.jpg,measurable,measurable,measurable,non_measurable,non_measurable,non_measurable,measurable,measurable,measurable,measurable,measurable,measurable,measurable,measurable,measurable,measurable,measurable,measurable,measurable,non_measurable,non_measurable,non_measurable,non_measurable,non_measurable,non_measurable,non_measurable,non_measurable,605.065,111.095,79.401,,,,136.434,180.027,103.209,345.637,167.898,650.057,654.31,177.14,185.089,792.403,772.148,228.789,230.898,,,,,,,,
C:\Users\tombe\Documents\_MLE\CV-for-GRIT\databases\luomus_pictures_1\2\F.15683.jpg,non_measurable,measurable,non_measurable,measurable,measurable,measurable,measurable,non_measurable,measurable,measurable,measurable,measurable,measurable,measurable,measurable,measurable,measurable,measurable,measurable,measurable,measurable,measurable,measurable,non_measurable,non_measurable,non_measurable,non_measurable,,122.937,,83.41,428.369,220.536,155.03,,86.913,421.318,186.044,728.244,629.567,352.595,283.502,860.403,864.997,247.944,232.896,615.079,45.679,345.845,223.555,,,,
C:\Users\tombe\Documents\_MLE\CV-for-GRIT\databases\luomus_pictures_1\2\F.15686.jpg,measurable,measurable,measurable,measurable,measurable,measurable,measurable,measurable,measurable,measurable,measurable,measurable,measurable,measurable,measurable,measurable,measurable,measurable,measurable,non_measurable,non_measurable,non_measurable,non_measurable,non_measurable,non_measurable,non_measurable,non_measurable,626.481,110.493,75.088,75.167,570.633,552.286,174.183,134.819,94.886,416.573,169.461,605.345,647.706,231.362,190.271,739.927,778.106,226.35,218.568,,,,,,,,
C:\Users\tombe\Documents\_MLE\CV-for-GRIT\databases\luomus_pictures_1\2\F.15688.jpg,measurable,measurable,measurable,measurable,measurable,measurable,measurable,measurable,measurable,measurable,measurable,measurable,measurable,measurable,measurable,measurable,measurable,measurable,measurable,non_measurable,non_measurable,measurable,measurable,non_measurable,non_measurable,non_measurable,non_measurable,662.913,108.425,70.85,80.305,523.96,542.416,155.624,201.36,86.452,390.703,193.875,688.889,678.531,236.448,303.418,809.405,830.23,250.905,259.376,,,187.549,248.938,,,,
C:\Users\tombe\Documents\_MLE\CV-for-GRIT\databases\luomus_pictures_1\2\F.16234.jpg,measurable,measurable,measurable,measurable,measurable,measurable,measurable,measurable,measurable,measurable,measurable,measurable,measurable,measurable,measurable,measurable,measurable,measurable,measurable,non_measurable,non_measurable,non_measurable,non_measurable,non_measurable,non_measurable,non_measurable,measurable,652.931,112.934,69.843,86.496,479.541,511.226,191.943,151.217,163.021,431.871,207.904,680.929,685.137,184.451,172.263,855.762,828.481,229.585,231.378,,,,,,,,154.949
C:\Users\tombe\Documents\_MLE\CV-for-GRIT\databases\luomus_pictures_1\2\F.16667.jpg,non_measurable,non_measurable,non_measurable,non_measurable,measurable,non_measurable,measurable,measurable,measurable,measurable,measurable,measurable,measurable,measurable,measurable,measurable,measurable,measurable,measurable,non_measurable,non_measurable,non_measurable,non_measurable,non_measurable,non_measurable,non_measurable,non_measurable,,,,,496.573,,164.332,170.908,99.21,331.157,168.22,520.506,550.299,145.4,116.814,683.947,667.328,196.5,167.381,,,,,,,,
C:\Users\tombe\Documents\_MLE\CV-for-GRIT\databases\luomus_pictures_1\2\F.16698.jpg,non_measurable,measurable,non_measurable,non_measurable,non_measurable,measurable,measurable,measurable,measurable,measurable,measurable,measurable,measurable,measurable,measurable,measurable,measurable,measurable,measurable,non_measurable,non_measurable,measurable,measurable,non_measurable,non_measurable,measurable,measurable,,96.442,,,,535.151,105.406,161.761,82.233,322.701,174.729,569.004,556.746,159.363,144.084,709.242,689.956,191.789,184.345,,,328.403,206.37,,,309.705,204.329
C:\Users\tombe\Documents\_MLE\CV-for-GRIT\databases\luomus_pictures_1\2\F.17668.jpg,measurable,non_measurable,measurable,non_measurable,non_measurable,measurable,measurable,measurable,measurable,measurable,measurable,measurable,measurable,measurable,measurable,measurable,measurable,measurable,measurable,non_measurable,non_measurable,measurable,measurable,non_measurable,non_measurable,measurable,measurable,843.045,,58.185,,,579.437,219.243,233.181,174.493,551.679,224.69,725.035,735.083,293.99,287.361,970.757,974.938,312.733,312.284,,,176.178,260.645,,,241.266,262.352
C:\Users\tombe\Documents\_MLE\CV-for-GRIT\databases\luomus_pictures_1\2\F.17711.jpg,measurable,measurable,measurable,non_measurable,measurable,measurable,measurable,measurable,measurable,measurable,measurable,measurable,measurable,measurable,measurable,measurable,measurable,measurable,measurable,non_measurable,non_measurable,measurable,measurable,non_measurable,non_measurable,non_measurable,non_measurable,774.222,127.99,64.708,,636.327,631.274,158.029,200.484,91.616,509.03,157.943,753.58,739.007,284.093,293.743,952.309,968.094,278.921,268.001,,,193.516,246.697,,,,
C:\Users\tombe\Documents\_MLE\CV-for-GRIT\databases\luomus_pictures_1\2\F.17806.jpg,measurable,measurable,measurable,measurable,measurable,measurable,measurable,measurable,measurable,measurable,measurable,measurable,measurable,measurable,measurable,measurable,measurable,measurable,measurable,non_measurable,non_measurable,non_measurable,non_measurable,non_measurable,non_measurable,non_measurable,non_measurable,695.153,130.002,66.165,99.95,285.521,587.304,209.857,142.795,158.622,486.193,223.336,795.401,791.382,253.983,257.603,1019.899,1086.542,262.848,268.357,,,,,,,,
C:\Users\tombe\Documents\_MLE\CV-for-GRIT\databases\luomus_pictures_1\2\F.17871.jpg,measurable,measurable,measurable,non_measurable,measurable,measurable,measurable,measurable,measurable,measurable,measurable,measurable,measurable,measurable,measurable,measurable,measurable,measurable,measurable,non_measurable,non_measurable,non_measurable,non_measurable,non_measurable,non_measurable,non_measurable,non_measurable,509.132,98.325,74.361,,529.001,514.309,138.15,141.832,119.416,292.939,183.003,572.432,526.342,179.644,178.383,719.808,723.657,192.513,211.527,,,,,,,,
C:\Users\tombe\Documents\_MLE\CV-for-GRIT\databases\luomus_pictures_1\2\F.17877.jpg,measurable,measurable,measurable,non_measurable,measurable,measurable,measurable,measurable,measurable,measurable,measurable,measurable,measurable,measurable,measurable,measurable,measurable,measurable,measurable,non_measurable,non_measurable,non_measurable,non_measurable,non_measurable,non_measurable,non_measurable,non_measurable,529.688,114.465,79.14,,515.162,533.51,175.971,188.019,97.725,262.529,186.112,598.852,613.915,199.182,193.603,751.568,742.951,206.986,215.847,,,,,,,,
C:\Users\tombe\Documents\_MLE\CV-for-GRIT\databases\luomus_pictures_1\2\F.17878.jpg,measurable,measurable,measurable,non_measurable,measurable,measurable,measurable,measurable,measurable,measurable,measurable,measurable,measurable,measurable,measurable,measurable,measurable,measurable,measurable,non_measurable,non_measurable,non_measurable,non_measurable,non_measurable,non_measurable,non_measurable,non_measurable,495.29,94.732,52.757,,276.224,415.363,112.066,106.605,85.299,335.929,148.261,470.561,492.868,115.811,112.248,619.79,564.554,152.864,165.326,,,,,,,,
C:\Users\tombe\Documents\_MLE\CV-for-GRIT\databases\luomus_pictures_1\2\F.18098.jpg,measurable,measurable,measurable,measurable,measurable,measurable,measurable,measurable,measurable,measurable,measurable,measurable,measurable,measurable,measurable,measurable,measurable,measurable,measurable,non_measurable,non_measurable,non_measurable,non_measurable,non_measurable,non_measurable,non_measurable,non_measurable,1156.933,201.473,115.318,144.683,1043.578,1065.241,264.395,290.314,193.141,751.301,324.439,1242.26,1249.526,485.523,577.097,1555.915,1507.265,503.724,505.152,,,,,,,,
C:\Users\tombe\Documents\_MLE\CV-for-GRIT\databases\luomus_pictures_1\2\F.18598.jpg,measurable,measurable,measurable,non_measurable,measurable,non_measurable,measurable,measurable,measurable,measurable,measurable,measurable,non_measurable,measurable,measurable,measurable,measurable,measurable,measurable,non_measurable,non_measurable,non_measurable,non_measurable,non_measurable,non_measurable,non_measurable,non_measurable,732.996,109.095,81.634,,413.642,,180.808,185.62,112.67,465.743,187.839,754.913,,186.875,181.747,853.656,923.269,211.6,213.93,,,,,,,,
C:\Users\tombe\Documents\_MLE\CV-for-GRIT\databases\luomus_pictures_1\2\F.18702.jpg,non_measurable,measurable,non_measurable,non_measurable,measurable,measurable,measurable,measurable,measurable,measurable,measurable,measurable,measurable,measurable,measurable,measurable,measurable,measurable,measurable,non_measurable,non_measurable,non_measurable,non_measurable,non_measurable,non_measurable,non_measurable,non_measurable,,161.57,,,816.893,842.923,208.015,281.619,182.904,419.631,267.186,1080.551,1083.026,363.958,285.158,1332.391,1347.55,340.412,293.434,,,,,,,,
C:\Users\tombe\Documents\_MLE\CV-for-GRIT\databases\luomus_pictures_1\2\F.19286.jpg,measurable,measurable,measurable,measurable,non_measurable,measurable,measurable,measurable,measurable,measurable,measurable,measurable,measurable,non_measurable,measurable,measurable,measurable,measurable,measurable,non_measurable,non_measurable,non_measurable,non_measurable,non_measurable,non_measurable,non_measurable,non_measurable,1159.848,184.719,148.475,145.119,,875.262,202.025,324.139,234.83,687.234,283.558,1308.269,1341.536,,592.775,1586.63,1644.928,498.505,504.192,,,,,,,,
C:\Users\tombe\Documents\_MLE\CV-for-GRIT\databases\luomus_pictures_1\2\F.19297.jpg,measurable,measurable,measurable,non_measurable,measurable,measurable,non_measurable,measurable,measurable,measurable,measurable,measurable,measurable,measurable,measurable,measurable,measurable,measurable,measurable,non_measurable,non_measurable,non_measurable,non_measurable,non_measurable,non_measurable,non_measurable,non_measurable,1136.876,160.329,108.207,,967.655,993.285,,246.63,189.62,782.039,304.982,1388.82,1407.222,535.859,557.443,1660.848,1649.174,495.94,486.546,,,,,,,,
C:\Users\tombe\Documents\_MLE\CV-for-GRIT\databases\luomus_pictures_1\2\F.19335.jpg,non_measurable,measurable,non_measurable,measurable,non_measurable,measurable,measurable,measurable,measurable,measurable,measurable,measurable,measurable,non_measurable,measurable,measurable,measurable,measurable,measurable,measurable,measurable,measurable,measurable,non_measurable,non_measurable,non_measurable,non_measurable,,176.115,,124.601,,838.263,241.656,323.182,182.591,554.58,327.387,1294.27,1286.444,,532.061,1507.343,1523.362,489.793,486.836,989.213,86.759,675.706,226.747,,,,
