image_name,insect_group,split,total length,head width,head length,inter ocular distance,right antenna length,left antenna length,thorax width,thorax length,abdomen width,abdomen length,intertegular distance,left hind wing length,right hind wing length,left hind wing width,right hind wing width,left fore wing length,right fore wing length,left fore wing width,right fore wing width,left hind leg length,left hind leg femur length,left hind leg tibia length,left hind leg tarsus length,right hind leg length,right hind leg femur length,right hind leg tibia length,right hind leg tarsus length
EB6.000.jpg,coleoptera,train,1075.55,244.67,216.28,160.46,669.64,612.21,305.58,198.01,398.57,661.26,138.85,,,,,667.98,660.85,198.1,192.85,,,349.37,282.5,,,334.37,314.24
EB6.004.jpg,coleoptera,train,198.67,41.74,38.13,25.96,82.38,114.65,51.41,33.22,63.57,127.32,14.68,,,,,123.34,123.4,19.58,44.04,,,63.85,55.51,,,54.19,55.69
EB6.006.jpg,coleoptera,train,243.72,46.97,46.49,27.42,74.09,100.69,54.9,45.93,72.85,151.3,27.38,,,,,148.24,146.32,20.55,51.82,,,74.85,61.53,,,70.0,65.34
EB6.007.jpg,coleoptera,train,232.42,41.04,46.68,21.34,109.5,126.79,49.33,44.12,66.78,141.62,18.45,,,,,138.88,136.81,21.77,45.14,,,72.21,33.94,,,67.2,57.07
EB6.00A.jpg,coleoptera,train,218.11,39.86,41.67,23.32,121.93,124.26,46.43,40.68,59.06,135.75,16.17,,,,,130.2,128.63,16.92,40.25,,,68.34,63.38,,,58.79,58.21
EB6.00C.jpg,coleoptera,train,234.83,45.56,45.5,26.92,80.98,106.82,47.92,41.89,66.55,147.44,18.12,,,,,138.76,135.74,20.05,44.02,,,69.55,51.34,,,61.74,49.98
EB6.00E.jpg,coleoptera,train,319.97,52.93,60.66,46.89,158.21,188.3,86.69,53.6,101.28,205.7,26.92,,,,,205.59,201.4,38.48,61.95,,,99.94,99.07,,,91.77,83.78
EB6.00H.jpg,coleoptera,train,363.67,64.72,56.04,38.02,167.57,208.55,94.42,63.08,124.2,244.55,44.03,,,,,126.64,237.31,122.78,79.35,,,117.46,103.72,,,101.89,102.17
EB6.00J.jpg,coleoptera,train,332.13,58.62,67.31,39.72,147.1,177.2,80.34,47.79,111.58,217.03,35.72,,,,,215.22,206.56,39.97,69.96,,,104.13,82.33,,,92.77,70.4
EB6.00K.jpg,coleoptera,train,351.2,60.69,69.62,39.47,164.45,185.39,80.23,54.49,113.96,227.09,44.32,,,,,222.78,208.3,44.95,68.9,,,102.66,74.61,,,89.83,93.78
EB6.00L.jpg,coleoptera,train,304.23,53.41,57.51,33.68,157.39,142.75,69.74,48.59,97.25,198.13,37.61,,,,,195.36,189.76,35.12,60.56,,,98.2,87.66,,,82.79,72.27
EB6.00M.jpg,coleoptera,train,320.34,56.56,58.86,39.22,120.4,104.46,70.01,53.83,109.29,207.65,33.73,,,,,206.66,204.16,54.04,55.29,,,95.92,66.62,,,87.02,70.49
EB6.00N.jpg,coleoptera,train,309.31,56.68,54.82,32.08,100.54,103.84,57.96,52.12,99.29,202.38,29.61,,,,,198.2,193.63,33.34,64.47,,,91.88,56.6,,,79.13,34.63
EB6.00Q.jpg,coleoptera,train,279.79,44.0,52.59,,96.86,94.23,59.7,43.24,90.26,183.96,28.65,,,,,179.12,175.43,33.1,44.31,,,83.98,68.87,,,66.29,74.08
EB6.00S.jpg,coleoptera,train,253.78,47.58,47.35,27.89,105.08,112.13,52.35,37.96,92.12,168.48,34.56,,,,,166.95,164.81,26.91,39.57,,,78.81,61.48,,,71.8,59.98
EB6.00T.jpg,coleoptera,train,154.82,39.75,25.98,22.57,39.98,34.31,38.1,27.04,42.36,101.8,16.21,,,,,97.07,96.01,19.09,,,,,,,,33.6,38.18
EB6.00V.jpg,coleoptera,train,175.8,42.67,34.73,19.24,44.47,36.97,38.76,31.97,50.45,109.1,18.94,,,,,102.46,100.07,22.19,18.15,,,37.16,40.68,,,30.14,39.0
EB6.010.jpg,coleoptera,train,167.98,38.75,32.69,14.75,37.3,29.9,31.28,28.0,45.98,107.29,14.7,,,,,100.15,100.05,17.7,28.22,,,,,,,47.24,37.28
EB6.013.jpg,coleoptera,train,142.09,41.64,14.21,21.1,37.39,30.17,34.84,28.08,47.37,99.8,15.65,,,,,97.42,95.43,19.61,16.08,,,34.67,32.79,,,27.59,38.47
EB6.016.jpg,coleoptera,train,166.29,41.61,27.52,24.45,46.66,31.44,43.2,35.97,54.11,102.8,18.2,,,,,102.18,98.67,22.3,24.73,,,41.92,29.22,,,36.06,27.14
EB6.018.jpg,coleoptera,train,156.75,43.01,24.36,18.92,46.42,29.38,44.54,29.36,49.03,103.02,17.93,,,,,98.81,100.23,22.08,26.27,,,37.67,34.96,,,30.28,29.6
EB6.019.jpg,coleoptera,train,154.54,43.65,16.33,15.64,41.68,42.29,37.16,30.85,44.96,107.37,17.69,,,,,101.19,98.17,18.82,24.27,,,38.99,40.08,,,36.29,37.2
EB6.01E.jpg,coleoptera,train,143.75,43.53,18.24,22.36,44.99,32.95,36.86,25.21,43.11,100.3,18.22,,,,,95.64,92.58,20.27,22.28,,,34.46,34.95,,,34.41,39.04
EB6.01F.jpg,coleoptera,train,159.65,47.13,25.61,23.59,43.3,39.61,37.11,31.82,47.65,102.22,21.18,,,,,102.05,96.76,18.64,26.02,,,40.35,40.71,,,34.12,39.67
EB6.01G.jpg,coleoptera,train,157.21,44.98,23.14,20.03,49.21,47.65,39.14,30.91,49.06,103.15,20.44,,,,,99.24,97.64,24.09,21.8,,,39.08,40.46,,,32.7,40.54
EB6.01H.jpg,coleoptera,train,153.19,43.64,18.48,21.44,45.06,38.47,40.42,32.8,46.73,101.91,15.49,,,,,100.1,97.03,19.94,27.92,,,38.97,40.75,,,30.33,40.63
EB6.01I.jpg,coleoptera,train,162.42,46.43,22.3,23.03,46.21,31.72,38.4,29.78,47.52,110.34,18.64,,,,,106.97,104.33,21.49,24.98,,,41.5,39.75,,,38.63,37.85
EB6.01L.jpg,coleoptera,train,155.73,45.3,19.68,20.68,48.87,43.29,39.4,33.26,44.46,102.78,18.11,,,,,99.72,97.29,18.33,18.2,,,39.32,38.8,,,50.71,41.41
EB6.01M.jpg,coleoptera,train,151.19,40.12,17.41,20.99,35.68,23.68,35.12,30.65,42.18,103.14,18.67,,,,,96.7,98.49,16.16,19.95,,,35.85,30.75,,,39.69,30.49
EB6.01O.jpg,coleoptera,train,143.46,37.98,20.59,19.93,33.13,35.19,33.89,28.55,46.25,94.32,13.3,,,,,87.64,83.51,16.19,19.96,,,35.09,27.5,,,27.45,24.12
EB6.01R.jpg,coleoptera,train,152.32,41.06,18.74,19.62,39.15,38.15,28.86,33.75,46.25,99.84,19.37,,,,,95.18,93.23,16.48,29.11,,,36.03,34.66,,,31.53,30.29
EB6.01S.jpg,coleoptera,train,151.68,37.68,19.5,15.59,31.03,37.25,36.82,34.6,47.79,97.57,14.55,,,,,92.33,92.29,19.69,17.13,,,33.8,32.56,,,30.36,30.35
EB6.01T.jpg,coleoptera,train,153.45,43.64,20.74,20.32,49.76,41.56,39.11,27.98,48.2,104.72,18.48,,,,,102.54,100.29,20.1,27.49,,,38.01,36.16,,,36.42,23.93
EB6.01V.jpg,coleoptera,train,158.25,45.17,23.75,24.44,42.94,35.52,41.65,27.65,49.85,106.85,20.54,,,,,103.98,102.21,17.53,31.01,,,36.4,34.98,,,51.85,22.13
EB6.01Z.jpg,coleoptera,train,150.68,40.6,19.08,19.82,35.03,30.98,36.23,34.82,50.04,96.78,16.77,,,,,96.98,95.0,16.74,29.13,,,34.97,38.36,,,37.1,29.57
EB6.021.jpg,coleoptera,train,152.43,40.55,21.74,20.32,29.45,39.36,35.49,28.35,45.41,102.35,15.26,,,,,94.08,90.57,15.95,27.19,,,35.33,34.44,,,39.95,36.1
EB6.025.jpg,coleoptera,train,145.65,41.13,21.86,17.45,40.74,36.4,39.73,24.82,45.95,98.97,17.49,,,,,95.1,95.53,19.54,24.23,,,38.04,33.7,,,37.3,34.08
EB6.028.jpg,coleoptera,train,238.58,59.1,30.54,28.18,75.26,,56.59,55.06,91.01,152.97,29.97,,,,,150.8,149.86,31.15,59.07,,,71.77,54.72,,,53.21,49.73
EB6.02A.jpg,coleoptera,train,254.03,59.1,36.06,29.26,72.16,,55.66,61.02,86.62,156.94,26.7,,,,,157.88,156.09,20.34,62.83,,,76.1,54.53,,,61.27,55.37
EB6.02E.jpg,coleoptera,train,255.98,59.37,35.81,21.46,67.1,81.12,57.89,61.26,89.93,158.91,26.37,,,,,160.28,157.96,28.49,59.98,,,76.95,45.25,,,75.14,59.54
EB6.02F.jpg,coleoptera,train,236.48,54.39,31.16,24.36,64.9,55.72,45.24,59.77,80.72,145.54,27.97,,,,,145.9,146.31,33.78,42.03,,,69.4,55.72,,,64.15,46.51
EB6.02I.jpg,coleoptera,train,193.33,44.04,23.98,22.51,59.67,58.39,41.19,45.49,70.97,123.85,22.95,,,,,121.16,121.55,20.5,50.46,,,57.7,45.93,,,51.23,41.38
EB6.02J.jpg,coleoptera,train,218.06,50.84,20.06,21.61,77.34,64.47,52.13,54.79,83.26,143.2,28.61,,,,,142.75,142.41,25.45,58.5,,,,,,,,50.11
EB6.02O.jpg,coleoptera,train,224.47,56.08,39.62,26.6,63.3,59.44,48.5,48.47,82.68,136.38,27.77,,,,,131.7,132.08,24.82,55.66,,,66.39,51.2,,,52.6,50.59
EB6.02P.jpg,coleoptera,train,221.54,51.24,42.44,28.38,60.25,66.53,46.54,45.63,81.89,133.47,28.65,,,,,132.37,129.96,24.23,55.09,,,64.28,53.78,,,58.72,29.06
EB6.02R.jpg,coleoptera,train,222.77,44.53,39.36,21.05,53.16,40.56,43.58,46.81,77.32,136.6,21.3,,,,,133.84,135.83,17.3,59.45,,,58.67,45.22,,,63.13,34.45
EB6.02W.jpg,coleoptera,train,229.6,44.51,35.72,25.0,82.66,106.24,52.72,45.25,71.06,148.63,27.49,,,,,142.77,143.56,21.34,46.99,,,65.85,54.04,,,62.04,63.57
EB6.02X.jpg,coleoptera,train,239.86,46.63,30.82,20.69,92.71,113.37,60.47,51.83,79.05,157.21,24.39,,,,,154.83,153.92,20.07,,,,69.88,60.97,,,59.32,52.45
EB6.02Z.jpg,coleoptera,train,241.58,40.96,34.21,19.71,80.15,108.4,56.54,49.65,77.73,157.72,23.29,,,,,135.15,153.85,19.19,47.81,,,68.33,59.78,,,45.84,61.45
EB6.030.jpg,coleoptera,train,182.48,25.94,27.77,14.92,43.55,33.24,34.46,48.71,45.44,106.0,13.19,,,,,100.37,99.95,11.59,30.36,,,,,,,,26.43
EB6.031.jpg,coleoptera,train,172.44,27.93,25.71,21.76,37.38,40.41,36.59,42.17,42.66,104.56,12.99,,,,,94.74,94.85,11.72,29.02,,,20.71,22.33,,,,21.7
EB6.032.jpg,coleoptera,train,183.33,27.06,30.51,20.71,36.4,35.5,37.94,45.16,45.76,107.66,16.94,,,,,101.47,101.17,15.29,29.3,,,,,,,,23.67
EB6.033.jpg,coleoptera,train,181.7,29.16,22.26,15.36,41.21,39.74,42.12,49.86,50.37,109.58,14.38,,,,,103.12,102.24,15.49,31.71,,,,,,,,23.45
EB6.034.jpg,coleoptera,train,188.36,27.76,30.76,13.88,34.91,43.6,34.9,50.59,42.47,107.01,14.62,,,,,100.48,100.35,15.23,23.51,,,28.79,25.98,,,23.88,27.46
EB6.037.jpg,coleoptera,train,179.61,28.22,29.03,14.3,32.25,35.3,34.3,46.64,42.29,103.95,12.43,,,,,91.35,91.39,9.4,23.88,,,,,,,,22.16
EB6.038.jpg,coleoptera,train,178.26,27.42,31.92,22.0,,,37.85,44.03,44.62,102.32,15.65,,,,,98.0,98.27,13.77,27.44,,,,,,,16.23,14.45
EB6.03A.jpg,coleoptera,train,187.44,25.9,34.16,10.4,35.85,37.73,33.84,48.56,46.97,104.71,13.19,,,,,98.97,100.09,11.69,30.74,,,21.36,20.55,,,18.31,24.57
EB6.03B.jpg,coleoptera,train,187.02,29.34,23.57,18.86,43.71,34.67,38.83,53.21,45.33,110.24,20.17,,,,,106.54,105.47,12.42,29.73,,,26.97,21.11,,,21.58,24.08
EB6.03D.jpg,coleoptera,train,126.44,19.72,12.94,8.97,24.0,28.76,26.92,39.06,38.5,74.44,5.04,,,,,69.72,69.43,11.6,19.47,,,15.73,18.8,,,18.57,18.68
EB6.03G.jpg,coleoptera,train,143.13,22.51,23.11,11.23,24.04,22.53,30.2,40.7,41.66,79.31,9.25,,,,,35.63,76.19,45.43,24.33,,,19.18,17.45,,,,12.93
EB6.03H.jpg,coleoptera,train,140.83,19.13,23.44,10.69,26.61,22.13,29.18,38.55,36.1,78.83,10.97,,,,,74.7,72.18,10.3,22.9,,,,,,,,
EB6.03K.jpg,coleoptera,train,128.05,18.88,21.6,11.31,20.88,28.54,26.91,36.12,34.42,70.33,9.59,,,,,68.29,67.46,9.98,23.28,,,,,,,17.63,14.29
EB6.03L.jpg,coleoptera,train,132.74,18.91,23.57,11.95,18.85,29.39,27.53,34.92,36.18,74.25,11.87,,,,,67.77,67.69,14.25,21.13,,,,,,,,20.09
EB6.03O.jpg,coleoptera,train,124.65,17.78,22.08,10.53,19.8,15.58,24.83,32.34,34.39,70.23,9.41,,,,,65.94,65.06,11.67,21.7,,,,,,,,18.82
EB6.03P.jpg,coleoptera,train,130.8,17.24,20.5,9.56,25.44,27.51,26.17,34.9,33.48,75.4,11.15,,,,,73.3,72.8,14.94,17.46,,,,17.87,,,17.87,16.41
EB6.03Q.jpg,coleoptera,train,106.34,16.09,13.15,7.74,22.66,25.47,21.27,29.96,29.46,63.23,9.08,,,,,60.52,60.67,9.75,17.98,,,,15.17,,,,
EB6.03R.jpg,coleoptera,train,95.55,12.29,16.91,5.16,16.08,16.93,18.25,26.72,23.61,51.92,8.9,,,,,48.42,48.77,8.47,14.03,,,,,,,,12.5
EB6.03T.jpg,coleoptera,train,99.95,14.25,18.51,6.45,11.36,26.39,21.18,29.29,27.57,52.15,7.42,,,,,50.62,48.99,10.06,16.47,,,,14.74,,,16.68,16.26
EB6.03W.jpg,coleoptera,train,96.66,13.7,13.48,5.67,16.09,25.5,21.04,28.35,28.87,54.84,10.53,,,,,53.02,52.58,10.09,18.1,,,,13.69,,,16.39,11.99
EB6.03X.jpg,coleoptera,train,99.56,14.11,18.1,8.01,18.96,25.21,20.69,28.48,26.09,52.98,6.96,,,,,51.19,50.23,10.07,15.83,,,,,,,16.48,12.02
EB6.03Y.jpg,coleoptera,train,78.74,10.68,11.45,4.28,21.66,20.49,16.91,23.83,19.8,43.47,6.47,,,,,40.89,40.36,4.67,12.91,,,,,,,,
EB6.03Z.jpg,coleoptera,train,80.59,11.81,14.94,4.57,13.86,17.03,19.08,24.59,21.58,41.06,6.36,,,,,39.01,38.87,6.36,12.5,,,,,,,,12.82
EB6.041.jpg,coleoptera,train,83.72,10.99,13.58,6.37,15.42,17.15,17.65,24.34,23.2,45.79,7.54,,,,,20.4,42.37,24.33,15.08,,,,,,,,
EB6.042.jpg,coleoptera,train,82.21,12.21,13.33,7.02,19.97,21.22,18.67,23.12,22.63,45.76,7.88,,,,,43.18,42.0,6.17,14.44,,,,,,,,13.86
EB6.049.jpg,coleoptera,train,83.16,11.6,12.56,6.23,19.37,16.93,20.48,25.09,22.34,45.5,5.59,,,,,44.37,43.82,7.03,13.85,,,,10.02,,,,
EB6.04D.jpg,coleoptera,train,92.21,14.06,13.44,5.36,15.9,21.08,19.38,29.78,25.84,48.99,8.71,,,,,24.64,48.09,25.01,15.81,,,,,,,13.42,10.27
EB6.04G.jpg,coleoptera,train,227.6,33.42,40.67,21.38,58.3,37.62,49.73,52.21,70.0,134.73,19.09,,,,,130.21,125.95,20.81,44.77,,,40.33,29.88,,,40.33,30.08
EB6.04H.jpg,coleoptera,train,189.14,35.56,34.74,18.18,55.81,45.04,39.67,41.66,61.25,112.74,17.0,,,,,111.78,113.38,17.38,37.31,,,43.81,35.68,,,41.03,34.25
EB6.04K.jpg,coleoptera,train,139.18,30.23,25.36,13.21,31.34,47.18,27.83,28.96,42.13,84.86,15.12,,,,,82.49,83.11,10.59,29.33,,,33.78,30.3,,,28.27,30.79
EB6.04L.jpg,coleoptera,train,128.73,25.68,25.61,15.05,39.98,48.57,28.23,27.51,41.2,75.61,12.46,,,,,75.65,75.79,12.05,26.49,,,37.94,25.57,,,,30.1
EB6.04P.jpg,coleoptera,train,138.71,29.59,26.55,6.81,45.91,51.19,26.81,27.79,43.13,84.38,8.1,,,,,80.42,79.44,10.85,30.53,,,31.74,30.42,,,,17.18
EB6.04Q.jpg,coleoptera,train,139.09,32.29,23.8,12.35,38.36,45.98,28.86,31.0,43.11,84.29,11.43,,,,,80.22,77.09,10.8,31.6,,,33.58,31.28,,,37.32,21.49
EB6.04U.jpg,coleoptera,train,164.65,33.63,26.42,12.08,63.39,65.98,36.46,27.06,58.71,111.18,23.49,,,,,106.86,106.04,17.67,39.74,,,41.48,38.85,,,41.49,41.72
EB6.04V.jpg,coleoptera,train,161.35,33.64,30.85,14.31,65.52,53.05,37.07,26.33,59.41,104.17,20.45,,,,,49.68,102.48,56.69,38.88,,,42.83,38.52,,,31.84,35.73
EB6.04X.jpg,coleoptera,train,170.83,29.02,24.87,12.49,56.3,53.93,32.46,32.2,57.01,113.76,24.47,,,,,108.97,111.1,15.33,39.39,,,47.62,38.91,,,39.62,35.9
EB6.051.jpg,coleoptera,train,172.53,30.76,26.38,12.41,70.38,48.87,35.55,34.79,56.67,111.36,23.97,,,,,108.99,107.46,13.67,40.55,,,45.61,28.19,,,38.74,40.12
EB6.053.jpg,coleoptera,train,184.26,31.26,28.78,13.05,74.07,66.97,36.4,36.4,62.84,119.08,19.99,,,,,115.91,113.71,17.18,42.81,,,,,,,37.65,35.82
EB6.054.jpg,coleoptera,train,190.67,34.34,27.58,13.93,58.56,82.06,41.39,40.07,62.9,123.03,23.42,,,,,121.48,117.86,18.01,43.44,,,49.69,36.43,,,39.78,39.47
EB6.056.jpg,coleoptera,train,114.78,23.96,14.69,3.94,39.5,47.82,26.2,25.7,35.32,74.4,12.16,,,,,71.64,70.79,11.65,19.39,,,,,,,,22.78
EB6.057.jpg,coleoptera,train,112.77,21.37,13.36,9.59,39.45,44.61,26.7,26.31,35.6,73.1,10.17,,,,,69.14,69.94,10.81,21.36,,,,,,,21.54,24.01
EB6.059.jpg,coleoptera,train,113.94,22.33,20.67,8.22,28.17,48.84,27.46,26.0,37.11,67.26,11.02,,,,,64.3,62.1,11.3,25.64,,,26.74,20.96,,,,24.73
EB6.05D.jpg,coleoptera,train,112.72,20.92,20.65,9.15,44.16,41.48,26.61,22.44,34.73,69.63,11.84,,,,,68.94,68.31,11.07,22.02,,,25.94,21.05,,,25.42,22.95
EB6.05F.jpg,coleoptera,train,120.31,23.95,21.84,7.82,39.45,51.84,28.72,26.0,34.11,72.46,13.33,,,,,72.88,71.03,12.47,20.93,,,27.94,24.97,,,,
EB6.05I.jpg,coleoptera,train,119.58,22.95,20.3,9.73,42.89,44.45,26.77,26.18,38.41,73.11,13.37,,,,,69.99,69.03,13.16,23.11,,,26.71,24.5,,,25.24,23.58
EB6.05K.jpg,coleoptera,train,107.27,19.47,19.75,6.95,30.68,36.24,22.44,21.19,37.31,66.32,11.15,,,,,64.89,65.75,13.96,23.67,,,20.51,20.03,,,,23.25
EB6.05O.jpg,coleoptera,train,544.69,118.22,93.99,60.66,227.57,233.11,151.32,109.0,213.54,341.71,79.93,,,,,336.83,331.25,104.54,106.8,,,116.11,85.21,,,122.49,92.0
EB6.05P.jpg,coleoptera,train,574.24,123.35,95.42,66.9,252.12,260.49,163.05,116.16,230.97,362.66,88.77,,,,,356.37,357.28,114.83,112.62,,,117.17,105.2,,,127.41,86.62
EB6.05R.jpg,coleoptera,train,542.17,116.68,90.17,67.22,230.66,245.24,150.72,110.62,207.19,341.38,68.23,,,,,340.36,339.32,101.34,103.62,,,129.66,95.27,,,125.71,101.39
EB6.05S.jpg,coleoptera,train,634.07,133.41,111.38,90.23,272.07,264.36,163.78,124.7,260.71,397.99,93.66,,,,,404.21,405.39,132.28,125.05,,,150.83,121.66,,,146.06,123.11
EB6.05T.jpg,coleoptera,train,586.88,127.03,92.57,85.51,263.46,272.2,148.14,107.7,233.49,386.6,85.35,,,,,372.45,367.95,117.42,,,,140.27,122.51,,,134.36,124.78
EB6.05W.jpg,coleoptera,train,594.17,127.42,102.73,90.51,239.1,247.47,152.84,108.07,237.14,383.38,91.68,,,,,373.73,386.33,106.27,127.46,,,140.86,93.58,,,135.63,101.74
EB6.060.jpg,coleoptera,train,141.45,24.21,25.49,13.81,57.65,73.62,27.48,28.64,47.72,87.33,16.19,,,,,85.14,86.1,10.57,28.83,,,31.46,27.11,,,,27.53
EB6.061.jpg,coleoptera,train,171.05,28.06,28.75,14.62,63.11,71.31,30.62,35.15,54.17,107.15,15.43,,,,,103.3,102.56,12.39,38.14,,,38.44,30.9,,,,29.17
EB6.062.jpg,coleoptera,train,145.21,22.87,25.56,12.61,57.68,62.31,29.96,28.72,46.41,90.94,15.17,,,,,88.19,87.25,14.06,30.22,,,29.13,26.32,,,28.5,18.77
EB6.065.jpg,coleoptera,train,147.33,24.33,27.65,10.71,64.69,67.64,27.19,26.82,44.94,92.86,13.84,,,,,89.88,88.59,12.41,31.15,,,33.42,32.09,,,,29.79
EB6.068.jpg,coleoptera,train,147.58,22.76,24.28,10.2,,66.18,27.94,30.3,46.34,93.0,15.13,,,,,48.1,91.09,44.1,,,,30.48,32.55,,,,
EB6.06B.jpg,coleoptera,train,149.08,25.16,25.32,11.07,50.97,71.65,30.62,26.18,48.56,97.58,17.31,,,,,93.29,92.18,14.2,33.06,,,33.07,28.37,,,29.35,31.6
EB6.06D.jpg,coleoptera,train,154.45,26.66,24.92,12.83,65.38,69.25,33.68,31.05,51.12,98.48,19.48,,,,,96.71,95.99,16.43,33.48,,,35.77,24.65,,,33.4,18.86
EB6.06E.jpg,coleoptera,train,141.35,22.32,24.42,11.47,62.98,64.24,27.63,26.59,44.64,90.33,17.42,,,,,89.4,89.81,13.33,29.47,,,31.98,32.13,,,,30.87
EB6.06G.jpg,coleoptera,train,183.93,31.22,30.0,15.57,66.32,78.98,39.85,34.82,60.41,119.11,20.29,,,,,113.91,112.98,15.76,40.99,,,43.18,38.43,,,44.35,22.26
EB6.06J.jpg,coleoptera,train,168.9,24.52,27.11,13.18,71.45,75.98,31.9,30.97,52.66,110.81,19.21,,,,,104.29,105.42,13.61,36.91,,,42.3,33.14,,,28.98,22.78
EB6.06M.jpg,coleoptera,train,176.84,27.34,29.41,14.62,71.54,79.07,34.67,31.46,58.72,115.97,22.29,,,,,110.93,109.39,14.62,43.04,,,,,,,35.55,37.28
EB6.06N.jpg,coleoptera,train,162.18,25.24,26.23,12.09,66.52,80.69,28.12,30.53,46.94,105.42,20.25,,,,,101.58,103.0,13.46,31.27,,,40.7,34.99,,,43.19,34.22
EB6.06S.jpg,coleoptera,train,155.11,25.89,25.82,10.15,57.26,61.06,32.14,31.95,47.35,97.34,17.76,,,,,96.89,96.5,14.28,31.34,,,36.66,29.76,,,36.59,32.89
EB6.06U.jpg,coleoptera,train,,24.6,26.81,11.22,67.55,61.46,30.23,28.9,49.46,,16.32,,,,,93.2,99.69,13.43,33.87,,,35.73,33.15,,,37.08,31.74
EB6.06Z.jpg,coleoptera,train,148.46,25.3,30.75,11.5,58.53,71.21,34.02,23.36,49.16,94.34,16.89,,,,,90.07,92.03,12.9,35.1,,,27.66,26.49,,,31.49,30.17
EB6.073.jpg,coleoptera,train,150.49,22.61,28.7,10.19,59.76,66.67,30.46,28.42,41.85,93.36,15.56,,,,,88.06,88.25,11.31,22.21,,,,,,,24.42,26.23
EB6.074.jpg,coleoptera,train,167.62,29.21,27.79,16.51,67.94,76.2,37.82,30.67,52.14,109.16,17.52,,,,,104.59,103.63,13.86,30.63,,,39.3,25.66,,,33.45,30.71
EB6.078.jpg,coleoptera,train,74.71,14.7,9.75,5.08,24.07,32.13,18.47,17.53,26.12,47.43,10.38,,,,,45.5,45.53,7.56,17.1,,,17.34,13.46,,,,
EB6.079.jpg,coleoptera,train,78.36,15.77,12.07,7.17,24.93,31.45,19.86,15.64,26.73,50.65,11.12,,,,,45.57,23.84,8.49,24.19,,,,,,,,14.8
EB6.07C.jpg,coleoptera,train,86.31,15.22,18.52,8.26,32.64,36.47,20.11,16.77,28.42,51.02,8.62,,,,,46.89,46.93,7.1,18.85,,,18.17,13.69,,,12.24,16.31
EB6.07K.jpg,coleoptera,train,89.55,18.04,16.1,8.13,26.99,39.99,20.28,17.74,27.9,55.71,11.01,,,,,52.02,52.7,9.53,17.91,,,17.28,17.2,,,20.87,20.17
EB6.07M.jpg,coleoptera,train,88.61,17.8,14.79,10.44,33.67,34.82,20.39,19.02,27.28,54.79,8.31,,,,,52.54,52.24,8.78,17.31,,,20.52,20.62,,,17.7,19.86
EB6.07N.jpg,coleoptera,train,87.98,18.52,18.1,9.5,31.32,32.82,19.48,18.13,28.69,51.74,7.33,,,,,50.71,51.79,7.77,19.24,,,19.91,17.27,,,,
EB6.07O.jpg,coleoptera,train,88.89,15.24,10.24,7.62,31.37,36.53,19.38,24.2,28.47,54.46,9.78,,,,,51.87,52.55,7.98,17.96,,,25.52,14.88,,,,17.05
EB6.07S.jpg,coleoptera,train,80.69,16.4,13.11,5.89,30.72,36.19,18.39,19.63,24.62,47.95,8.06,,,,,46.48,47.49,9.3,14.52,,,18.91,20.02,,,20.11,18.34
EB6.07U.jpg,coleoptera,train,100.82,18.44,17.69,11.27,31.04,37.8,18.59,23.0,32.04,60.12,13.46,,,,,57.82,56.96,8.85,22.26,,,22.66,18.01,,,,22.67
EB6.07W.jpg,coleoptera,train,104.44,19.46,21.3,8.98,39.59,38.52,22.3,18.34,32.59,64.8,10.57,,,,,63.88,63.26,9.49,20.72,,,23.12,25.0,,,,18.82
EB6.07Y.jpg,coleoptera,train,98.98,21.63,17.89,9.25,38.56,31.16,22.47,20.98,34.14,60.12,12.58,,,,,60.18,58.83,10.57,21.82,,,21.77,21.78,,,20.39,19.22
EB6.07Z.jpg,coleoptera,train,99.53,20.24,18.68,10.97,33.45,42.54,24.35,22.73,31.41,58.12,10.57,,,,,57.22,56.21,8.91,20.02,,,,,,,18.57,22.46
EB6.080.jpg,coleoptera,train,96.71,20.24,18.9,6.64,31.76,43.02,19.79,18.61,32.71,59.2,8.77,,,,,57.38,57.43,8.78,21.13,,,20.26,17.82,,,15.66,22.77
EB6.083.jpg,coleoptera,train,100.01,18.3,13.57,9.83,28.17,45.71,20.63,24.53,31.77,61.9,13.52,,,,,60.52,60.99,9.73,21.11,,,23.87,19.04,,,21.88,21.44
EB6.086.jpg,coleoptera,train,99.73,19.09,17.73,8.71,30.43,43.42,18.64,21.23,33.09,60.77,15.16,,,,,59.07,56.4,12.08,18.52,,,23.34,20.63,,,,
EB6.087.jpg,coleoptera,train,103.1,23.14,13.8,10.13,44.88,40.24,22.72,23.06,36.87,66.24,13.46,,,,,63.69,31.13,9.82,36.99,,,25.1,21.59,,,,22.16
EB6.089.jpg,coleoptera,train,99.53,20.47,17.89,11.81,28.28,41.82,22.18,22.12,30.29,59.51,13.75,,,,,56.75,55.64,9.26,19.64,,,24.28,19.74,,,,24.09
EB6.08B.jpg,coleoptera,train,87.76,17.48,8.78,8.86,36.1,41.29,22.28,23.27,30.98,55.71,10.75,,,,,51.87,51.94,8.51,19.54,,,21.86,20.44,,,24.32,18.59
EB6.08D.jpg,coleoptera,train,107.29,20.66,11.23,9.82,39.22,38.07,23.66,25.94,36.08,70.12,12.24,,,,,69.69,66.03,11.05,24.96,,,21.38,15.02,,,,
EB6.08F.jpg,coleoptera,train,107.43,20.52,16.35,10.2,37.89,36.73,21.84,22.63,36.09,68.44,13.85,,,,,64.26,65.53,11.87,19.86,,,17.83,19.21,,,,
EB6.08G.jpg,coleoptera,train,102.15,20.32,19.26,11.17,42.8,46.84,20.61,16.47,37.2,66.41,12.93,,,,,65.57,64.5,10.13,25.46,,,21.17,17.38,,,,15.67
EB6.08I.jpg,coleoptera,train,102.6,20.19,15.54,10.74,39.15,43.66,24.9,20.14,33.44,66.92,10.03,,,,,64.49,64.08,12.37,19.68,,,22.65,15.17,,,23.63,12.34
EB6.08K.jpg,coleoptera,train,591.68,127.04,103.98,85.07,247.92,238.3,150.25,113.49,254.04,374.2,97.75,,,,,376.82,374.49,122.15,128.04,,,132.71,95.59,,,124.24,111.14
EB6.08L.jpg,coleoptera,train,621.77,131.15,96.7,92.18,255.67,240.71,158.94,118.33,255.56,406.74,102.19,,,,,396.16,395.18,122.99,135.91,,,141.88,105.7,,,148.87,107.63
EB6.08M.jpg,coleoptera,train,393.03,96.6,58.57,54.13,181.21,197.12,97.66,82.76,159.06,251.7,,,,,,,,,,,,79.72,72.56,,,81.19,79.88
EB6.08N.jpg,coleoptera,train,453.4,102.26,77.57,67.57,217.77,226.24,106.28,86.02,168.58,289.82,66.88,,,,,262.24,256.91,81.89,87.16,,,94.88,88.72,,,101.51,77.35
EB6.08S.jpg,coleoptera,train,393.4,86.52,73.68,52.72,190.61,182.65,117.83,72.98,161.0,246.74,59.43,,,,,241.3,238.09,77.89,79.6,,,84.72,72.39,,,89.44,73.01
EB6.08T.jpg,coleoptera,train,376.3,86.15,52.73,57.91,176.26,181.43,118.1,92.13,153.2,231.44,55.69,,,,,223.22,226.12,66.83,80.46,,,84.42,71.28,,,80.12,65.48
EB6.08U.jpg,coleoptera,train,397.35,92.57,84.11,54.12,192.49,189.68,121.62,80.82,157.44,232.42,57.47,,,,,232.62,236.51,74.99,72.6,,,86.77,73.28,,,91.89,68.6
EB6.08Y.jpg,coleoptera,train,422.13,95.8,69.43,57.98,191.58,179.79,126.63,86.18,158.5,266.52,63.46,,,,,235.39,235.82,79.96,73.03,,,91.94,72.36,,,95.36,77.89
EB6.090.jpg,coleoptera,train,420.32,92.37,57.52,55.44,174.26,172.87,122.16,93.14,169.55,269.67,64.99,,,,,263.32,264.72,86.18,74.53,,,101.93,72.9,,,98.81,81.06
EB6.091.jpg,coleoptera,train,380.56,94.0,56.38,60.6,183.59,195.39,117.85,86.09,149.62,238.09,58.84,,,,,228.73,234.06,71.15,70.53,,,89.27,74.24,,,90.29,77.13
EB6.094.jpg,coleoptera,train,396.41,88.08,66.21,56.27,184.12,166.45,115.53,85.15,152.76,245.05,55.42,,,,,241.57,241.36,73.67,74.32,,,81.91,63.6,,,85.81,51.35
EB6.095.jpg,coleoptera,train,398.31,85.85,69.53,50.44,174.23,171.96,120.41,84.46,153.2,244.32,40.14,,,,,232.99,120.83,76.31,123.47,,,77.0,66.29,,,82.04,65.69
EB6.096.jpg,coleoptera,train,432.23,94.86,71.2,57.97,192.13,192.62,127.47,93.13,173.95,267.9,60.63,,,,,269.79,268.4,82.57,83.55,,,103.8,82.6,,,102.14,85.41
EB6.09C.jpg,coleoptera,train,414.06,92.37,63.3,57.1,194.05,188.12,119.66,88.86,161.94,261.91,58.85,,,,,261.31,258.0,72.04,85.64,,,96.89,72.69,,,96.51,73.97
EB6.09D.jpg,coleoptera,train,389.19,87.47,53.8,53.88,180.71,183.76,108.35,82.6,152.28,252.78,58.98,,,,,243.63,246.46,85.54,62.69,,,97.63,60.34,,,87.35,72.21
EB6.09E.jpg,coleoptera,train,403.26,89.87,60.4,50.61,188.52,192.69,119.45,87.13,159.39,255.74,64.64,,,,,250.47,253.15,74.26,80.05,,,94.87,86.51,,,95.99,79.23
EB6.09G.jpg,coleoptera,train,394.34,89.12,65.45,60.21,183.49,191.33,119.53,76.47,159.62,252.42,55.69,,,,,244.71,246.08,79.44,73.5,,,86.39,76.91,,,89.32,68.13
EB6.09L.jpg,coleoptera,train,366.26,72.03,54.64,51.83,136.25,122.45,104.55,70.15,150.42,241.47,57.63,,,,,235.0,237.87,77.32,73.15,,,72.4,47.54,,,75.47,45.92
EB6.09N.jpg,coleoptera,train,356.36,71.72,51.51,52.24,133.09,128.96,105.62,64.19,153.35,240.66,46.7,,,,,238.52,242.52,69.24,80.86,,,71.52,45.22,,,75.87,51.43
EB6.09R.jpg,coleoptera,train,468.28,102.9,73.04,72.78,215.77,229.49,139.28,100.39,184.48,294.85,48.93,,,,,280.14,279.27,86.58,86.73,,,100.78,85.4,,,107.64,77.56
EB6.0NH.jpg,coleoptera,train,668.99,191.94,58.18,116.32,114.2,108.91,329.06,141.32,344.72,469.5,158.41,,,,,476.82,472.84,162.93,183.7,,,123.28,160.4,,,109.55,164.86
EB6.0NI.jpg,coleoptera,train,692.85,237.09,72.44,141.83,151.25,180.76,323.11,93.32,391.68,527.09,141.51,,,,,561.92,563.4,197.0,190.03,,,65.62,133.21,,,65.78,140.22
EB6.0NJ.jpg,coleoptera,train,701.96,230.61,61.59,137.84,189.53,173.68,314.51,80.05,386.44,560.32,140.05,,,,,571.75,569.01,186.87,198.99,,,,212.06,,,,211.21
EB6.0NL.jpg,coleoptera,train,619.16,203.57,49.69,129.11,141.15,136.78,294.13,99.78,344.75,469.69,127.9,,,,,501.15,497.52,158.04,187.74,,,,,,,,182.06
EB6.0NO.jpg,coleoptera,train,597.41,180.74,54.91,108.2,144.74,158.72,248.98,94.29,312.45,448.21,104.04,,,,,472.39,471.43,149.6,162.08,,,,173.36,,,,175.61
EB6.0NQ.jpg,coleoptera,train,633.74,184.71,81.02,110.38,,127.3,293.93,122.6,410.37,430.12,141.47,,,,,449.39,447.43,196.87,215.82,,,,188.56,,,,180.91
EB6.0NT.jpg,coleoptera,train,643.2,194.77,72.63,110.71,145.15,145.2,302.58,124.49,408.14,446.08,175.76,,,,,472.53,476.02,208.31,201.85,,,,205.79,,,,182.44
EB6.0NV.jpg,coleoptera,train,685.18,212.78,67.11,116.23,156.29,158.54,334.93,131.49,440.98,486.58,185.0,,,,,505.12,514.43,217.87,220.58,,,,185.85,,,,179.65
EB6.0NW.jpg,coleoptera,train,685.56,212.47,74.93,120.28,133.76,84.77,329.26,140.97,436.41,469.66,198.23,,,,,498.91,498.29,219.14,218.41,,,,199.56,,,,211.87
EB6.0NX.jpg,coleoptera,train,237.87,82.9,23.76,,75.98,75.03,109.56,48.77,129.91,165.34,52.32,,,,,173.83,174.18,62.86,66.1,,,51.06,59.16,,,49.59,59.54
EB6.0NZ.jpg,coleoptera,train,250.14,78.74,17.12,49.77,79.59,80.1,112.77,64.34,141.37,168.68,56.91,,,,,178.83,176.46,72.22,69.26,,,47.87,57.92,,,50.15,52.73
EB6.0O3.jpg,coleoptera,train,338.93,104.9,47.61,54.34,87.68,88.54,138.84,56.02,172.01,235.3,80.2,,,,,242.39,242.19,89.92,81.01,,,70.17,86.59,,,66.3,85.52
EB6.0O4.jpg,coleoptera,train,327.33,97.29,40.29,53.15,90.54,91.28,133.13,53.92,165.18,233.12,74.18,,,,,240.56,241.63,83.08,82.56,,,67.92,76.08,,,59.84,83.55
EB6.0O8.jpg,coleoptera,train,297.67,94.24,40.31,44.63,93.98,92.34,121.05,52.98,146.77,204.38,64.68,,,,,213.04,212.59,77.88,70.46,,,63.55,76.42,,,,79.33
EB6.0O9.jpg,coleoptera,train,298.01,100.29,40.15,46.7,90.24,88.51,123.18,53.39,150.64,204.46,69.45,,,,,213.02,216.4,78.08,73.17,,,,75.98,,,,82.09
EB6.0OA.jpg,coleoptera,train,306.89,91.67,47.61,46.79,87.98,97.43,121.1,50.71,149.54,208.57,61.51,,,,,213.92,209.44,70.22,79.49,,,,76.09,,,60.89,75.73
EB6.0OC.jpg,coleoptera,train,659.12,184.72,65.41,108.6,163.47,174.3,260.05,110.86,338.07,482.85,149.2,,,,,502.75,500.49,166.92,170.21,,,140.98,205.85,,,143.87,189.23
EB6.0OD.jpg,coleoptera,train,672.03,185.33,73.59,118.44,180.51,179.81,270.35,111.23,348.7,487.21,150.06,,,,,511.98,514.97,180.93,168.22,,,148.92,190.19,,,142.8,199.84
EB6.0OG.jpg,coleoptera,train,691.56,188.07,44.27,119.16,181.74,162.39,274.55,123.77,357.05,523.52,181.16,,,,,546.64,548.96,181.82,176.83,,,135.65,213.35,,,125.77,213.11
EB6.0OH.jpg,coleoptera,train,683.07,180.31,62.25,117.77,184.25,174.9,279.57,114.44,344.33,506.38,,,,,,,,,,,,130.07,214.21,,,118.17,221.04
EB6.0OI.jpg,coleoptera,train,670.79,182.82,60.78,122.95,190.19,140.73,265.24,112.5,348.54,497.51,176.86,,,,,522.06,524.59,170.13,178.6,,,138.96,209.85,,,140.93,197.23
EB6.0OK.jpg,coleoptera,train,503.59,138.76,43.33,96.63,89.27,112.89,194.18,87.7,253.33,372.55,131.28,,,,,386.1,390.26,142.42,111.14,,,101.93,154.01,,,103.66,148.58
EB6.0OM.jpg,coleoptera,train,426.56,133.22,54.96,72.75,117.57,117.61,195.75,66.42,259.61,305.17,118.4,,,,,322.62,323.76,126.71,134.06,,,,104.7,,,81.16,102.67
EB6.0OO.jpg,coleoptera,train,434.23,133.69,53.83,81.42,115.78,124.83,205.81,68.76,262.98,311.64,120.96,,,,,327.62,331.29,120.61,142.56,,,,117.2,,,89.75,122.62
EB6.0OS.jpg,coleoptera,train,424.33,132.84,57.36,76.0,118.76,93.57,207.11,64.79,257.51,302.19,141.95,,,,,317.2,317.62,130.33,126.43,,,80.93,96.77,,,74.6,96.27
EB6.0OW.jpg,coleoptera,train,395.15,124.61,52.14,70.87,113.3,121.9,182.06,57.96,241.13,285.04,112.58,,,,,293.42,303.22,119.48,120.61,,,72.42,108.16,,,84.38,112.99
EB6.0OX.jpg,coleoptera,train,436.55,140.05,54.91,86.93,118.5,116.07,221.84,74.59,271.36,307.05,153.62,,,,,333.03,332.31,132.3,140.49,,,78.58,118.92,,,84.39,106.16
EB6.0P1.jpg,coleoptera,train,449.46,141.36,71.17,80.8,145.52,146.82,195.22,83.17,254.86,295.12,146.14,,,,,327.54,330.65,130.2,125.08,,,85.09,130.56,,,74.73,124.39
EB6.0P5.jpg,coleoptera,train,451.85,136.18,63.44,78.16,117.06,123.1,192.67,84.27,246.73,304.14,133.59,,,,,327.16,323.95,116.39,131.71,,,83.59,120.42,,,79.18,130.87
EB6.0P8.jpg,coleoptera,train,496.41,139.57,69.62,81.28,147.82,110.23,206.75,82.5,278.25,344.29,146.9,,,,,369.3,366.09,135.61,142.08,,,87.57,122.25,,,86.17,151.23
EB6.0PA.jpg,coleoptera,train,657.73,188.46,57.71,104.03,218.71,224.05,247.3,123.0,326.1,477.02,161.1,,,,,504.98,505.7,165.91,160.13,,,139.66,213.91,,,140.51,203.97
EB6.0PC.jpg,coleoptera,train,670.96,172.96,57.97,115.24,233.63,248.52,251.78,117.59,331.75,495.39,176.35,,,,,518.69,519.79,172.88,157.42,,,145.64,205.64,,,138.96,212.54
EB6.0PE.jpg,coleoptera,train,692.92,182.01,55.14,117.12,242.31,231.13,256.17,123.25,344.18,514.53,152.08,,,,,537.82,538.82,162.1,184.5,,,149.47,226.0,,,155.3,223.5
EB6.0PI.jpg,coleoptera,train,658.58,177.48,51.39,117.02,210.92,219.55,246.82,109.11,333.86,498.08,149.56,,,,,535.3,536.54,157.34,175.24,,,151.18,209.38,,,146.51,204.1
EB6.0PJ.jpg,coleoptera,train,670.48,181.22,64.52,119.39,156.52,138.2,256.05,107.86,326.61,498.1,170.53,,,,,518.62,529.75,170.34,157.37,,,159.94,218.08,,,162.47,220.04
EB6.0PM.jpg,coleoptera,train,595.06,157.0,50.48,99.51,162.64,180.65,244.87,103.3,301.73,441.28,155.22,,,,,478.28,479.46,156.36,145.31,,,121.82,185.88,,,119.39,177.88
EB6.0PN.jpg,coleoptera,train,579.27,155.62,45.98,100.04,169.86,168.5,235.36,96.96,290.85,436.32,147.03,,,,,463.13,461.49,161.11,133.52,,,119.5,179.82,,,115.86,169.4
EB6.0PT.jpg,coleoptera,train,519.77,151.98,38.52,90.42,167.45,165.73,216.95,89.47,269.99,391.78,133.64,,,,,414.16,411.3,135.21,134.64,,,121.01,152.69,,,115.43,162.78
EB6.0PV.jpg,coleoptera,train,590.75,153.68,55.65,95.92,148.38,160.85,241.98,92.4,297.8,442.7,150.0,,,,,466.06,463.65,151.84,148.06,,,104.08,106.93,,,119.08,176.78
EB6.0PX.jpg,coleoptera,train,572.67,149.52,53.73,96.47,164.74,172.99,231.61,81.84,288.36,437.1,154.3,,,,,448.81,446.5,132.75,155.98,,,121.05,173.93,,,119.56,170.28
EB6.0PY.jpg,coleoptera,train,580.32,154.5,55.64,100.09,182.92,169.82,229.94,92.19,287.23,432.49,132.47,,,,,451.66,451.79,140.99,146.13,,,111.41,171.9,,,117.02,167.88
EB6.0PZ.jpg,coleoptera,train,519.31,142.18,46.58,99.67,154.35,163.88,210.96,83.31,266.56,389.42,139.78,,,,,407.05,412.07,125.41,140.2,,,108.48,159.47,,,109.3,157.15
EB6.0Q0.jpg,coleoptera,train,495.59,140.91,34.48,90.33,156.83,155.79,201.77,82.02,259.71,379.09,129.11,,,,,397.19,399.03,130.75,128.14,,,102.97,152.65,,,98.52,134.35
EB6.0Q6.jpg,coleoptera,train,678.59,178.43,48.1,103.71,198.76,204.72,287.75,106.97,354.76,523.52,173.44,,,,,568.56,570.85,174.76,181.14,,,150.49,213.01,,,147.44,203.16
EB6.0Q7.jpg,coleoptera,train,686.98,184.05,54.3,118.28,196.86,219.97,284.24,110.95,345.79,521.73,156.06,,,,,555.78,553.03,173.51,172.26,,,147.25,191.87,,,144.35,183.04
EB6.0QB.jpg,coleoptera,train,356.93,99.97,34.75,62.68,115.73,118.3,135.85,63.09,168.21,259.09,82.08,,,,,273.65,272.84,80.4,87.95,,,74.4,94.96,,,69.9,105.51
EB6.0QD.jpg,coleoptera,train,354.26,105.6,31.15,57.67,127.73,141.89,135.64,70.43,170.0,252.68,107.01,,,,,270.84,276.96,83.51,87.08,,,76.58,107.85,,,76.21,107.22
EB6.0QF.jpg,coleoptera,train,453.85,120.74,47.33,75.19,153.92,145.71,160.66,79.93,212.48,326.59,87.97,,,,,340.79,341.52,97.79,114.94,,,100.5,135.69,,,99.47,135.76
EB6.0QI.jpg,coleoptera,train,427.21,108.75,41.35,71.27,135.97,123.27,155.72,79.66,198.11,306.2,106.03,,,,,323.61,322.89,101.68,96.04,,,91.12,127.89,,,85.68,126.06
EB6.0QN.jpg,coleoptera,train,353.9,99.16,35.92,68.9,126.55,110.16,137.64,68.17,167.77,249.82,78.17,,,,,263.81,263.14,83.08,83.44,,,78.31,111.52,,,81.34,107.17
EB6.0QO.jpg,coleoptera,train,360.13,105.47,34.08,70.28,119.24,121.7,140.01,72.39,171.21,253.66,71.94,,,,,265.86,266.11,86.44,84.21,,,78.57,107.97,,,78.08,108.06
EB6.0QU.jpg,coleoptera,train,507.18,142.94,52.87,92.34,,,196.4,87.98,244.52,366.32,101.99,,,,,383.83,382.85,113.85,129.26,,,106.82,157.33,,,101.97,154.88
EB6.0QV.jpg,coleoptera,train,514.58,147.03,50.09,93.75,146.01,160.64,203.35,91.31,250.32,373.18,108.14,,,,,392.06,395.1,126.56,123.79,,,112.61,147.77,,,104.36,155.17
EB6.0QW.jpg,coleoptera,train,510.94,137.63,56.26,92.24,158.03,156.0,194.04,75.51,243.46,379.18,126.33,,,,,393.61,394.96,124.62,118.42,,,103.18,146.21,,,105.95,153.47
EB6.0QZ.jpg,coleoptera,train,532.73,153.42,52.49,91.53,162.28,170.87,205.56,89.18,256.92,391.06,122.23,,,,,405.6,403.84,126.36,129.91,,,109.32,157.51,,,110.05,147.19
EB6.0R4.jpg,coleoptera,train,516.06,144.78,60.45,92.29,159.07,161.54,199.39,87.93,246.49,367.68,140.09,,,,,392.16,388.98,117.61,128.09,,,109.05,152.38,,,105.24,148.18
EB6.0R6.jpg,coleoptera,train,521.14,144.23,57.85,88.34,160.72,152.66,202.77,87.62,255.27,375.67,126.03,,,,,396.48,397.43,119.51,134.76,,,109.25,156.53,,,106.26,153.6
EB6.0R9.jpg,coleoptera,train,512.53,148.29,56.37,91.25,169.98,169.31,207.59,92.82,256.83,363.34,150.6,,,,,386.81,386.28,122.81,132.82,,,105.47,135.2,,,102.52,145.53
EB6.0RA.jpg,coleoptera,train,515.87,139.35,47.27,87.54,177.16,144.15,207.72,92.15,251.12,376.45,128.02,,,,,396.01,398.45,125.21,124.15,,,110.22,145.59,,,109.97,154.18
EB6.0RE.jpg,coleoptera,train,522.82,144.47,42.53,89.53,157.78,161.85,216.3,86.25,265.32,394.04,137.89,,,,,412.74,409.75,129.38,136.82,,,114.24,147.38,,,111.18,144.45
EB6.0RF.jpg,coleoptera,train,446.43,124.75,40.75,87.02,111.41,136.16,178.96,74.68,216.57,331.0,108.12,,,,,348.97,346.21,107.49,109.62,,,88.34,131.65,,,97.3,132.9
EB6.0RH.jpg,coleoptera,train,453.68,125.92,46.1,81.01,153.4,152.09,181.09,72.37,221.11,335.21,103.26,,,,,348.15,347.47,102.18,116.88,,,100.53,135.23,,,95.08,135.03
EB6.0RM.jpg,coleoptera,train,445.18,128.24,48.89,81.11,154.38,125.52,179.94,73.74,214.81,322.55,97.92,,,,,336.56,338.47,110.24,104.36,,,93.95,138.36,,,101.05,134.7
EB6.0RO.jpg,coleoptera,train,435.07,135.73,47.25,88.49,137.83,124.39,174.34,78.29,204.55,309.52,113.59,,,,,327.56,327.27,97.0,108.62,,,91.48,126.52,,,92.49,121.89
EB6.0RQ.jpg,coleoptera,train,463.47,142.14,55.16,94.8,140.82,143.68,186.26,85.57,219.11,322.74,120.62,,,,,344.43,342.57,105.34,113.94,,,102.07,127.89,,,99.92,131.66
EB6.0RR.jpg,coleoptera,train,448.21,134.73,48.31,92.91,147.81,123.98,176.11,80.36,212.22,319.54,110.88,,,,,337.23,339.38,102.42,109.14,,,95.25,119.96,,,93.34,93.92
EB6.0RT.jpg,coleoptera,train,449.17,132.83,52.73,90.87,143.88,134.25,180.6,80.83,215.97,315.6,111.49,,,,,335.99,335.81,103.29,111.41,,,94.92,120.53,,,88.22,115.35
EB6.0RV.jpg,coleoptera,train,436.45,133.7,41.69,88.5,112.42,105.39,175.52,75.93,204.24,318.83,115.37,,,,,337.18,334.17,98.64,104.53,,,93.66,123.0,,,94.65,126.68
EB6.0RX.jpg,coleoptera,train,448.42,135.46,51.22,90.48,125.4,138.48,176.95,86.42,208.13,310.78,114.83,,,,,334.51,333.83,100.63,105.97,,,92.4,126.98,,,91.41,120.72
EB6.0RY.jpg,coleoptera,train,413.61,126.74,54.92,83.86,137.64,126.0,164.19,76.42,202.57,282.26,119.92,,,,,303.18,308.56,103.68,97.47,,,89.32,125.29,,,89.2,121.85
EB6.0RZ.jpg,coleoptera,train,454.6,132.36,46.78,74.41,142.84,152.99,183.21,81.51,223.95,326.31,117.57,,,,,347.3,346.7,105.02,119.15,,,99.18,125.8,,,96.32,134.02
EB6.0S0.jpg,coleoptera,train,405.55,129.78,45.68,86.36,118.9,128.24,161.65,70.1,193.44,289.77,107.18,,,,,303.38,306.86,93.9,100.33,,,86.42,113.43,,,81.54,112.94
EB6.0S4.jpg,coleoptera,train,380.02,108.17,42.29,73.85,120.12,127.89,155.35,70.91,186.7,266.82,114.32,,,,,282.35,284.69,92.79,94.91,,,79.59,110.2,,,79.63,113.05
EB6.0S6.jpg,coleoptera,train,382.83,116.93,37.94,,131.13,129.02,,70.78,196.07,274.11,106.24,,,,,287.55,293.12,99.57,96.85,,,80.05,109.06,,,79.4,110.7
EB6.0S7.jpg,coleoptera,train,416.67,120.51,32.65,78.95,144.34,137.1,166.08,80.41,196.79,303.62,120.73,,,,,322.79,320.94,89.72,107.16,,,88.08,120.62,,,86.47,111.61
EB6.0SA.jpg,coleoptera,train,361.36,110.23,39.96,71.07,,123.23,154.08,73.14,180.2,248.26,103.07,,,,,266.33,274.06,85.77,93.75,,,77.22,103.41,,,74.52,97.14
EB6.0SE.jpg,coleoptera,train,383.44,120.77,36.48,75.44,121.52,124.17,153.91,69.57,184.75,277.4,107.61,,,,,294.19,291.49,85.54,99.42,,,81.39,110.31,,,79.65,110.79
EB6.0SG.jpg,coleoptera,train,510.72,147.61,49.33,95.21,125.31,155.57,204.8,85.04,241.61,376.35,137.98,,,,,397.39,395.33,117.78,123.35,,,107.55,152.26,,,105.68,145.51
EB6.0SK.jpg,coleoptera,train,416.14,125.18,39.62,85.38,110.13,136.76,173.35,83.79,210.61,292.72,117.82,,,,,314.39,322.92,103.7,106.73,,,93.43,120.54,,,86.98,110.66
EB6.0SN.jpg,coleoptera,train,524.71,144.08,51.22,91.42,172.59,172.72,212.3,91.96,261.93,381.54,158.24,,,,,402.98,408.93,128.25,133.07,,,115.84,154.58,,,118.3,147.44
IMG_0093_specimen_1_MECKON_NEON.BET.D20.000001.png,coleoptera,train,316.52,69.66,34.69,50.36,119.01,128.59,98.48,75.12,149.66,206.71,39.84,,,,,204.79,206.39,77.73,65.08,,,,,,,,
IMG_0093_specimen_3_MECKON_NEON.BET.D20.000004.png,coleoptera,train,298.77,59.13,40.73,39.33,116.37,123.67,77.5,76.96,121.21,181.08,41.05,,,,,179.83,179.22,67.7,51.0,,,70.46,48.52,,,,
IMG_0095_specimen_2_MECKON_NEON.BET.D20.000007.png,coleoptera,train,279.13,58.76,38.56,43.25,127.04,128.8,83.11,65.01,118.18,175.56,40.53,,,,,177.44,177.89,64.64,55.96,,,,,,,65.46,33.98
IMG_0095_specimen_3_MECKON_NEON.BET.D20.000010.png,coleoptera,train,379.85,73.91,44.19,52.1,154.03,153.99,101.12,81.84,155.28,253.82,45.08,,,,,240.03,241.53,85.63,67.77,,,,,,,101.33,61.56
IMG_0109_specimen_1_MECKON_NEON.BET.D20.000011.png,coleoptera,train,332.01,68.45,43.79,49.52,145.6,126.45,94.43,79.17,139.83,209.05,38.37,,,,,206.5,204.05,75.6,63.94,,,,,,,,
IMG_0109_specimen_2_MECKON_NEON.BET.D20.000017.png,coleoptera,train,307.23,66.24,25.18,48.88,146.51,135.25,99.61,67.49,137.21,214.56,36.33,,,,,209.15,206.71,72.42,61.36,,,,,,,,
IMG_0109_specimen_3_MECKON_NEON.BET.D20.000026.png,coleoptera,train,377.84,69.18,73.05,48.77,54.14,109.31,90.36,83.57,140.51,221.22,50.98,,,,,220.22,222.25,79.01,54.94,,,,,,,,
IMG_0110_specimen_1_MECKON_NEON.BET.D20.000035.png,coleoptera,train,358.87,66.98,54.02,49.88,136.82,100.48,93.13,78.99,143.76,225.86,50.65,,,,,218.0,220.39,81.25,55.0,,,,,,,,
IMG_0110_specimen_2_MECKON_NEON.BET.D20.000036.png,coleoptera,train,325.75,63.53,14.17,53.24,73.95,98.79,90.5,64.16,131.56,247.43,47.35,,,,,213.61,212.73,87.61,41.73,,,,,,,,
IMG_0110_specimen_3_MECKON_NEON.BET.D20.000050.png,coleoptera,train,325.01,60.65,52.9,39.35,91.88,115.14,81.28,72.05,139.93,200.06,46.08,,,,,198.63,193.89,76.73,52.19,,,,,,,,
IMG_0111_specimen_2_MECKON_NEON.BET.D20.000058.png,coleoptera,train,333.43,60.39,39.99,44.25,114.26,133.92,84.38,78.25,,215.18,39.74,,,,,194.52,186.85,79.92,69.63,,,,,,,,
IMG_0111_specimen_4_MECKON_NEON.BET.D20.000071.png,coleoptera,train,394.43,75.5,49.59,53.29,158.82,130.93,97.77,84.41,160.53,260.43,44.05,,,,,233.02,229.13,85.05,70.1,,,,,,,,
IMG_0112_specimen_1_MECKON_NEON.BET.D20.000072.png,coleoptera,train,327.46,70.58,45.15,51.34,117.35,108.81,93.07,74.39,145.81,207.92,41.17,,,,,202.95,204.4,76.78,63.6,,,79.17,46.38,,,78.35,48.99
IMG_0112_specimen_2_MECKON_NEON.BET.D20.000085.png,coleoptera,train,400.48,76.18,68.53,52.32,162.4,160.58,102.77,82.29,156.13,249.66,50.68,,,,,234.02,230.23,88.12,56.17,,,,,,,,
IMG_0112_specimen_3_MECKON_NEON.BET.D20.000086.png,coleoptera,train,298.13,67.51,31.79,43.9,113.71,102.04,91.02,66.83,139.82,199.51,42.3,,,,,193.18,193.46,79.01,54.42,,,,,,,,
IMG_0112_specimen_4_MECKON_NEON.BET.D20.000089.png,coleoptera,train,291.5,65.65,39.07,48.42,124.26,101.75,88.11,67.47,147.48,184.96,39.03,,,,,170.41,174.31,68.45,65.66,,,,,,,,
IMG_0113_specimen_1_MECKON_NEON.BET.D20.000090.png,coleoptera,train,315.58,67.75,32.48,52.31,116.06,80.4,97.42,75.89,147.41,207.21,40.27,,,,,202.59,204.37,75.46,63.51,,,,,,,,
IMG_0113_specimen_3_MECKON_NEON.BET.D20.000115.png,coleoptera,train,326.21,65.26,55.18,48.66,125.32,116.48,93.32,76.79,138.65,194.25,37.18,,,,,190.97,190.63,72.8,57.44,,,65.75,23.03,,,,
IMG_0114_specimen_2_MECKON_NEON.BET.D20.000130.png,coleoptera,train,387.5,70.74,51.98,48.2,139.58,133.59,102.11,91.17,155.61,244.34,45.27,,,,,223.47,227.26,84.17,62.05,,,,,,,,
IMG_0114_specimen_3_MECKON_NEON.BET.D20.000133.png,coleoptera,train,391.52,79.99,58.84,57.26,153.05,149.99,104.98,83.45,158.25,249.23,43.07,,,,,228.97,229.0,89.59,59.59,,,,,,,,
IMG_0114_specimen_4_MECKON_NEON.BET.D20.000139.png,coleoptera,train,423.23,80.84,79.77,60.09,145.38,144.35,106.56,92.04,166.41,251.43,40.68,,,,,227.72,231.95,91.24,64.43,,,,,,,,
IMG_0115_specimen_1_MECKON_NEON.BET.D20.000144.png,coleoptera,train,382.1,73.2,51.28,58.42,133.69,144.39,109.07,88.74,165.53,242.07,44.33,,,,,241.46,241.99,88.8,67.16,,,,,,,,
IMG_0115_specimen_3_MECKON_NEON.BET.D20.000150.png,coleoptera,train,333.43,54.66,61.05,39.04,143.57,107.82,85.03,75.15,129.09,197.23,39.18,,,,,184.07,190.63,74.84,45.64,,,,,,,,
IMG_0116_specimen_1_MECKON_NEON.BET.D20.000160.png,coleoptera,train,350.0,61.94,53.66,39.37,125.88,89.28,91.46,72.63,144.38,223.71,49.73,,,,,209.91,204.48,84.08,47.87,,,84.73,38.86,,,,50.39
IMG_0116_specimen_3_MECKON_NEON.BET.D20.000164.png,coleoptera,train,343.3,73.43,69.61,50.76,58.86,115.22,100.26,73.23,142.95,200.47,42.39,,,,,200.48,198.68,70.44,65.74,,,,,,,,
IMG_0117_specimen_1_MECKON_NEON.BET.D20.000191.png,coleoptera,train,290.38,67.18,15.84,50.68,135.34,139.22,88.72,65.6,141.61,208.94,32.93,,,,,195.92,195.78,65.55,66.32,,,,,,,,
IMG_0117_specimen_2_MECKON_NEON.BET.D20.000192.png,coleoptera,train,326.05,63.05,42.66,43.49,55.19,128.63,88.7,74.67,130.24,208.72,35.27,,,,,199.63,195.42,80.54,43.56,,,,,,,,
IMG_0117_specimen_3_MECKON_NEON.BET.D20.000193.png,coleoptera,train,315.39,67.9,60.35,48.59,112.59,113.81,91.56,66.06,138.4,188.98,39.5,,,,,178.87,177.8,64.25,58.71,,,,,,,,
IMG_0117_specimen_4_MECKON_NEON.BET.D20.000204.png,coleoptera,train,256.62,67.16,50.16,45.19,135.75,108.99,93.51,73.42,105.38,133.05,43.89,,,,,195.56,196.68,69.88,62.51,,,,62.17,,,,
IMG_0118_specimen_1_MECKON_NEON.BET.D20.000214.png,coleoptera,train,302.31,66.74,51.91,48.76,126.2,118.63,89.83,65.2,134.53,185.21,45.04,,,,,178.25,179.0,66.17,61.07,,,,,,,,
IMG_0118_specimen_2_MECKON_NEON.BET.D20.000215.png,coleoptera,train,346.43,68.45,58.61,45.53,141.49,90.57,90.65,75.95,153.83,211.87,41.36,,,,,205.75,207.98,83.38,57.52,,,,,,,,
IMG_0118_specimen_4_MECKON_NEON.BET.D20.000227.png,coleoptera,train,352.22,60.76,51.43,39.26,120.06,134.02,78.87,80.93,126.61,219.86,38.93,,,,,193.56,195.65,76.87,38.9,,,17.15,36.02,,,,
IMG_0119_specimen_1_MECKON_NEON.BET.D20.000228.png,coleoptera,train,322.08,67.71,43.52,49.73,46.66,104.92,90.74,73.52,135.54,205.04,34.99,,,,,203.52,204.02,78.52,52.49,,,,,,,,
IMG_0119_specimen_3_MECKON_NEON.BET.D20.000262.png,coleoptera,train,293.21,65.49,20.58,46.68,132.42,135.12,89.27,70.05,131.47,202.58,34.54,,,,,190.49,188.1,73.6,51.33,,,,,,,,
IMG_0119_specimen_4_MECKON_NEON.BET.D20.000263.png,coleoptera,train,358.66,69.38,71.01,47.64,95.31,105.14,91.92,76.57,144.63,211.08,39.94,,,,,204.67,203.04,79.18,56.87,,,,,,,,
IMG_0121_specimen_2_MECKON_NEON.BET.D20.000285.png,coleoptera,train,341.92,68.26,36.26,49.28,141.86,137.91,94.17,77.42,,228.24,42.28,,,,,204.93,200.73,74.05,69.55,,,,,,,,
IMG_0121_specimen_3_MECKON_NEON.BET.D20.000295.png,coleoptera,train,319.63,63.29,51.11,45.96,125.15,102.38,90.29,69.29,136.08,199.23,37.99,,,,,189.93,188.56,69.19,58.85,,,73.05,37.56,,,,
IMG_0123_specimen_3_MECKON_NEON.BET.D20.000331.png,coleoptera,train,332.26,59.13,59.59,44.29,133.41,48.87,83.13,72.27,135.74,200.41,37.59,,,,,192.94,192.77,73.49,43.57,,,,,,,,
IMG_0124_specimen_1_MECKON_NEON.BET.D20.000342.png,coleoptera,train,309.79,67.26,48.37,51.03,120.08,121.94,93.24,69.55,123.02,191.87,34.63,,,,,189.53,188.67,72.6,59.9,,,65.62,,,,,
IMG_0124_specimen_2_MECKON_NEON.BET.D20.000343.png,coleoptera,train,332.37,66.95,44.04,49.17,132.25,130.21,92.22,70.51,143.37,217.82,35.27,,,,,205.69,203.44,80.08,56.43,,,77.88,33.11,,,,
IMG_0124_specimen_3_MECKON_NEON.BET.D20.000344.png,coleoptera,train,294.33,66.67,32.72,45.81,107.15,73.07,88.96,75.41,133.0,186.2,35.9,,,,,184.77,185.35,74.37,52.34,,,,,,,,
IMG_0124_specimen_4_MECKON_NEON.BET.D20.000348.png,coleoptera,train,336.55,64.19,48.12,43.68,,50.12,85.26,72.75,129.23,215.68,33.15,,,,,199.27,196.35,78.54,41.86,,,,,,,,
IMG_0125_specimen_1_MECKON_NEON.BET.D20.000352.png,coleoptera,train,301.3,70.77,9.84,45.49,87.52,149.09,98.91,64.47,147.03,226.99,38.34,,,,,201.54,196.96,76.55,62.5,,,,,,,,
IMG_0125_specimen_2_MECKON_NEON.BET.D20.000353.png,coleoptera,train,332.32,60.24,43.2,42.66,139.04,94.15,79.96,74.93,129.99,214.19,27.74,,,,,196.78,194.27,73.32,39.67,,,,,,,,
IMG_0125_specimen_4_MECKON_NEON.BET.D20.000377.png,coleoptera,train,337.15,72.99,40.82,50.14,130.32,119.43,87.36,82.33,137.13,213.99,37.38,,,,,209.39,210.32,76.63,54.35,,,,,,,,
IMG_0126_specimen_1_BLAKIL_NEON.BET.D20.000015.png,coleoptera,train,507.03,90.1,93.03,60.18,193.37,189.72,110.75,92.48,177.18,321.52,66.78,,,,,298.39,298.13,98.82,68.91,,,,,,,98.67,34.23
IMG_0126_specimen_2_BLAKIL_NEON.BET.D20.000016.png,coleoptera,train,580.12,98.69,112.31,68.06,200.83,234.46,132.06,114.89,227.89,352.92,68.19,,,,,338.17,345.13,118.0,93.44,,,,,,,,
IMG_0126_specimen_3_BLAKIL_NEON.BET.D20.000117.png,coleoptera,train,592.48,95.45,113.27,61.46,238.77,204.57,112.2,98.88,222.48,380.34,62.54,,,,,334.02,333.13,120.65,92.51,,,129.05,82.03,,,,
IMG_0127_specimen_1_BLAKIL_NEON.BET.D20.000381.png,coleoptera,train,545.32,96.33,56.6,68.44,198.91,180.36,136.84,106.46,252.13,382.26,71.25,,,,,363.39,362.2,125.96,101.96,,,153.99,61.45,,,150.17,61.95
IMG_0127_specimen_2_BLAKIL_NEON.BET.D20.000382.png,coleoptera,train,511.25,92.73,109.13,59.06,225.28,198.46,113.13,97.43,205.16,304.69,51.82,,,,,300.54,303.42,105.91,84.84,,,81.58,47.26,,,,
IMG_0127_specimen_3_BLAKIL_NEON.BET.D20.000491.png,coleoptera,train,539.76,93.02,101.86,59.17,238.72,203.7,125.18,99.04,212.23,338.86,61.22,,,,,323.54,321.88,105.67,88.8,,,77.01,,,,,
IMG_0127_specimen_4_BLAKIL_NEON.BET.D20.000492.png,coleoptera,train,537.17,97.28,85.52,62.86,230.31,206.2,120.43,102.03,222.14,349.62,78.44,,,,,331.28,325.75,109.76,98.53,,,,,,,,
IMG_0128_specimen_1_BLAKIL_NEON.BET.D20.000572.png,coleoptera,train,475.43,90.58,58.82,59.43,218.49,130.88,119.48,95.67,208.65,320.93,53.73,,,,,306.06,308.2,104.24,91.73,,,,,,,,
IMG_0128_specimen_2_BLAKIL_NEON.BET.D20.000658.png,coleoptera,train,538.36,95.46,81.31,62.87,210.41,186.25,124.25,102.36,,354.7,59.51,,,,,329.19,327.59,116.9,90.8,,,,,,,,
IMG_0128_specimen_3_BLAKIL_NEON.BET.D20.001717.png,coleoptera,train,499.31,90.72,113.64,61.75,188.15,227.16,109.02,89.47,,296.19,63.54,,,,,271.18,286.65,104.97,91.74,,,77.79,,,,,
IMG_0129_specimen_1_BLAHAW_NEON.BET.D20.000014.png,coleoptera,train,647.36,105.97,122.48,68.24,283.15,190.87,142.26,110.36,,414.52,76.93,,,,,429.18,422.76,128.1,139.82,,,,,,,101.28,124.2
IMG_0130_specimen_1_BLAHAW_NEON.BET.D20.000286.png,coleoptera,train,658.4,98.57,118.4,68.38,320.04,300.01,138.2,110.53,268.93,429.47,73.39,,,,,422.91,427.12,139.0,103.34,,,,,,,,
IMG_0130_specimen_2_BLAHAW_NEON.BET.D20.000287.png,coleoptera,train,581.01,73.65,83.89,46.15,285.1,250.61,113.41,85.56,,411.56,68.83,,,,,393.31,398.02,120.28,59.38,,,145.14,37.5,,,,96.56
IMG_0130_specimen_3_BLAHAW_NEON.BET.D20.000487.png,coleoptera,train,687.03,106.25,142.26,64.16,291.24,358.14,128.63,126.75,,418.02,56.58,,,,,427.08,434.43,69.67,124.89,,,,,,,,
IMG_0131_specimen_1_BLAHAW_NEON.BET.D20.000794.png,coleoptera,train,697.19,106.61,96.16,66.18,224.6,268.5,138.71,117.57,,483.46,52.23,,,,,348.19,435.93,134.64,141.19,,,,,,,,
IMG_0131_specimen_2_BLAHAW_NEON.BET.D20.001098.png,coleoptera,train,612.98,96.91,110.23,63.94,258.81,234.42,128.16,104.61,,398.15,53.0,,,,,417.47,419.86,132.79,86.64,,,167.54,,,,,
IMG_0131_specimen_3_BLAHAW_NEON.BET.D20.001099.png,coleoptera,train,611.59,101.53,97.13,68.66,143.2,227.28,135.74,103.87,,410.58,75.53,,,,,437.4,426.35,145.04,139.59,,,,,,,,
IMG_0132_specimen_1_BLAHAW_NEON.BET.D20.001265.png,coleoptera,train,582.22,91.98,79.26,58.27,316.25,240.38,116.47,93.81,224.47,409.14,56.91,,,,,379.69,386.13,132.45,86.71,,,,,,,163.46,95.8
IMG_0132_specimen_2_BLAHAW_NEON.BET.D20.001578.png,coleoptera,train,631.09,110.55,84.93,75.14,296.59,300.5,141.93,109.08,275.63,437.08,67.33,,,,,436.57,420.78,133.98,96.55,,,169.4,68.59,,,169.41,
IMG_0132_specimen_3_BLAHAW_NEON.BET.D20.001583.png,coleoptera,train,601.9,105.39,88.39,69.74,304.91,281.43,139.52,105.68,283.95,407.83,68.26,,,,,413.32,412.26,119.42,122.52,,,,,,,173.31,
IMG_0133_specimen_1_BLAHAW_NEON.BET.D20.001606.png,coleoptera,train,641.06,107.73,106.39,74.44,346.04,288.86,136.56,116.64,266.12,418.03,71.72,,,,,408.88,428.65,138.52,119.26,,,,,,,,
IMG_0134_specimen_1_MECKAR_NEON.BET.D20.000186.png,coleoptera,train,512.37,93.52,73.25,62.92,213.68,187.41,133.56,111.45,202.48,327.68,61.39,,,,,327.46,327.44,103.44,88.53,,,,,,,,
IMG_0134_specimen_2_MECKAR_NEON.BET.D20.000187.png,coleoptera,train,518.91,92.16,70.4,60.72,211.69,,130.76,107.69,213.39,340.81,51.88,,,,,326.96,324.75,128.57,75.85,,,,,,,,
IMG_0134_specimen_3_MECKAR_NEON.BET.D20.000350.png,coleoptera,train,475.31,98.98,25.4,68.4,206.69,177.09,138.52,93.61,209.49,356.29,65.69,,,,,338.75,333.26,117.87,81.48,,,139.25,54.88,,,,
IMG_0134_specimen_4_MECKAR_NEON.BET.D20.000609.png,coleoptera,train,527.61,92.9,98.44,63.97,181.3,176.31,124.29,118.97,202.97,310.2,55.87,,,,,311.07,312.94,130.6,63.67,,,101.65,58.96,,,,
IMG_0136_specimen_1_MECKAR_NEON.BET.D20.000657.png,coleoptera,train,427.3,92.8,24.61,69.38,165.87,151.76,126.34,89.84,206.3,312.84,50.28,,,,,291.72,284.96,101.91,91.15,,,108.52,73.7,,,,
IMG_0136_specimen_3_MECKAR_NEON.BET.D20.000702.png,coleoptera,train,518.99,93.63,81.73,68.31,204.53,179.47,130.32,107.81,204.72,329.45,55.86,,,,,325.57,320.35,112.35,81.49,,,,,,,,
IMG_0136_specimen_4_MECKAR_NEON.BET.D20.000828.png,coleoptera,train,504.08,89.49,62.77,60.32,164.29,147.17,132.2,99.11,213.04,342.2,70.44,,,,,316.62,320.64,102.19,98.61,,,,,,,,
IMG_0138_specimen_2_MECKAR_NEON.BET.D20.000977.png,coleoptera,train,417.09,82.71,54.69,55.57,173.04,148.51,120.17,97.61,193.3,264.78,44.9,,,,,276.07,274.61,108.61,72.64,,,,,,,,
IMG_0138_specimen_3_MECKAR_NEON.BET.D20.001305.png,coleoptera,train,531.52,96.86,112.51,62.89,189.77,172.34,133.31,117.2,209.53,301.8,66.37,,,,,300.28,303.16,105.88,96.58,,,129.19,64.66,,,,
IMG_0139_specimen_1_MECKAR_NEON.BET.D20.000978.png,coleoptera,train,481.71,97.42,72.09,64.22,200.2,200.79,126.58,114.88,,294.74,71.71,,,,,284.65,298.05,103.24,94.86,,,,,,,,55.31
IMG_0139_specimen_2_MECKAR_NEON.BET.D20.001008.png,coleoptera,train,503.72,95.26,79.02,64.56,164.42,136.7,115.31,110.78,200.05,313.92,75.02,,,,,313.9,317.29,110.69,85.81,,,,,,,,
IMG_0140_specimen_1_MECRUF_NEON.BET.D20.000044.png,coleoptera,train,,70.29,26.36,51.91,150.94,66.64,99.63,86.94,,,44.46,,,,,235.62,239.63,89.37,64.9,,,,,,,,
IMG_0140_specimen_2_MECRUF_NEON.BET.D20.000156.png,coleoptera,train,346.9,74.56,43.92,54.75,131.04,134.49,93.74,81.76,149.91,221.22,47.92,,,,,220.78,217.54,77.79,72.7,,,,,,,,
IMG_0141_specimen_1_MECRUF_NEON.BET.D20.000681.png,coleoptera,train,315.76,64.77,31.27,47.75,124.49,,83.73,76.18,140.68,208.31,48.91,,,,,198.37,195.61,75.15,60.96,,,,,,,71.02,31.24
IMG_0141_specimen_2_MECRUF_NEON.BET.D20.000751.png,coleoptera,train,,,48.97,57.53,,120.51,104.29,72.72,,,42.64,,,,,227.6,227.15,81.56,77.57,,,,28.66,,,,
IMG_0141_specimen_3_MECRUF_NEON.BET.D20.000797.png,coleoptera,train,382.96,77.83,37.37,56.61,144.79,98.61,101.34,88.15,158.52,257.45,49.96,,,,,244.19,243.51,96.25,62.78,,,,,,,,
IMG_0143_specimen_1_MECRUF_NEON.BET.D20.000888.png,coleoptera,train,359.8,72.77,65.24,52.46,,,93.9,80.09,145.06,214.47,50.56,,,,,205.0,210.83,82.94,60.17,,,,,,,,
IMG_0143_specimen_2_MECRUF_NEON.BET.D20.001427.png,coleoptera,train,333.39,75.75,45.24,52.49,95.17,130.97,99.71,77.67,153.99,210.48,61.27,,,,,215.79,217.46,86.47,67.77,,,46.16,11.58,,,,
IMG_0143_specimen_3_MECRUF_NEON.BET.D20.001562.png,coleoptera,train,357.15,72.16,62.49,51.83,106.47,67.93,95.07,86.53,158.44,208.14,52.04,,,,,209.62,208.17,86.87,65.28,,,,,,,,
IMG_0143_specimen_4_MECRUF_NEON.BET.D20.001563.png,coleoptera,train,346.55,78.09,56.14,58.03,120.46,132.69,100.17,76.94,127.19,213.47,58.86,,,,,225.82,224.75,86.04,79.67,,,,,,,,
IMG_0144_specimen_1_MECRUF_NEON.BET.D20.001579.png,coleoptera,train,316.69,67.62,47.46,50.11,,114.22,95.59,70.8,129.76,198.43,47.68,,,,,200.12,200.44,80.92,64.08,,,,,,,,
IMG_0144_specimen_2_MECRUF_NEON.BET.D20.001636.png,coleoptera,train,357.42,73.75,57.55,53.44,121.44,143.34,96.8,89.89,145.34,209.98,46.49,,,,,210.8,210.74,81.32,68.13,,,,,,,,
IMG_0144_specimen_4_MECRUF_NEON.BET.D20.001639.png,coleoptera,train,322.65,58.77,45.06,40.55,90.57,108.54,80.35,78.49,127.56,199.1,44.98,,,,,195.79,194.2,78.48,63.38,,,,,,,,
IMG_0145_specimen_1_MECRUF_NEON.BET.D20.001705.png,coleoptera,train,370.76,70.77,59.33,51.51,113.29,143.25,95.83,95.16,147.66,216.27,49.15,,,,,209.81,218.76,85.47,57.85,,,,,,,,
IMG_0145_specimen_2_MECRUF_NEON.BET.D20.001753.png,coleoptera,train,351.23,67.81,56.52,47.58,139.89,138.71,91.7,81.78,124.28,212.93,54.43,,,,,205.61,207.57,86.43,53.86,,,,,,,,
IMG_0147_specimen_1_MECBRU_NEON.BET.D20.000105.png,coleoptera,train,371.19,89.31,43.02,62.52,135.26,160.8,128.94,100.97,170.82,227.2,57.56,,,,,220.66,222.43,86.16,82.17,,,83.89,50.88,,,70.02,22.53
IMG_0147_specimen_2_MECBRU_NEON.BET.D20.000159.png,coleoptera,train,443.8,85.51,86.58,60.61,162.79,165.37,120.15,89.6,164.21,267.63,,,,,,255.36,,85.13,,,,,,,,,
IMG_0147_specimen_3_MECBRU_NEON.BET.D20.000178.png,coleoptera,train,376.1,70.28,62.8,65.94,151.13,128.09,106.82,82.2,159.34,231.09,56.34,,,,,230.68,227.86,87.27,70.13,,,,,,,,
IMG_0147_specimen_4_MECBRU_NEON.BET.D20.000321.png,coleoptera,train,397.96,74.51,66.45,51.99,152.48,133.55,97.2,86.67,153.36,244.84,42.06,,,,,233.08,231.17,95.0,53.87,,,,53.51,,,,
IMG_0148_specimen_1_MECBRU_NEON.BET.D20.000622.png,coleoptera,train,427.18,81.07,76.61,56.0,158.4,152.65,109.6,91.63,161.11,258.94,47.0,,,,,240.95,247.01,96.82,66.17,,,94.68,57.39,,,95.24,68.69
IMG_0148_specimen_2_MECBRU_NEON.BET.D20.000677.png,coleoptera,train,403.95,82.69,77.52,56.39,155.84,132.22,107.97,89.08,171.6,237.35,56.4,,,,,205.31,211.61,81.04,68.31,,,,,,,,
IMG_0148_specimen_3_MECBRU_NEON.BET.D20.001118.png,coleoptera,train,368.92,78.51,59.92,56.33,152.0,123.16,103.45,91.28,153.44,217.72,54.31,,,,,218.29,225.83,64.67,62.05,,,91.79,40.34,,,,
IMG_0148_specimen_4_MECBRU_NEON.BET.D20.001609.png,coleoptera,train,410.13,85.07,74.91,60.9,163.73,164.43,119.14,96.2,174.57,239.02,63.88,,,,,244.35,240.41,96.02,75.55,,,,,,,,
IMG_0149_specimen_1_MECBRU_NEON.BET.D20.001797.png,coleoptera,train,425.51,83.89,81.8,60.9,,178.89,118.62,92.13,172.56,251.59,54.47,,,,,251.96,251.94,81.77,91.58,,,,,,,100.62,66.78
IMG_0149_specimen_2_MECBRU_NEON.BET.D20.001921.png,coleoptera,train,373.53,82.53,35.59,62.08,108.95,,108.61,83.12,136.51,254.82,49.56,,,,,242.71,232.59,97.64,46.42,,,,,,,,
IMG_0150_specimen_1_MECDIS_NEON.BET.D20.000037.png,coleoptera,train,,64.17,,48.03,,113.99,88.37,60.03,136.19,175.3,43.53,,,,,168.66,171.25,60.06,67.19,,,,,,,,
IMG_0150_specimen_2_MECDIS_NEON.BET.D20.000057.png,coleoptera,train,292.48,58.23,54.54,37.43,112.77,101.41,72.34,61.81,115.19,176.14,39.25,,,,,164.75,170.95,70.51,43.53,,,47.65,,,,,
IMG_0150_specimen_3_MECDIS_NEON.BET.D20.000132.png,coleoptera,train,271.57,60.67,31.85,45.15,76.04,105.87,84.05,61.72,114.03,178.0,42.87,,,,,172.76,170.79,67.01,51.83,,,,,,,,
IMG_0150_specimen_4_MECDIS_NEON.BET.D20.000481.png,coleoptera,train,287.54,60.75,42.44,43.17,123.31,,85.93,71.32,99.31,173.79,45.56,,,,,168.79,169.98,75.26,53.97,,,,,,,,
IMG_0151_specimen_1_MECDIS_NEON.BET.D20.000578.png,coleoptera,train,273.35,67.14,30.55,47.88,111.85,117.55,90.31,65.46,105.76,177.35,51.04,,,,,176.49,175.93,69.21,60.91,,,60.58,24.56,,,,
IMG_0151_specimen_4_MECDIS_NEON.BET.D20.001119.png,coleoptera,train,251.79,60.05,33.69,43.06,65.06,116.31,81.35,57.4,104.87,160.7,42.18,,,,,153.65,156.18,66.31,49.6,,,53.42,28.05,,,,
IMG_0152_specimen_1_MECDIS_NEON.BET.D20.001195.png,coleoptera,train,269.83,58.52,50.88,41.21,93.27,101.93,78.77,62.05,116.77,156.91,45.15,,,,,161.76,164.48,61.68,46.49,,,,,,,,
IMG_0152_specimen_3_MECDIS_NEON.BET.D20.001368.png,coleoptera,train,302.37,62.76,58.43,43.39,130.57,115.38,86.83,67.07,108.0,176.87,41.82,,,,,171.6,170.88,75.67,44.38,,,50.31,34.65,,,,
IMG_0152_specimen_4_MECDIS_NEON.BET.D20.001458.png,coleoptera,train,259.4,54.06,43.24,36.31,108.81,106.65,68.58,58.16,89.88,158.0,31.27,,,,,146.13,147.76,64.4,39.61,,,32.93,29.81,,,49.74,34.1
IMG_0153_specimen_1_MECDIS_NEON.BET.D20.001460.png,coleoptera,train,256.71,58.97,29.16,43.27,114.01,104.77,80.55,63.08,118.26,164.47,40.47,,,,,159.74,157.69,65.37,51.84,,,,,,,,
IMG_0153_specimen_2_MECDIS_NEON.BET.D20.001462.png,coleoptera,train,286.19,63.81,41.67,45.72,119.66,108.37,89.36,70.75,120.63,173.77,32.81,,,,,168.57,168.87,76.44,43.08,,,,,,,,
IMG_0154_specimen_1_MECDIS_NEON.BET.D20.001467.png,coleoptera,train,278.54,59.42,49.28,42.94,,84.07,79.05,63.85,124.52,165.41,47.19,,,,,162.76,164.89,69.51,53.0,,,,,,,,
IMG_0154_specimen_3_MECDIS_NEON.BET.D20.001494.png,coleoptera,train,270.15,61.75,42.18,43.12,,119.25,82.08,70.75,121.37,157.21,42.31,,,,,157.88,155.07,62.69,58.11,,,,,,,,
IMG_0155_specimen_2_MECDIS_NEON.BET.D20.001497.png,coleoptera,train,268.67,61.67,38.63,46.12,105.98,108.12,82.56,65.88,123.55,164.16,42.11,,,,,162.17,161.15,65.32,56.77,,,,,,,,
IMG_0155_specimen_3_MECDIS_NEON.BET.D20.001498.png,coleoptera,train,273.85,58.31,50.52,39.26,124.8,48.94,80.01,59.76,119.37,163.57,44.34,,,,,160.25,160.14,64.5,53.62,,,,,,,,
IMG_0156_specimen_1_MECDIS_NEON.BET.D20.001503.png,coleoptera,train,270.86,57.98,36.79,41.46,,101.8,80.46,62.34,107.53,171.73,39.48,,,,,165.44,165.24,66.73,49.61,,,,,,,,
IMG_0156_specimen_3_MECDIS_NEON.BET.D20.001505.png,coleoptera,train,287.92,63.52,36.89,44.05,112.76,101.79,84.49,70.57,117.76,180.45,51.53,,,,,171.16,173.84,69.19,58.58,,,,,,,,
IMG_0156_specimen_4_MECDIS_NEON.BET.D20.001542.png,coleoptera,train,276.19,57.79,47.23,40.99,124.14,103.3,77.61,57.63,113.83,171.34,40.57,,,,,166.18,165.32,58.47,56.27,,,,,,,42.71,
IMG_0157_specimen_1_MECDIS_NEON.BET.D20.001543.png,coleoptera,train,273.83,59.6,50.88,43.38,,,81.01,62.72,105.55,160.23,41.99,,,,,159.26,159.03,64.98,53.76,,,,,,,,
IMG_0157_specimen_2_MECDIS_NEON.BET.D20.001544.png,coleoptera,train,258.75,60.93,21.52,44.94,72.49,,84.03,59.76,124.07,177.47,43.54,,,,,169.37,171.2,60.5,61.69,,,,,,,43.63,43.06
IMG_0157_specimen_3_MECDIS_NEON.BET.D20.001546.png,coleoptera,train,288.15,65.06,42.61,48.86,115.96,112.55,89.35,68.7,132.57,176.85,44.81,,,,,168.15,168.53,75.93,56.63,,,,,,,,
IMG_0157_specimen_4_MECDIS_NEON.BET.D20.001547.png,coleoptera,train,283.28,58.95,44.01,40.97,,104.18,77.07,64.11,103.45,175.16,38.91,,,,,162.27,163.38,69.29,40.24,,,,,,,,
IMG_0158_specimen_1_MECDIS_NEON.BET.D20.001548.png,coleoptera,train,279.87,60.92,42.28,42.94,117.84,89.02,76.4,64.21,116.15,173.38,38.81,,,,,168.38,170.11,66.93,43.2,,,,,,,,
IMG_0158_specimen_2_MECDIS_NEON.BET.D20.001593.png,coleoptera,train,279.65,63.09,40.33,45.26,97.24,,81.3,62.66,115.98,176.66,42.01,,,,,169.86,167.7,68.12,46.73,,,36.67,13.01,,,,
IMG_0158_specimen_3_MECDIS_NEON.BET.D20.001594.png,coleoptera,train,266.93,62.33,35.39,47.6,,105.81,79.36,51.22,119.65,180.32,39.11,,,,,169.82,159.05,72.6,48.17,,,,,,,,
IMG_0158_specimen_4_MECDIS_NEON.BET.D20.001595.png,coleoptera,train,246.89,57.42,29.15,41.65,,95.63,76.79,61.64,117.32,156.1,38.41,,,,,151.17,151.6,57.84,56.25,,,,,,,,
IMG_0159_specimen_1_MECDIS_NEON.BET.D20.001596.png,coleoptera,train,275.46,61.62,44.11,44.21,126.71,131.04,83.78,64.19,111.14,167.15,44.11,,,,,163.87,164.59,64.62,56.04,,,,,,,,
IMG_0159_specimen_2_MECDIS_NEON.BET.D20.001597.png,coleoptera,train,272.05,57.51,37.88,43.6,115.62,104.58,76.62,59.38,104.81,174.79,37.1,,,,,155.66,157.15,66.8,35.38,,,57.07,24.61,,,,
IMG_0159_specimen_3_MECDIS_NEON.BET.D20.001598.png,coleoptera,train,291.63,65.69,36.26,46.55,91.83,123.47,86.75,70.86,113.02,184.51,39.92,,,,,168.78,173.73,72.21,56.55,,,,,,,,
IMG_0160_specimen_1_MECDIS_NEON.BET.D20.001646.png,coleoptera,train,295.97,63.27,41.75,44.09,103.39,111.05,83.72,64.77,117.84,189.45,41.18,,,,,178.3,176.02,74.23,55.4,,,,,,,,
IMG_0160_specimen_2_MECDIS_NEON.BET.D20.001649.png,coleoptera,train,277.72,58.13,39.97,43.26,109.44,,78.45,62.09,116.34,175.66,35.73,,,,,175.34,176.39,68.15,45.02,,,,,,,,
IMG_0160_specimen_4_MECDIS_NEON.BET.D20.001651.png,coleoptera,train,279.62,60.47,33.81,44.71,130.97,64.15,82.77,57.58,122.76,188.22,34.74,,,,,175.63,174.41,71.74,48.37,,,,,,,,32.52
IMG_0161_specimen_1_MECDIS_NEON.BET.D20.001652.png,coleoptera,train,288.82,62.63,48.17,45.28,,116.74,86.9,62.84,126.91,177.81,40.32,,,,,176.16,177.71,63.27,60.0,,,,,,,,
IMG_0161_specimen_2_MECDIS_NEON.BET.D20.001653.png,coleoptera,train,279.65,58.35,40.14,39.67,113.5,103.22,77.34,64.63,118.13,174.89,44.43,,,,,170.87,172.54,66.05,47.87,,,,,,,,
IMG_0161_specimen_3_MECDIS_NEON.BET.D20.001654.png,coleoptera,train,273.78,62.55,34.92,45.46,122.77,121.13,84.28,67.19,91.71,171.67,39.94,,,,,169.08,170.79,69.18,56.45,,,,,,,,
IMG_0161_specimen_4_MECDIS_NEON.BET.D20.001655.png,coleoptera,train,278.98,57.16,46.69,41.65,98.38,106.94,79.63,65.34,114.89,166.94,40.21,,,,,165.89,163.97,50.05,61.33,,,,,,,31.66,
IMG_0162_specimen_1_MECDIS_NEON.BET.D20.001659.png,coleoptera,train,309.82,62.19,51.1,43.63,116.52,94.24,82.09,69.62,130.37,189.1,37.09,,,,,182.82,186.11,69.57,54.63,,,66.79,38.25,,,66.44,48.21
IMG_0162_specimen_2_MECDIS_NEON.BET.D20.001660.png,coleoptera,train,298.11,67.27,50.36,46.9,110.05,119.73,89.1,63.04,111.02,184.71,92.2,,,,,178.36,172.79,65.11,60.73,,,,,,,,
IMG_0162_specimen_3_MECDIS_NEON.BET.D20.001700.png,coleoptera,train,283.55,63.68,46.66,46.26,106.01,82.1,86.31,67.01,115.14,169.87,39.74,,,,,170.71,169.12,63.46,64.94,,,,,,,,21.81
IMG_0163_specimen_1_MECDIS_NEON.BET.D20.001715.png,coleoptera,train,283.76,57.84,48.67,40.59,,,80.61,60.8,120.55,174.3,41.4,,,,,168.73,168.49,60.32,57.43,,,65.32,33.92,,,55.55,35.87
IMG_0163_specimen_3_MECDIS_NEON.BET.D20.001759.png,coleoptera,train,311.54,63.35,45.62,44.82,,121.18,89.64,73.94,119.94,191.98,47.47,,,,,184.84,185.04,58.13,72.26,,,,,,,,
IMG_0163_specimen_4_MECDIS_NEON.BET.D20.001762.png,coleoptera,train,295.85,66.45,43.53,47.06,116.86,92.15,88.84,70.3,122.0,182.02,41.14,,,,,174.95,182.09,70.4,53.82,,,,,,,,
IMG_0164_specimen_1_MECDIS_NEON.BET.D20.001763.png,coleoptera,train,272.1,59.12,34.93,42.99,107.66,92.45,78.56,63.59,118.67,173.58,37.43,,,,,167.06,166.34,63.41,53.07,,,,,,,,
IMG_0164_specimen_2_MECDIS_NEON.BET.D20.001764.png,coleoptera,train,272.52,57.51,29.1,41.2,65.08,107.1,76.1,60.7,94.94,182.73,38.64,,,,,171.1,169.49,67.78,42.55,,,,,,,,
IMG_0164_specimen_3_MECDIS_NEON.BET.D20.001765.png,coleoptera,train,287.42,64.08,30.18,48.33,112.02,91.36,87.25,66.91,123.62,190.33,40.51,,,,,178.1,177.61,60.6,56.7,,,,,,,,
IMG_0164_specimen_4_MECDIS_NEON.BET.D20.001837.png,coleoptera,train,,59.62,,43.86,,102.69,73.75,,111.59,169.96,38.43,,,,,156.44,160.62,68.3,36.71,,,52.32,37.64,,,,
IMG_0165_specimen_1_MECDIS_NEON.BET.D20.001838.png,coleoptera,train,278.29,54.27,38.87,48.69,,110.42,79.87,66.38,113.85,173.04,48.61,,,,,168.29,169.64,65.41,53.06,,,,,,,,
IMG_0165_specimen_3_MECDIS_NEON.BET.D20.001880.png,coleoptera,train,259.68,38.03,38.49,42.93,102.02,93.94,78.37,60.14,102.64,161.04,36.31,,,,,157.82,160.92,69.22,45.94,,,,,,,,
IMG_0165_specimen_4_MECDIS_NEON.BET.D20.001892.png,coleoptera,train,258.1,51.71,34.94,46.62,68.9,94.45,74.53,69.01,109.48,154.16,68.13,,,,,158.64,165.04,63.24,34.3,,,,,,,,
IMG_0166_specimen_1_MECDIS_NEON.BET.D20.001906.png,coleoptera,train,292.43,62.65,48.66,44.01,120.62,109.9,84.68,65.86,132.63,177.9,43.17,,,,,173.96,171.85,73.23,57.32,,,,,,,,
IMG_0166_specimen_2_MECDIS_NEON.BET.D20.001920.png,coleoptera,train,264.73,59.11,34.76,39.2,,110.95,74.79,55.31,105.97,174.66,30.54,,,,,168.26,166.39,67.45,41.8,,,27.31,30.43,,,,
IMG_0171_specimen_1_TREOBT_NEON.BET.D20.001889.png,coleoptera,train,295.23,56.25,35.81,,,137.27,79.99,58.9,123.58,200.52,29.01,,,,,179.42,182.61,68.73,63.29,,,33.96,7.78,,,69.24,35.28
IMG_0171_specimen_2_TREOBT_NEON.BET.D20.001890.png,coleoptera,train,257.94,56.71,38.06,41.84,105.4,129.95,75.72,55.4,113.69,164.49,32.54,,,,,165.83,163.16,61.93,46.75,,,,,,,,
IMG_0171_specimen_4_TREOBT_NEON.BET.D20.001894.png,coleoptera,train,297.59,64.97,50.68,46.12,124.57,130.75,88.88,62.02,122.74,184.9,78.51,,,,,180.93,186.21,67.62,52.46,,,,,,,,
IMG_0172_specimen_2_TREOBT_NEON.BET.D20.001899.png,coleoptera,train,299.41,60.67,39.78,45.43,129.69,141.22,87.02,56.91,128.79,202.72,36.1,,,,,186.48,189.3,66.97,55.16,,,,,,,,
IMG_0173_specimen_1_TREOBT_NEON.BET.D20.001905.png,coleoptera,train,305.35,64.08,40.85,,141.43,119.34,89.45,65.56,111.33,198.95,43.92,,,,,191.22,195.16,68.71,55.58,,,,,,,,
IMG_0173_specimen_2_TREOBT_NEON.BET.D20.001907.png,coleoptera,train,301.3,62.9,34.4,46.73,123.65,143.01,85.98,61.82,90.79,205.08,73.7,,,,,201.17,199.5,70.88,52.53,,,,,,,,
IMG_0173_specimen_3_TREOBT_NEON.BET.D20.001908.png,coleoptera,train,291.19,63.29,37.69,50.53,131.64,100.09,90.76,61.43,121.82,192.07,42.37,,,,,184.77,186.16,63.15,46.92,,,,,,,,
IMG_0173_specimen_4_TREOBT_NEON.BET.D20.001909.png,coleoptera,train,282.26,61.53,19.26,46.52,144.74,121.72,88.8,67.12,115.76,195.88,41.2,,,,,193.11,193.31,58.23,62.71,,,,,,,,
IMG_0174_specimen_1_TREOBT_NEON.BET.D20.001910.png,coleoptera,train,293.41,58.77,36.75,40.3,87.03,99.59,81.03,63.67,112.83,192.99,38.0,,,,,180.82,181.75,66.49,48.79,,,,,,,,
IMG_0174_specimen_2_TREOBT_NEON.BET.D20.001911.png,coleoptera,train,292.1,59.36,52.11,42.35,103.01,114.52,79.07,65.91,111.48,174.09,37.04,,,,,173.65,169.05,48.35,53.51,,,,,,,,
IMG_0174_specimen_3_TREOBT_NEON.BET.D20.001912.png,coleoptera,train,300.03,64.3,35.81,47.25,138.92,129.58,88.65,61.38,119.47,202.84,35.55,,,,,182.79,183.46,61.44,51.13,,,,,,,71.39,33.01
IMG_0174_specimen_4_TREOBT_NEON.BET.D20.001914.png,coleoptera,train,291.42,59.78,24.44,,151.25,115.65,82.67,57.26,107.06,209.71,33.77,,,,,192.21,187.45,58.75,33.78,,,72.51,,,,,
IMG_0175_specimen_1_TREOBT_NEON.BET.D20.001916.png,coleoptera,train,313.03,62.3,45.64,43.98,140.56,,83.08,61.51,113.54,205.88,32.59,,,,,181.67,185.07,67.01,49.64,,,,,,,,
IMG_0175_specimen_2_TREOBT_NEON.BET.D20.001917.png,coleoptera,train,295.98,46.92,28.39,,,78.36,69.07,68.92,120.61,198.67,34.4,,,,,178.24,180.76,64.07,46.7,,,,,,,,
IMG_0175_specimen_4_TREOBT_NEON.BET.D20.001924.png,coleoptera,train,293.59,60.59,32.74,44.46,103.26,,79.82,71.87,104.34,188.98,36.53,,,,,176.07,180.91,64.38,55.03,,,,,,,,
IMG_0176_specimen_1_TREOBT_NEON.BET.D20.001925.png,coleoptera,train,305.0,56.57,47.49,,94.69,121.24,76.76,65.35,119.21,192.15,31.67,,,,,182.87,178.65,64.76,54.24,,,,,,,,
IMG_0176_specimen_2_TREOBT_NEON.BET.D20.001926.png,coleoptera,train,263.39,51.63,31.42,41.34,127.74,103.29,73.04,61.25,106.41,170.73,32.01,,,,,163.41,168.87,61.03,39.29,,,,,,,,
IMG_0176_specimen_3_TREOBT_NEON.BET.D20.001928.png,coleoptera,train,314.8,60.37,56.19,42.23,112.83,102.98,83.25,67.65,111.97,190.95,33.84,,,,,185.54,189.21,64.62,50.02,,,,,,,,
IMG_0176_specimen_4_TREOBT_NEON.BET.D20.001929.png,coleoptera,train,318.96,59.19,40.36,,146.33,139.2,83.95,85.64,126.49,192.96,41.41,,,,,194.29,187.97,75.17,46.17,,,,,,,,
IMG_0177_specimen_1_TREOBT_NEON.BET.D20.001932.png,coleoptera,train,,,,,,,,,100.86,,39.99,,,,,180.4,178.4,71.78,50.77,,,74.88,46.96,,,,54.97
IMG_0177_specimen_2_TREOBT_NEON.BET.D20.001936.png,coleoptera,train,314.03,58.74,40.41,41.07,86.81,136.33,81.09,75.82,106.57,197.8,32.96,,,,,185.57,188.32,66.43,41.04,,,,28.15,,,,
IMG_0177_specimen_4_TREOBT_NEON.BET.D20.001939.png,coleoptera,train,287.3,59.62,31.27,42.61,134.99,140.11,81.28,55.33,116.93,200.7,31.94,,,,,181.53,180.88,63.21,46.55,,,,,,,,
IMG_0177_specimen_5_TREOBT_NEON.BET.D20.001941.png,coleoptera,train,302.25,62.54,37.6,44.09,151.17,,90.85,63.5,134.82,201.15,43.84,,,,,195.15,192.79,66.22,58.9,,,,,,,,
IMG_0178_specimen_1_TREOBT_NEON.BET.D20.001945.png,coleoptera,train,302.39,57.38,37.6,41.88,130.71,123.95,80.95,59.95,113.4,204.84,42.44,,,,,,184.17,58.61,48.12,,,,37.01,,,,
IMG_0178_specimen_2_TREOBT_NEON.BET.D20.001949.png,coleoptera,train,317.46,33.35,44.64,44.25,139.82,138.86,83.94,76.13,125.18,196.69,46.15,,,,,187.96,186.11,63.6,52.31,,,57.47,40.4,,,,
IMG_0178_specimen_3_TREOBT_NEON.BET.D20.001955.png,coleoptera,train,282.62,61.85,48.31,43.18,143.15,110.44,79.58,61.66,115.15,172.65,36.38,,,,,164.98,168.99,61.62,49.67,,,74.26,,,,,
IMG_0178_specimen_4_TREOBT_NEON.BET.D20.001967.png,coleoptera,train,303.39,63.37,41.7,43.94,132.77,129.45,87.96,63.06,125.27,198.63,41.67,,,,,184.25,184.29,61.91,51.77,,,,,,,,
IMG_0179_specimen_1_TREOBT_NEON.BET.D20.001974.png,coleoptera,train,294.45,64.02,41.23,45.29,105.59,129.35,82.95,56.91,114.4,196.31,36.25,,,,,178.33,178.45,64.56,52.71,,,,,,,,
IMG_0179_specimen_3_TREOBT_NEON.BET.D20.001977.png,coleoptera,train,293.99,54.52,40.6,38.6,127.87,113.86,71.3,65.73,90.64,187.67,33.28,,,,,170.31,151.55,60.69,34.06,,,,,,,,
IMG_0179_specimen_4_TREOBT_NEON.BET.D20.001979.png,coleoptera,train,282.61,63.81,46.52,46.98,132.44,130.76,89.01,61.34,123.51,174.75,36.25,,,,,176.13,174.87,59.89,54.12,,,,,,,,
IMG_0180_specimen_1_TREOBT_NEON.BET.D20.001985.png,coleoptera,train,285.2,53.75,36.25,,87.5,88.58,76.65,57.23,119.06,191.72,35.62,,,,,176.33,175.54,64.03,49.38,,,,,,,,
IMG_0180_specimen_2_TREOBT_NEON.BET.D20.001986.png,coleoptera,train,290.92,35.83,39.21,,124.51,89.98,77.95,67.09,105.02,184.62,29.56,,,,,175.86,175.39,64.64,47.62,,,,,,,,
IMG_0180_specimen_3_TREOBT_NEON.BET.D20.001989.png,coleoptera,train,295.52,65.4,30.83,47.26,123.81,116.85,89.48,65.94,118.1,198.75,42.42,,,,,177.82,180.6,64.62,56.22,,,,,,,,
IMG_0180_specimen_4_TREOBT_NEON.BET.D20.001990.png,coleoptera,train,279.47,58.16,39.63,43.22,116.04,105.61,78.32,61.01,115.76,178.83,35.59,,,,,177.6,173.31,62.66,45.28,,,69.76,31.52,,,,
IMG_0181_specimen_1_TREOBT_NEON.BET.D20.001991.png,coleoptera,train,330.84,65.73,46.32,48.65,150.78,135.79,90.7,70.22,123.77,214.3,49.54,,,,,197.8,194.71,68.51,56.71,,,,42.11,,,,
IMG_0181_specimen_2_TREOBT_NEON.BET.D20.001994.png,coleoptera,train,299.29,60.79,40.12,42.42,125.42,126.95,85.39,67.55,122.71,191.61,38.02,,,,,178.62,180.25,65.44,48.71,,,38.03,,,,,
IMG_0181_specimen_3_TREOBT_NEON.BET.D20.001996.png,coleoptera,train,317.28,65.5,45.82,48.47,134.87,104.03,88.77,62.16,127.42,209.29,45.94,,,,,187.47,191.96,65.9,50.68,,,,,,,75.24,34.36
IMG_0181_specimen_4_TREOBT_NEON.BET.D20.001998.png,coleoptera,train,288.31,57.41,22.53,,109.49,105.16,85.23,61.71,114.0,204.06,40.35,,,,,190.39,190.58,65.54,52.62,,,,,,,,
IMG_0182_specimen_1_TREOBT_NEON.BET.D20.001999.png,coleoptera,train,296.1,63.77,23.0,46.77,117.07,136.96,91.57,60.7,110.47,212.41,37.64,,,,,180.87,188.43,70.84,52.5,,,,,,,,
IMG_0182_specimen_2_TREOBT_NEON.BET.D20.002000.png,coleoptera,train,294.08,62.93,29.07,48.64,153.21,124.73,87.16,59.06,104.7,205.95,40.42,,,,,187.83,188.71,70.01,54.48,,,,,,,,
IMG_0182_specimen_4_TREOBT_NEON.BET.D20.002002.png,coleoptera,train,275.23,62.66,21.86,46.94,134.11,132.65,88.39,66.76,117.24,186.61,36.56,,,,,183.64,183.9,66.47,57.12,,,,,138.36,15.26,70.88,52.21
IMG_0183_specimen_2_TREOBT_NEON.BET.D20.002004.png,coleoptera,train,326.11,62.77,42.4,41.03,138.83,131.41,87.87,68.68,120.26,215.03,42.52,,,,,196.14,194.88,69.16,50.03,,,,,,,,
IMG_0183_specimen_4_TREOBT_NEON.BET.D20.002006.png,coleoptera,train,271.13,56.04,43.99,,72.98,100.88,77.68,50.19,,176.94,61.89,,,,,167.03,169.79,67.79,44.18,,,,,,,,
IMG_0184_specimen_2_TREOBT_NEON.BET.D20.002010.png,coleoptera,train,,34.61,41.25,42.27,121.18,123.92,85.13,73.44,119.1,,36.5,,,,,173.07,178.23,63.7,50.49,,,,,,,,
IMG_0184_specimen_3_TREOBT_NEON.BET.D20.002012.png,coleoptera,train,,66.52,39.79,47.3,144.72,110.5,89.6,65.42,107.62,,42.28,,,,,189.34,191.15,62.52,61.5,,,,,,,,
IMG_0184_specimen_4_TREOBT_NEON.BET.D20.002013.png,coleoptera,train,306.03,59.49,45.85,44.29,118.72,115.63,84.37,62.5,101.46,197.69,48.4,,,,,185.71,190.99,63.68,57.91,,,,,,,,33.34
IMG_0185_specimen_1_TREOBT_NEON.BET.D20.002016.png,coleoptera,train,314.85,35.6,40.99,46.35,,153.84,93.51,73.78,99.91,200.08,,,,,,198.46,,72.25,,,,,14.03,,,,
IMG_0185_specimen_2_TREOBT_NEON.BET.D20.002019.png,coleoptera,train,284.86,54.45,43.26,37.44,137.15,101.27,70.38,62.68,99.8,178.91,35.01,,,,,168.0,170.94,64.77,45.5,,,,,,,,
IMG_0185_specimen_3_TREOBT_NEON.BET.D20.002020.png,coleoptera,train,298.18,62.74,37.44,44.17,130.0,132.7,86.42,60.65,107.91,200.09,43.23,,,,,182.1,177.82,71.35,51.44,,,,,,,,
IMG_0185_specimen_4_TREOBT_NEON.BET.D20.002022.png,coleoptera,train,323.16,70.16,50.46,51.42,,134.26,93.71,65.9,115.01,206.81,46.86,,,,,193.42,192.72,69.48,64.2,,,,,,,,
IMG_0186_specimen_1_TREOBT_NEON.BET.D20.002025.png,coleoptera,train,283.33,51.26,35.04,,,96.16,73.11,63.86,101.63,184.43,29.75,,,,,176.36,171.9,66.54,39.89,,,,,,,,
IMG_0186_specimen_2_TREOBT_NEON.BET.D20.002031.png,coleoptera,train,301.62,63.98,49.42,47.18,127.94,127.98,84.44,60.67,115.3,191.54,43.3,,,,,180.7,181.0,63.1,59.42,,,,,,,,
IMG_0186_specimen_3_TREOBT_NEON.BET.D20.002032.png,coleoptera,train,287.97,60.31,36.64,42.62,132.19,122.19,81.72,58.34,108.28,192.99,42.08,,,,,184.02,186.9,59.61,60.07,,,,,,,,
IMG_0187_specimen_1_MECBRU_NEON.BET.D20.001296.png,coleoptera,train,399.51,81.15,80.45,58.02,140.12,151.07,108.84,89.34,145.69,229.72,44.27,,,,,222.4,228.17,83.5,67.87,,,,,,,,
IMG_0187_specimen_2_MECBRU_NEON.BET.D20.000418.png,coleoptera,train,413.58,82.59,47.09,59.75,104.86,146.95,118.08,91.01,167.26,275.48,46.62,,,,,251.02,257.9,100.9,61.09,,,,,,,,
IMG_0187_specimen_3_MECBRU_NEON.BET.D20.000264.png,coleoptera,train,423.46,81.98,68.1,58.45,135.43,128.13,115.66,93.39,144.4,261.96,49.13,,,,,242.62,249.46,91.53,61.74,,,,,,,,
IMG_0187_specimen_4_MECBRU_NEON.BET.D20.001858.png,coleoptera,train,391.86,83.69,73.62,49.75,137.25,127.91,113.04,93.54,141.4,224.7,60.85,,,,,230.14,231.66,92.9,69.9,,,,,,,,
IMG_0188_specimen_2_MECBRU_NEON.BET.D20.000043.png,coleoptera,train,408.98,81.2,68.37,56.62,175.27,144.55,114.69,86.74,154.49,253.87,53.08,,,,,242.12,242.49,89.84,71.21,,,93.93,68.76,,,,
IMG_0188_specimen_3_MECBRU_NEON.BET.D20.000048.png,coleoptera,train,399.17,82.62,55.06,60.25,166.87,157.16,116.71,91.77,154.17,252.35,54.95,,,,,250.59,249.24,86.86,85.23,,,,,,,,
IMG_0188_specimen_4_MECBRU_NEON.BET.D20.000417.png,coleoptera,train,,82.3,51.52,55.03,174.39,152.64,110.3,83.55,144.04,,48.12,,,,,241.03,244.22,93.93,66.38,,,,,,,,
IMG_0189_specimen_2_MECDIS_NEON.BET.D20.001713.png,coleoptera,train,255.48,54.04,45.62,,,110.51,73.24,60.23,94.76,149.63,31.77,,,,,165.38,,64.05,36.98,,,,,,,,
IMG_0189_specimen_3_MECDIS_NEON.BET.D20.001711.png,coleoptera,train,306.21,40.07,53.64,44.19,112.53,,86.13,97.09,104.17,155.49,37.39,,,,,154.97,157.06,66.61,56.84,,,,,,,,
IMG_0190_specimen_1_MECDIS_NEON.BET.D20.000351.png,coleoptera,train,274.36,59.08,54.54,40.79,102.99,97.73,77.54,62.41,105.39,157.41,37.45,,,,,157.4,161.22,62.95,56.05,,,,,,,,
IMG_0190_specimen_2_MECDIS_NEON.BET.D20.001461.png,coleoptera,train,294.15,46.37,41.82,26.66,115.98,112.72,63.49,71.46,94.92,180.87,32.72,,,,,166.12,169.2,67.98,34.1,,,,,,,,
IMG_0191_specimen_1_TREOBT_NEON.BET.D20.001815.png,coleoptera,train,310.44,65.28,58.87,44.7,141.9,127.25,85.0,59.36,102.35,192.21,37.43,,,,,188.59,183.44,70.37,45.97,,,,,,,76.59,42.58
IMG_0191_specimen_2_TREOBT_NEON.BET.D20.000812.png,coleoptera,train,289.71,51.55,40.73,37.58,109.29,138.94,73.12,60.03,107.05,188.94,43.89,,,,,173.75,174.94,61.17,45.43,,,,,,,,
IMG_0191_specimen_3_TREOBT_NEON.BET.D20.001393.png,coleoptera,train,269.23,56.94,28.58,40.45,130.95,130.78,75.6,58.66,98.69,181.98,35.98,,,,,164.29,164.72,59.6,49.45,,,,,,,60.7,
IMG_0192_specimen_1_TREOBT_NEON.BET.D20.001670.png,coleoptera,train,308.03,58.97,35.33,,128.47,103.54,81.8,66.35,120.7,206.34,39.18,,,,,195.56,193.34,74.41,62.67,,,,,,,,
IMG_0192_specimen_2_TREOBT_NEON.BET.D20.001740.png,coleoptera,train,296.63,61.44,34.25,41.7,125.49,126.7,85.09,65.86,114.93,196.53,44.86,,,,,192.67,194.46,69.83,49.16,,,,,,,,
IMG_0192_specimen_3_TREOBT_NEON.BET.D20.001752.png,coleoptera,train,315.49,37.6,43.9,44.96,97.77,110.34,85.55,78.56,95.87,193.02,37.06,,,,,172.86,179.71,61.78,36.56,,,,,,,,
IMG_0193_specimen_2_MECRUF_NEON.BET.D20.001608.png,coleoptera,train,360.78,74.6,39.05,55.71,142.44,125.57,98.11,91.16,143.24,230.57,47.99,,,,,211.49,209.57,81.93,67.32,,,,,,,,
IMG_0193_specimen_3_MECRUF_NEON.BET.D20.001426.png,coleoptera,train,373.6,71.41,65.46,49.23,137.79,115.58,89.03,80.17,131.31,227.97,48.58,,,,,211.24,212.86,81.94,58.62,,,,,,,,
IMG_0193_specimen_4_MECRUF_NEON.BET.D20.000047.png,coleoptera,train,359.8,72.81,44.79,49.4,138.21,160.92,95.71,75.62,146.61,239.39,43.15,,,,,228.49,234.43,89.87,62.74,,,,,,,,
IMG_0194_specimen_1_MECRUF_NEON.BET.D20.001761.png,coleoptera,train,360.62,69.93,68.4,47.7,,143.66,90.93,77.1,134.94,215.11,43.64,,,,,206.12,205.15,81.8,56.97,,,,,,,,
IMG_0194_specimen_3_MECRUF_NEON.BET.D20.001490.png,coleoptera,train,330.74,66.99,14.47,,,96.3,93.52,85.81,133.48,230.47,52.11,,,,,208.5,225.24,70.73,78.64,,,,,,,78.28,57.53
IMG_0196_specimen_1_AGOMUE_NEON.BET.D20.000059.png,coleoptera,train,562.45,100.47,89.56,69.92,229.25,244.16,154.59,124.64,219.21,348.25,81.21,,,,,344.86,348.07,130.4,96.75,,,,,,,,
IMG_0196_specimen_2_AGOMUE_NEON.BET.D20.001421.png,coleoptera,train,585.4,102.29,100.31,61.5,231.69,250.51,134.99,126.63,195.42,358.46,78.52,,,,,336.39,340.54,124.71,72.2,,,114.79,39.08,,,150.02,93.08
IMG_0197_specimen_1_MECNEO_NEON.BET.D20.001811.png,coleoptera,train,651.78,115.67,123.12,78.62,217.06,230.12,141.73,115.43,214.7,413.23,77.52,,,,,334.29,328.38,115.38,108.11,,,143.09,81.52,,,,
IMG_0198_specimen_1_MECNIT_NEON.BET.D20.000488.png,coleoptera,train,362.2,62.87,53.35,42.24,111.57,121.67,78.48,78.73,135.1,230.11,40.16,,,,,211.96,218.7,84.32,54.33,,,,,,,,
IMG_0200_specimen_1_BLAHAW_NEON.BET.D20.001489.png,coleoptera,train,624.99,104.35,98.12,69.39,,304.81,131.74,121.57,214.45,405.3,78.05,,,,,367.58,390.68,136.5,126.99,,,,,,,148.13,
IMG_0201_specimen_1_BLAHAW_NEON.BET.D20.001704.png,coleoptera,train,670.32,109.67,95.01,73.91,213.31,316.59,146.08,122.1,254.59,453.22,80.57,,,,,448.1,463.78,144.8,121.95,,,137.29,24.22,,,159.5,
IMG_0201_specimen_2_BLAHAW_NEON.BET.D20.001488.png,coleoptera,train,611.38,96.37,101.82,58.85,279.45,313.25,129.7,109.15,240.22,400.4,73.37,,,,,397.63,388.71,123.52,119.72,,,153.57,,,,,95.73
IMG_0202_specimen_1_BLAHAW_NEON.BET.D20.000831.png,coleoptera,train,619.03,104.99,64.96,66.07,296.07,,135.42,100.58,243.9,453.48,76.33,,,,,424.86,430.2,137.21,103.68,,,,,,,,
IMG_0203_specimen_1_BLAKIL_NEON.BET.D20.000121.png,coleoptera,train,530.59,94.69,91.84,63.62,227.52,212.75,113.63,106.22,196.3,332.52,50.81,,,,,310.67,311.93,109.29,87.97,,,123.31,64.22,,,121.08,51.21
IMG_0231_specimen_1_TREOBT_NEON.BET.D20.001447.png,coleoptera,train,,65.81,44.11,47.46,153.42,150.37,92.62,57.28,118.96,,,,,,,,,,,,,,,,,,
IMG_0231_specimen_3_TREOBT_NEON.BET.D20.001449.png,coleoptera,train,321.86,63.01,47.97,45.04,140.2,,86.04,53.39,,220.49,31.98,,,,,176.03,177.1,,65.18,,,,,,,,
IMG_0231_specimen_4_TREOBT_NEON.BET.D20.001450.png,coleoptera,train,306.74,63.16,51.05,44.63,133.6,145.88,90.3,63.3,129.7,192.4,38.03,,,,,183.67,188.94,68.13,57.27,,,,,,,,
IMG_0232_specimen_1_TREOBT_NEON.BET.D20.001468.png,coleoptera,train,288.17,61.33,36.49,46.12,124.69,,85.83,66.92,126.3,184.75,34.24,,,,,178.53,184.79,62.57,60.29,,,,,,,,
IMG_0232_specimen_2_TREOBT_NEON.BET.D20.001470.png,coleoptera,train,274.45,57.55,59.39,38.19,132.23,122.48,76.5,42.93,118.65,172.13,28.96,,,,,162.24,164.17,62.04,54.61,,,,,,,,
IMG_0232_specimen_3_TREOBT_NEON.BET.D20.001474.png,coleoptera,train,308.23,61.21,48.05,42.47,,143.82,83.5,68.94,89.33,191.25,27.51,,,,,179.92,185.32,73.85,55.4,,,,,,,,
IMG_0233_specimen_1_TREOBT_NEON.BET.D20.001476.png,coleoptera,train,279.89,60.67,33.78,47.11,112.99,110.71,84.5,57.19,124.03,188.92,34.37,,,,,170.98,168.48,51.17,70.34,,,,,,,,
IMG_0233_specimen_2_TREOBT_NEON.BET.D20.001477.png,coleoptera,train,326.51,66.54,56.0,48.98,147.95,157.15,92.88,59.5,128.07,211.01,25.09,,,,,183.41,182.47,63.94,60.89,,,78.21,,,,76.42,30.09
IMG_0233_specimen_3_TREOBT_NEON.BET.D20.001481.png,coleoptera,train,302.34,58.18,51.42,40.73,129.52,121.25,74.32,60.22,112.75,190.7,26.09,,,,,177.41,176.74,69.01,38.74,,,,,,,,
IMG_0233_specimen_4_TREOBT_NEON.BET.D20.001485.png,coleoptera,train,294.22,63.86,20.6,46.8,124.67,118.65,94.61,57.85,111.23,215.77,32.12,,,,,193.76,193.21,71.03,62.17,,,,,,,,
IMG_0233_specimen_5_TREOBT_NEON.BET.D20.001486.png,coleoptera,train,,,,,,,81.41,56.31,105.59,184.95,24.46,,,,,166.09,165.05,63.64,55.62,,,,,,,,
IMG_0234_specimen_1_TREOBT_NEON.BET.D20.001506.png,coleoptera,train,271.31,57.0,34.28,43.71,122.38,123.08,73.68,43.87,98.55,193.16,29.91,,,,,165.61,165.04,55.37,,,,,,,,,
IMG_0234_specimen_2_TREOBT_NEON.BET.D20.001511.png,coleoptera,train,324.34,67.07,38.08,49.17,152.09,147.0,95.62,61.98,118.68,224.28,26.11,,,,,202.76,202.27,73.05,63.49,,,,,,,,
IMG_0234_specimen_3_TREOBT_NEON.BET.D20.001517.png,coleoptera,train,316.43,55.8,52.08,39.09,135.98,112.76,82.41,61.12,127.77,203.23,39.66,,,,,181.59,183.85,69.49,53.93,,,,,,,135.33,
IMG_0234_specimen_4_TREOBT_NEON.BET.D20.001518.png,coleoptera,train,292.22,60.59,30.0,43.97,149.59,92.04,86.53,58.3,119.89,203.93,27.8,,,,,180.57,183.32,68.92,51.6,,,,,,,,
IMG_0235_specimen_1_TREOBT_NEON.BET.D20.001519.png,coleoptera,train,267.93,62.3,10.6,48.83,126.22,135.7,89.18,50.47,124.54,206.86,28.92,,,,,183.69,184.66,66.38,62.15,,,,24.17,,,,
IMG_0235_specimen_2_TREOBT_NEON.BET.D20.001521.png,coleoptera,train,306.33,65.64,32.03,47.43,118.06,120.1,92.27,57.15,120.09,217.14,35.33,,,,,183.35,183.66,69.76,51.82,,,,,,,,
IMG_0235_specimen_4_TREOBT_NEON.BET.D20.001523.png,coleoptera,train,284.92,57.69,41.44,41.12,138.85,134.7,78.44,56.66,115.81,186.82,30.35,,,,,173.93,176.24,65.84,50.25,,,,,,,,
IMG_0237_specimen_1_TREOBT_NEON.BET.D20.001524.png,coleoptera,train,315.95,63.74,29.71,47.05,135.0,146.7,58.98,50.99,116.11,235.25,26.2,,,,,186.02,189.36,72.53,,,,76.24,53.97,,,,
IMG_0237_specimen_2_TREOBT_NEON.BET.D20.001536.png,coleoptera,train,326.42,65.45,42.78,47.79,94.53,123.35,92.71,55.32,117.63,228.33,28.25,,,,,188.49,190.13,70.63,57.76,,,,,,,,
IMG_0237_specimen_4_TREOBT_NEON.BET.D20.001538.png,coleoptera,train,333.21,66.7,54.64,48.54,158.74,132.76,90.27,52.42,120.62,226.16,,,,,,,,70.18,,,,,,,,71.11,41.8
IMG_0238_specimen_1_TREOBT_NEON.BET.D20.001539.png,coleoptera,train,307.3,65.35,25.59,48.06,140.5,85.84,92.86,58.24,120.41,223.47,38.32,,,,,200.55,200.5,71.98,61.07,,,,,,,,
IMG_0238_specimen_2_TREOBT_NEON.BET.D20.001540.png,coleoptera,train,309.27,63.96,38.66,48.4,120.76,,90.59,68.41,130.16,202.2,43.02,,,,,186.09,191.94,71.62,66.44,,,,,,,,
IMG_0238_specimen_3_TREOBT_NEON.BET.D20.001553.png,coleoptera,train,284.43,62.87,31.5,44.72,141.14,118.65,87.03,56.96,115.18,195.97,39.14,,,,,177.57,177.44,66.36,60.21,,,,,,,,
IMG_0238_specimen_4_TREOBT_NEON.BET.D20.001554.png,coleoptera,train,298.18,58.71,37.4,40.89,,,79.63,63.16,112.32,197.63,28.96,,,,,176.18,177.55,66.98,47.24,,,,,,,,
IMG_0238_specimen_5_TREOBT_NEON.BET.D20.001555.png,coleoptera,train,337.95,58.97,60.08,40.06,153.23,141.63,79.99,63.54,121.38,214.34,41.37,,,,,188.61,196.36,67.05,62.62,,,,,,,,
IMG_0239_specimen_1_TREOBT_NEON.BET.D20.001556.png,coleoptera,train,,62.03,,42.95,113.29,91.18,84.63,59.38,110.8,181.29,38.43,,,,,173.07,172.14,71.84,50.04,,,,,,,,
IMG_0239_specimen_2_TREOBT_NEON.BET.D20.001557.png,coleoptera,train,289.22,66.41,27.14,52.29,79.41,95.81,92.09,65.29,116.3,196.79,28.93,,,,,189.28,182.58,68.14,67.29,,,,,,,,
IMG_0239_specimen_3_TREOBT_NEON.BET.D20.001558.png,coleoptera,train,286.39,60.21,35.38,47.4,,,81.32,59.84,96.62,191.17,27.24,,,,,178.84,180.23,67.94,55.08,,,50.08,41.74,,,,
IMG_0240_specimen_1_TREOBT_NEON.BET.D20.001560.png,coleoptera,train,291.93,58.1,49.07,36.65,87.97,88.86,78.0,57.81,102.78,185.05,33.97,,,,,174.56,171.4,48.84,63.69,,,,,,,,
IMG_0240_specimen_3_TREOBT_NEON.BET.D20.001569.png,coleoptera,train,,64.46,,46.82,146.24,112.29,89.24,,129.27,202.43,28.03,,,,,180.51,180.88,65.08,63.75,,,,,,,68.65,27.52
IMG_0241_specimen_1_TREOBT_NEON.BET.D20.001571.png,coleoptera,train,277.74,58.16,40.13,44.73,125.67,122.33,82.56,53.22,110.96,184.39,30.94,,,,,167.52,167.85,63.23,54.4,,,,,,,,
IMG_0241_specimen_2_TREOBT_NEON.BET.D20.001572.png,coleoptera,train,293.88,62.22,46.55,45.1,103.68,123.24,85.83,53.42,113.9,193.9,30.9,,,,,171.13,171.53,61.89,64.73,,,,,,,57.71,35.47
IMG_0241_specimen_3_TREOBT_NEON.BET.D20.001573.png,coleoptera,train,322.37,66.23,46.27,49.15,123.85,144.32,92.91,64.61,148.25,211.49,42.52,,,,,185.87,188.46,68.29,63.46,,,,,,,,
IMG_0241_specimen_4_TREOBT_NEON.BET.D20.001575.png,coleoptera,train,296.82,61.13,53.44,42.21,112.48,,77.62,54.57,114.35,188.81,,,,,,,163.16,,61.83,,,71.11,47.36,,,67.49,32.94
IMG_0242_specimen_1_TREOBT_NEON.BET.D20.001576.png,coleoptera,train,286.97,65.01,32.66,45.61,126.32,130.99,88.72,61.73,134.0,192.58,40.14,,,,,189.29,188.76,66.2,67.72,,,,,,,72.57,32.71
IMG_0242_specimen_2_TREOBT_NEON.BET.D20.001577.png,coleoptera,train,299.48,65.4,58.91,45.55,147.96,108.29,88.55,52.73,125.43,187.84,35.51,,,,,181.09,179.03,65.92,57.98,,,78.51,54.89,,,76.73,56.15
IMG_0242_specimen_3_TREOBT_NEON.BET.D20.001590.png,coleoptera,train,282.74,60.82,48.98,41.9,117.12,135.59,85.82,50.7,127.53,183.06,42.29,,,,,174.07,172.97,60.72,66.1,,,,,,,,
IMG_0242_specimen_4_TREOBT_NEON.BET.D20.001591.png,coleoptera,train,290.9,61.65,46.64,44.19,110.48,114.27,83.81,55.12,93.9,189.14,31.05,,,,,179.06,179.82,67.65,55.12,,,,,,,,
IMG_0243_specimen_2_TREOBT_NEON.BET.D20.001611.png,coleoptera,train,317.99,67.5,58.81,46.89,136.79,133.41,96.42,57.75,114.17,201.43,46.34,,,,,184.48,186.7,72.22,65.11,,,,,,,,
IMG_0244_specimen_1_MECNEO_NEON.BET.D20.003258.png,coleoptera,train,572.4,113.33,92.66,80.74,230.79,223.69,147.77,121.63,235.79,358.11,58.98,,,,,346.7,349.08,124.1,109.68,,,,,,,,
IMG_0244_specimen_2_MECNEO_NEON.BET.D20.003137.png,coleoptera,train,555.28,110.13,54.77,76.58,210.25,212.48,143.95,115.78,196.48,384.74,27.03,,,,,333.95,334.32,128.46,94.44,,,,,,,84.05,47.05
IMG_0245_specimen_1_AGOMUE_NEON.BET.D20.003085.png,coleoptera,train,529.49,103.05,73.91,71.34,182.43,237.54,146.73,110.44,204.57,345.15,82.21,,,,,316.11,313.48,116.19,79.25,,,137.23,94.25,,,141.6,94.38
IMG_0245_specimen_2_AGOMUE_NEON.BET.D20.003086.png,coleoptera,train,612.53,113.55,102.86,77.6,272.12,252.13,163.59,125.53,245.48,384.14,81.68,,,,,347.88,351.77,129.59,116.12,,,148.71,,,,,
IMG_0245_specimen_3_AGOMUE_NEON.BET.D20.003148.png,coleoptera,train,553.64,106.15,99.37,67.97,217.62,224.09,149.71,110.84,219.64,343.43,89.85,,,,,325.16,322.51,115.13,106.07,,,,,,,,61.93
IMG_0246_specimen_2_AGOMUE_NEON.BET.D20.003269.png,coleoptera,train,564.33,99.81,97.61,65.19,167.17,204.64,143.73,115.16,221.38,351.56,49.01,,,,,322.97,327.59,118.02,99.39,,,,,,,,
IMG_0247_specimen_1_BLAHAW_NEON.BET.D20.003253.png,coleoptera,train,,97.32,85.37,63.51,321.15,286.25,123.98,105.6,234.52,,36.35,,,,,379.64,376.41,129.3,90.17,,,,,,,,
IMG_0248_specimen_1_MECBRU_NEON.BET.D20.003106.png,coleoptera,train,424.44,91.06,56.52,62.1,156.58,136.69,125.31,95.66,183.45,272.27,67.04,,,,,260.98,263.3,99.81,83.59,,,,,,,,
IMG_0248_specimen_2_MECBRU_NEON.BET.D20.003125.png,coleoptera,train,410.77,84.46,69.41,59.2,162.23,155.6,114.93,89.13,170.73,252.23,73.32,,,,,250.21,245.92,89.41,72.11,,,87.96,76.21,,,,
IMG_0248_specimen_3_MECBRU_NEON.BET.D20.003128.png,coleoptera,train,407.28,84.47,65.77,58.91,67.52,121.25,107.14,90.36,171.59,251.15,56.04,,,,,252.19,253.01,95.34,74.94,,,96.46,,,,97.54,68.6
IMG_0248_specimen_4_MECBRU_NEON.BET.D20.003138.png,coleoptera,train,430.17,80.41,81.76,55.74,140.65,135.1,114.04,92.56,212.74,255.85,54.4,,,,,240.78,232.83,98.47,83.67,,,,,,,,
IMG_0249_specimen_1_MECDIS_NEON.BET.D20.003102.png,coleoptera,train,268.94,60.91,38.69,43.85,116.22,90.11,83.43,67.91,106.29,162.34,41.95,,,,,163.59,165.66,67.98,54.81,,,,,,,,
IMG_0249_specimen_2_MECDIS_NEON.BET.D20.003108.png,coleoptera,train,303.82,60.27,45.99,40.06,118.34,105.84,79.65,67.36,112.76,190.47,52.93,,,,,181.76,183.33,74.26,46.96,,,,,,,,
IMG_0249_specimen_4_MECDIS_NEON.BET.D20.003139.png,coleoptera,train,289.0,61.28,55.83,42.45,67.53,99.55,80.99,65.01,117.53,168.17,42.03,,,,,169.88,169.13,68.58,47.92,,,,,,,,
IMG_0250_specimen_1_MECDIS_NEON.BET.D20.003140.png,coleoptera,train,347.37,69.68,65.89,49.15,140.49,,94.38,75.22,150.84,206.26,57.04,,,,,204.94,205.32,78.68,70.64,,,,,,,,
IMG_0250_specimen_2_MECDIS_NEON.BET.D20.003149.png,coleoptera,train,286.53,60.18,51.56,40.23,123.1,107.52,81.29,63.69,107.75,171.28,43.87,,,,,164.11,166.24,67.56,46.68,,,,,,,,
IMG_0250_specimen_3_MECDIS_NEON.BET.D20.003151.png,coleoptera,train,280.98,63.01,41.72,43.11,121.51,109.77,80.94,65.49,119.75,173.76,45.27,,,,,172.6,173.71,71.09,46.21,,,,,,,,
IMG_0250_specimen_4_MECDIS_NEON.BET.D20.003161.png,coleoptera,train,264.0,58.27,44.5,41.05,103.85,103.12,79.67,61.11,112.27,158.39,37.34,,,,,151.77,157.4,69.59,42.48,,,,,,,,
IMG_0251_specimen_2_MECDIS_NEON.BET.D20.003195.png,coleoptera,train,312.67,64.01,50.47,46.6,23.02,53.05,88.43,70.35,129.92,191.86,62.8,,,,,183.41,182.48,77.8,51.27,,,,,,,,
IMG_0251_specimen_3_MECDIS_NEON.BET.D20.003196.png,coleoptera,train,286.72,58.29,54.47,38.99,114.48,98.15,75.19,68.34,109.47,163.91,48.71,,,,,160.95,161.96,71.91,49.25,,,,,,,,
IMG_0252_specimen_1_MECDIS_NEON.BET.D20.003205.png,coleoptera,train,292.8,62.99,46.08,41.45,120.92,91.99,84.28,64.37,127.13,182.35,45.97,,,,,182.88,179.23,74.77,52.78,,,,,,,,
IMG_0252_specimen_3_MECDIS_NEON.BET.D20.003225.png,coleoptera,train,304.12,64.03,54.8,43.01,,,88.14,60.25,128.63,189.07,52.77,,,,,182.47,183.49,61.46,66.89,,,,,,,,
IMG_0252_specimen_4_MECDIS_NEON.BET.D20.003228.png,coleoptera,train,304.15,63.81,45.11,46.25,122.08,107.01,90.67,67.25,133.32,191.79,44.98,,,,,188.47,191.85,76.22,56.79,,,,,,,,
IMG_0254_specimen_1_MECDIS_NEON.BET.D20.003256.png,coleoptera,train,287.53,64.18,40.33,44.93,112.26,105.38,89.0,63.15,112.92,184.05,35.62,,,,,177.43,182.39,75.29,46.92,,,53.3,33.72,,,62.07,60.94
IMG_0254_specimen_3_MECDIS_NEON.BET.D20.003278.png,coleoptera,train,264.51,60.55,32.86,42.88,,124.92,86.78,64.33,102.37,167.32,45.2,,,,,161.85,166.26,64.04,63.0,,,,,,,,
IMG_0255_specimen_2_MECGAG_NEON.BET.D20.003130.png,coleoptera,train,411.68,84.2,67.15,53.23,201.16,189.94,107.74,94.81,165.93,249.71,182.82,,,,,249.88,122.48,97.27,,,,,,,,,
IMG_0255_specimen_3_MECGAG_NEON.BET.D20.003162.png,coleoptera,train,416.92,87.45,62.85,58.56,,163.33,112.12,97.52,169.69,256.54,70.78,,,,,259.91,257.23,105.96,71.89,,,,,,,,
IMG_0256_specimen_2_MECKAR_NEON.BET.D20.003088.png,coleoptera,train,488.92,97.23,55.11,66.94,186.9,192.61,134.06,102.47,208.02,331.34,79.39,,,,,321.07,315.54,129.14,79.3,,,,,,,,
IMG_0256_specimen_3_MECKAR_NEON.BET.D20.003089.png,coleoptera,train,515.66,99.55,78.56,67.24,209.15,202.99,138.6,110.91,216.25,326.19,79.93,,,,,321.53,321.63,97.11,119.36,,,117.81,58.37,,,,
IMG_0257_specimen_1_MECKAR_NEON.BET.D20.003103.png,coleoptera,train,532.66,104.93,74.33,71.33,182.27,212.32,143.0,121.83,225.89,336.5,103.73,,,,,344.49,346.14,131.79,92.63,,,,,,,,
IMG_0257_specimen_2_MECKAR_NEON.BET.D20.003223.png,coleoptera,train,401.47,91.25,63.87,60.07,193.12,188.84,125.65,100.06,189.34,237.53,86.0,,,,,280.33,286.18,98.86,85.23,,,106.18,81.11,,,,
IMG_0258_specimen_1_MECKON_NEON.BET.D20.003082.png,coleoptera,train,368.81,74.01,44.54,47.33,161.65,112.99,99.11,88.07,157.98,236.2,55.2,,,,,228.08,228.25,92.22,66.57,,,,,,,,
IMG_0258_specimen_2_MECKON_NEON.BET.D20.003091.png,coleoptera,train,297.53,69.77,12.79,50.82,,129.13,94.41,65.89,139.79,218.86,58.77,,,,,198.16,198.65,78.62,58.76,,,,,,,,
IMG_0258_specimen_4_MECKON_NEON.BET.D20.003093.png,coleoptera,train,283.41,68.79,38.61,48.81,117.07,124.09,90.09,72.52,177.45,172.28,51.21,,,,,184.89,171.18,77.28,72.65,,,,,,,,
IMG_0259_specimen_2_MECKON_NEON.BET.D20.003104.png,coleoptera,train,333.0,77.84,40.15,56.76,85.0,54.76,105.75,82.43,127.97,210.42,70.27,,,,,208.81,209.82,84.76,64.47,,,,,,,,
IMG_0259_specimen_3_MECKON_NEON.BET.D20.003109.png,coleoptera,train,359.32,72.29,51.83,52.14,128.52,136.77,95.65,81.71,150.83,225.78,51.84,,,,,218.72,220.91,84.67,69.57,,,,,,,,55.35
IMG_0259_specimen_4_MECKON_NEON.BET.D20.003110.png,coleoptera,train,376.89,77.72,63.07,56.91,154.29,127.88,104.17,89.55,172.57,224.28,66.47,,,,,226.87,219.66,90.41,82.55,,,,,,,,
IMG_0260_specimen_1_MECKON_NEON.BET.D20.003113.png,coleoptera,train,345.81,72.06,60.44,50.74,111.26,115.49,90.68,85.0,137.53,200.37,56.79,,,,,208.92,211.19,77.26,64.33,,,,,,,,
IMG_0260_specimen_2_MECKON_NEON.BET.D20.003116.png,coleoptera,train,389.22,80.18,55.93,57.54,,,104.03,86.92,170.55,246.37,64.96,,,,,240.74,244.91,89.21,80.46,,,97.53,60.09,,,,
IMG_0260_specimen_4_MECKON_NEON.BET.D20.003141.png,coleoptera,train,315.78,71.58,25.51,52.88,,120.18,92.42,79.6,132.61,210.68,53.28,,,,,213.75,209.68,79.43,65.51,,,,,,,,
IMG_0261_specimen_2_MECKON_NEON.BET.D20.003144.png,coleoptera,train,349.06,66.43,43.23,39.41,121.72,104.18,89.31,84.9,124.59,220.93,43.21,,,,,203.68,203.31,80.15,58.78,,,78.0,33.18,,,,
IMG_0261_specimen_3_MECKON_NEON.BET.D20.003166.png,coleoptera,train,365.51,75.48,51.45,56.31,,121.7,95.26,87.8,138.11,226.26,50.51,,,,,218.55,215.96,87.01,69.44,,,,,,,,
IMG_0261_specimen_4_MECKON_NEON.BET.D20.003174.png,coleoptera,train,358.32,71.18,58.13,48.97,133.78,126.34,92.48,80.96,131.4,219.23,50.69,,,,,212.21,215.23,91.64,59.76,,,,,,,,
IMG_0262_specimen_1_MECKON_NEON.BET.D20.003177.png,coleoptera,train,322.52,51.04,43.52,,,88.1,92.91,71.07,141.43,207.92,41.75,,,,,198.44,199.81,75.18,67.35,,,57.96,22.2,,,,
IMG_0262_specimen_2_MECKON_NEON.BET.D20.003178.png,coleoptera,train,332.0,64.11,54.12,,109.28,102.72,78.72,73.61,116.0,204.28,38.61,,,,,190.48,188.96,76.22,59.57,,,,,,,,
IMG_0262_specimen_3_MECKON_NEON.BET.D20.003188.png,coleoptera,train,346.98,68.85,66.41,49.17,,135.73,90.79,66.98,140.47,213.59,47.13,,,,,192.8,194.91,79.61,77.47,,,,,,,,
IMG_0262_specimen_4_MECKON_NEON.BET.D20.003268.png,coleoptera,train,411.62,81.92,76.6,54.31,112.28,119.49,110.93,92.37,168.74,242.65,72.82,,,,,240.72,238.92,94.27,76.82,,18.64,,,,,,
IMG_0263_specimen_2_MECKON_NEON.BET.D20.003211.png,coleoptera,train,330.51,66.5,59.78,45.75,111.93,92.12,87.88,60.19,105.16,210.53,61.43,,,,,189.03,192.78,79.0,57.87,,,,,,13.76,,
IMG_0263_specimen_3_MECKON_NEON.BET.D20.003216.png,coleoptera,train,315.23,61.73,69.91,41.17,135.57,140.75,87.23,67.86,123.19,177.45,59.0,,,,,174.93,174.79,73.46,61.36,,17.16,,,,,,
IMG_0263_specimen_4_MECKON_NEON.BET.D20.003221.png,coleoptera,train,362.5,70.63,59.46,51.72,137.59,,92.15,75.64,135.49,227.4,48.46,,,,,201.79,199.44,78.14,72.61,,25.97,,,,33.88,,
IMG_0264_specimen_1_MECKON_NEON.BET.D20.003224.png,coleoptera,train,383.25,73.16,65.17,49.25,169.09,149.54,98.66,71.06,163.25,247.02,63.37,,,,,228.26,232.43,92.81,72.31,,25.54,,,,17.71,,
IMG_0264_specimen_2_MECKON_NEON.BET.D20.003255.png,coleoptera,train,357.23,75.45,63.95,54.62,120.08,118.32,99.1,75.54,143.64,217.74,66.18,,,,,200.56,200.83,86.92,64.09,,13.61,,,,,,
IMG_0264_specimen_3_MECKON_NEON.BET.D20.003257.png,coleoptera,train,330.86,71.0,35.46,,,94.86,98.97,73.46,134.93,221.94,51.33,,,,,202.55,203.48,82.53,65.17,,,,,,,,
IMG_0264_specimen_4_MECKON_NEON.BET.D20.003277.png,coleoptera,train,325.26,66.68,69.18,49.33,121.63,124.64,87.43,71.87,128.16,184.21,49.03,,,,,175.97,172.23,81.15,60.86,,,66.9,25.26,,,,
IMG_0265_specimen_1_MECNIT_NEON.BET.D20.003199.png,coleoptera,train,348.73,64.1,59.48,41.97,,109.83,76.87,75.79,96.8,213.46,34.95,,,,,204.64,205.22,80.0,40.83,,,37.46,21.44,,,,
IMG_0266_specimen_1_MECRUF_NEON.BET.D20.003083.png,coleoptera,train,363.1,75.57,40.34,48.87,142.02,87.69,95.11,75.41,138.67,247.35,50.78,,,,,208.09,209.47,84.52,65.68,,,,,,,,
IMG_0266_specimen_3_MECRUF_NEON.BET.D20.003094.png,coleoptera,train,372.55,72.94,70.31,50.65,110.41,109.21,98.93,72.92,143.58,229.32,51.05,,,,,212.74,213.21,87.99,60.48,,27.87,,,,,,
IMG_0266_specimen_4_MECRUF_NEON.BET.D20.003095.png,coleoptera,train,366.04,74.04,29.09,53.2,147.92,126.32,100.77,80.23,140.56,256.73,60.49,,,,,237.11,239.38,87.72,71.55,,,84.19,52.35,,,,
IMG_0267_specimen_1_MECRUF_NEON.BET.D20.003096.png,coleoptera,train,384.98,75.71,51.75,56.23,,140.37,98.94,81.01,139.69,252.21,51.03,,,,,226.39,227.99,90.13,63.43,,33.02,,,,,,
IMG_0267_specimen_2_MECRUF_NEON.BET.D20.003097.png,coleoptera,train,371.56,70.69,78.1,45.73,150.99,101.78,97.55,75.46,124.23,218.0,59.48,,,,,221.99,223.68,92.71,59.87,,,,,,,,
IMG_0268_specimen_1_MECRUF_NEON.BET.D20.003107.png,coleoptera,train,336.37,73.78,42.16,54.49,145.12,125.21,94.01,67.72,127.25,226.49,55.59,,,,,213.52,215.24,84.52,64.91,,,,,,,,
IMG_0268_specimen_3_MECRUF_NEON.BET.D20.003112.png,coleoptera,train,382.69,74.29,66.59,52.03,125.48,142.82,98.37,73.43,134.58,242.67,52.72,,,,,219.35,216.74,81.29,69.22,,,70.94,25.71,,,,
IMG_0268_specimen_4_MECRUF_NEON.BET.D20.003122.png,coleoptera,train,373.7,71.75,66.62,52.96,77.56,80.33,96.75,71.44,121.11,235.64,59.52,,,,,216.87,219.68,84.3,65.29,,,,,,,,
IMG_0269_specimen_1_MECRUF_NEON.BET.D20.003123.png,coleoptera,train,351.21,70.22,51.65,51.33,,,93.07,72.63,128.86,226.93,55.52,,,,,215.53,213.63,83.2,70.49,,,,,,,,
IMG_0269_specimen_2_MECRUF_NEON.BET.D20.003146.png,coleoptera,train,367.74,75.14,73.68,48.48,114.0,128.65,95.96,77.57,137.58,216.49,53.39,,,,,217.16,218.7,81.79,65.68,,,,,,,,
IMG_0269_specimen_3_MECRUF_NEON.BET.D20.003160.png,coleoptera,train,358.4,74.12,57.77,50.24,165.45,150.6,100.39,80.65,132.71,219.98,64.22,,,,,217.99,219.97,87.81,69.28,,,,,,,,
IMG_0269_specimen_4_MECRUF_NEON.BET.D20.003186.png,coleoptera,train,381.94,73.62,73.45,54.08,142.49,143.72,98.27,81.3,149.94,227.2,55.41,,,,,218.42,218.15,88.68,62.82,,,,,,,,
IMG_0270_specimen_2_MECRUF_NEON.BET.D20.003191.png,coleoptera,train,358.94,70.82,68.94,44.04,131.02,108.41,91.73,71.43,133.44,218.57,54.02,,,,,204.56,205.01,83.34,69.82,,,,,,,,
IMG_0270_specimen_3_MECRUF_NEON.BET.D20.003193.png,coleoptera,train,359.24,74.47,57.25,52.97,129.78,,100.56,79.58,140.28,222.4,51.75,,,,,210.04,208.42,79.84,73.27,,,,,,,,
IMG_0270_specimen_4_MECRUF_NEON.BET.D20.003194.png,coleoptera,train,363.4,72.89,53.65,47.96,,,93.38,69.23,145.24,240.52,55.35,,,,,208.34,207.81,79.24,75.87,,,,,,,,
IMG_0271_specimen_1_MECRUF_NEON.BET.D20.003209.png,coleoptera,train,369.33,70.2,65.52,46.63,101.7,106.12,87.31,74.27,139.46,229.54,49.68,,,,,209.18,208.81,84.36,69.28,,,,,,,,
IMG_0271_specimen_3_MECRUF_NEON.BET.D20.003245.png,coleoptera,train,337.99,69.35,50.48,44.86,144.01,102.2,90.19,79.06,122.14,208.44,46.2,,,,,200.8,204.83,78.04,64.34,,,,,,,86.29,52.02
IMG_0271_specimen_4_MECRUF_NEON.BET.D20.003254.png,coleoptera,train,393.68,78.16,75.91,54.42,101.73,114.41,96.74,74.47,159.27,243.29,61.19,,,,,213.51,213.02,77.1,64.03,,,,,,,,
IMG_0272_specimen_1_MECRUF_NEON.BET.D20.003270.png,coleoptera,train,390.73,71.66,72.89,48.81,156.4,129.34,91.48,83.65,142.28,234.19,54.9,,,,,229.46,231.57,76.71,71.9,,,,,,,,
IMG_0272_specimen_2_MECRUF_NEON.BET.D20.003271.png,coleoptera,train,341.68,71.31,58.69,47.12,,127.32,88.11,67.49,123.69,215.5,45.73,,,,,201.13,202.78,78.62,65.12,,,,,,,,
IMG_0273_specimen_1_TREOBT_NEON.BET.D20.003152.png,coleoptera,train,300.0,56.02,53.1,37.92,83.36,125.27,72.37,58.22,117.1,188.68,43.48,,,,,178.07,176.21,66.93,48.31,,,,,,,,
IMG_0273_specimen_2_TREOBT_NEON.BET.D20.003056.png,coleoptera,train,304.82,64.63,45.96,42.44,135.85,,89.39,57.96,128.56,200.9,49.55,,,,,184.74,183.21,65.1,60.95,,,,,,,,
IMG_0273_specimen_3_TREOBT_NEON.BET.D20.003058.png,coleoptera,train,327.92,66.57,55.36,43.85,147.79,141.74,94.6,68.34,108.67,204.22,48.22,,,,,191.69,188.61,66.62,50.11,,,,,,27.43,,
IMG_0273_specimen_4_TREOBT_NEON.BET.D20.003059.png,coleoptera,train,306.45,61.36,45.38,43.66,149.35,121.18,80.91,65.59,93.53,195.48,43.09,,,,,184.18,188.17,72.36,38.57,,,,,,,,
IMG_0274_specimen_2_TREOBT_NEON.BET.D20.003261.png,coleoptera,train,300.38,64.63,48.54,46.11,,123.68,89.29,57.37,109.98,194.48,56.75,,,,,185.03,184.16,68.15,63.03,,,,,,,,
IMG_0274_specimen_4_TREOBT_NEON.BET.D20.003169.png,coleoptera,train,289.53,61.69,43.76,42.02,129.93,118.65,84.58,56.45,110.1,189.32,43.86,,,,,172.88,174.01,64.42,58.43,,,,,,,,
IMG_0275_specimen_1_TREOBT_NEON.BET.D20.003170.png,coleoptera,train,288.36,61.89,37.65,44.87,,84.77,80.97,56.4,109.17,194.32,44.52,,,,,175.98,174.21,58.74,49.14,,,61.25,23.0,,,,
IMG_0275_specimen_2_TREOBT_NEON.BET.D20.003275.png,coleoptera,train,313.87,63.61,39.13,42.83,142.34,114.49,89.64,68.87,117.84,205.87,50.3,,,,,190.83,192.05,72.4,55.52,,,,,,,,
IMG_0275_specimen_3_TREOBT_NEON.BET.D20.003282.png,coleoptera,train,281.79,56.4,53.63,35.05,115.22,120.5,80.95,54.78,106.22,173.38,52.82,,,,,172.47,171.08,61.17,58.28,,,,,,,,
IMG_0275_specimen_4_TREOBT_NEON.BET.D20.003283.png,coleoptera,train,286.82,60.99,41.34,40.59,113.71,107.45,79.59,56.61,120.76,188.87,42.41,,,,,164.13,172.33,59.11,39.77,,,,,,,,
IMG_0276_specimen_1_TREOBT_NEON.BET.D20.003286.png,coleoptera,train,323.67,64.9,46.98,45.02,,,86.76,64.25,114.44,212.44,53.49,,,,,181.36,180.48,66.38,57.98,,,,43.36,,,72.21,38.15
IMG_0276_specimen_2_TREOBT_NEON.BET.D20.003290.png,coleoptera,train,285.25,58.68,44.03,41.79,124.23,132.64,81.6,50.02,89.05,191.2,45.01,,,,,175.72,175.06,64.55,51.01,,,,,,,,
IMG_0276_specimen_3_TREOBT_NEON.BET.D20.003291.png,coleoptera,train,296.72,62.71,47.22,44.78,141.32,124.23,86.86,59.12,105.85,190.38,63.65,,,,,173.96,184.09,65.89,58.39,,,,,,,,
IMG_0276_specimen_4_TREOBT_NEON.BET.D20.003293.png,coleoptera,train,297.69,58.54,45.95,36.36,125.66,,72.81,58.73,95.75,193.0,61.43,,,,,169.66,174.36,64.32,52.91,,,,,,,,
IMG_0277_specimen_1_TREOBT_NEON.BET.D20.003294.png,coleoptera,train,305.41,60.11,40.86,44.92,127.06,132.94,84.47,60.5,109.87,204.04,59.62,,,,,183.23,184.0,62.25,55.18,,,,,,,,
IMG_0277_specimen_3_TREOBT_NEON.BET.D20.003299.png,coleoptera,train,308.26,64.51,51.37,41.89,142.02,112.79,86.48,61.39,110.56,195.5,52.54,,,,,188.59,187.43,77.18,45.94,,,,,,,,
IMG_0279_specimen_2_MECKON_NEON.BET.D20.001601.png,coleoptera,train,298.14,60.19,27.09,45.44,101.38,143.58,88.44,69.81,135.89,201.24,43.59,,,,,196.29,197.2,76.99,53.15,,,,,,,,
IMG_0280_specimen_1_MECKON_NEON.BET.D20.001604.png,coleoptera,train,329.5,70.47,49.02,47.92,132.51,128.61,92.83,77.23,134.25,203.24,58.98,,,,,193.09,193.43,76.7,66.57,,,,,,,,
IMG_0280_specimen_2_MECKON_NEON.BET.D20.001605.png,coleoptera,train,311.94,69.84,34.6,52.32,127.78,146.48,99.25,71.5,106.54,205.84,66.88,,,,,197.83,196.2,76.25,72.49,,,,,,,,
IMG_0280_specimen_3_MECKON_NEON.BET.D20.001607.png,coleoptera,train,375.34,68.83,64.47,46.83,119.23,103.54,98.08,82.23,132.64,228.63,56.82,,,,,212.21,212.87,84.99,62.71,,,,,,,,
IMG_0280_specimen_4_MECKON_NEON.BET.D20.001610.png,coleoptera,train,342.0,62.13,58.08,41.18,116.58,62.72,85.01,73.41,124.42,210.51,53.06,,,,,192.17,195.08,69.17,71.62,,,,,,,,
IMG_0281_specimen_1_MECKON_NEON.BET.D20.001634.png,coleoptera,train,341.61,69.1,56.94,46.12,139.34,97.49,94.91,73.41,133.09,211.25,54.34,,,,,198.54,201.8,83.32,48.68,,,,,,,,
IMG_0281_specimen_2_MECKON_NEON.BET.D20.001614.png,coleoptera,train,324.28,67.4,62.12,48.8,121.39,122.21,89.01,66.54,125.54,195.63,61.52,,,,,170.56,170.66,76.48,64.31,,,,,,,,
IMG_0281_specimen_3_MECKON_NEON.BET.D20.001615.png,coleoptera,train,359.5,75.79,55.71,51.78,144.11,,97.62,76.49,152.53,227.3,59.96,,,,,200.42,197.67,62.29,83.16,,,,,,,,
IMG_0281_specimen_4_MECKON_NEON.BET.D20.001616.png,coleoptera,train,327.79,70.15,47.37,50.23,126.69,118.18,92.84,72.19,136.42,208.24,52.36,,,,,194.83,201.12,81.93,60.7,,,72.35,23.76,,,77.0,41.84
IMG_0282_specimen_1_MECKON_NEON.BET.D20.001617.png,coleoptera,train,287.71,66.47,15.5,,74.49,133.91,92.47,62.46,109.02,209.76,64.16,,,,,196.88,195.13,64.67,58.62,,,,,,,,
IMG_0282_specimen_2_MECKON_NEON.BET.D20.001630.png,coleoptera,train,299.84,63.54,37.79,44.15,135.12,115.32,86.03,72.31,124.99,189.73,53.1,,,,,187.24,186.09,75.27,63.94,,,,,,,,
IMG_0282_specimen_3_MECKON_NEON.BET.D20.001631.png,coleoptera,train,334.35,70.43,62.24,44.86,146.68,118.19,97.56,77.74,110.64,194.37,65.24,,,,,198.63,196.62,79.55,70.09,,,,,,,,
IMG_0282_specimen_4_MECKON_NEON.BET.D20.001632.png,coleoptera,train,334.57,62.32,53.84,42.07,,90.49,83.78,72.04,110.89,208.69,43.39,,,,,188.4,189.9,78.9,35.34,,,,,,,,
IMG_0283_specimen_2_MECKON_NEON.BET.D20.001635.png,coleoptera,train,324.94,71.64,42.41,49.51,,119.79,94.4,78.12,139.82,204.4,52.66,,,,,201.08,201.64,75.29,63.98,,,,,,,,
IMG_0284_specimen_1_MECKON_NEON.BET.D20.001643.png,coleoptera,train,337.15,72.95,60.52,47.38,66.79,147.13,97.01,79.19,116.27,197.44,52.16,,,,,190.76,188.22,75.52,65.27,,,,,,,,
IMG_0284_specimen_2_MECKON_NEON.BET.D20.001656.png,coleoptera,train,340.6,68.31,51.17,43.99,89.73,119.49,91.62,65.26,130.42,224.17,53.54,,,,,192.71,192.0,75.51,52.69,,,77.25,38.14,,,,
IMG_0284_specimen_3_MECKON_NEON.BET.D20.001657.png,coleoptera,train,291.03,67.44,37.78,46.24,58.97,30.57,88.23,66.51,112.26,186.73,50.7,,,,,176.48,176.2,71.49,60.89,,,,,,,,
IMG_0284_specimen_4_MECKON_NEON.BET.D20.001658.png,coleoptera,train,321.77,69.38,45.41,49.98,107.83,118.65,94.89,70.65,132.19,205.72,56.3,,,,,185.16,186.64,72.93,58.42,,,,,,,,
IMG_0285_specimen_2_MECKON_NEON.BET.D20.001664.png,coleoptera,train,323.95,67.93,47.16,49.63,,115.29,95.62,73.96,133.35,202.84,56.15,,,,,180.86,183.86,76.52,70.75,,,,,,,78.72,38.65
IMG_0285_specimen_3_MECKON_NEON.BET.D20.001665.png,coleoptera,train,334.46,66.4,41.74,42.84,135.41,110.96,89.29,68.2,137.97,224.52,38.4,,,,,202.91,199.92,78.39,58.57,,,,,,,68.16,49.56
IMG_0285_specimen_4_MECKON_NEON.BET.D20.001666.png,coleoptera,train,316.35,66.36,38.46,49.02,119.68,,89.08,70.0,130.12,207.89,29.89,,,,,191.82,194.61,59.06,74.28,,,,,,,59.97,12.1
IMG_0286_specimen_1_MECKON_NEON.BET.D20.001667.png,coleoptera,train,321.44,68.65,40.97,46.99,133.39,63.39,91.44,74.58,146.79,205.89,46.66,,,,,194.83,197.73,68.63,70.85,,,,,,21.8,,
IMG_0286_specimen_2_MECKON_NEON.BET.D20.001668.png,coleoptera,train,,32.31,37.08,,,134.13,61.14,,133.14,,55.06,,,,,181.26,188.55,49.69,83.45,,,,,,,,
IMG_0286_specimen_3_MECKON_NEON.BET.D20.001669.png,coleoptera,train,332.62,71.53,65.84,49.47,101.13,89.93,100.48,78.78,150.45,188.0,59.0,,,,,186.73,177.76,69.92,69.0,,,,,,,,
IMG_0286_specimen_4_MECKON_NEON.BET.D20.001677.png,coleoptera,train,297.23,66.55,30.09,47.5,122.57,107.96,89.57,73.82,129.85,193.32,48.19,,,,,189.27,186.14,69.06,69.63,,,,,,,,
IMG_0288_specimen_2_MECKON_NEON.BET.D20.001679.png,coleoptera,train,307.34,70.04,34.89,47.61,88.56,,97.63,64.94,144.48,207.51,49.59,,,,,196.73,199.38,70.34,69.57,,,,,,,,
IMG_0288_specimen_3_MECKON_NEON.BET.D20.001680.png,coleoptera,train,329.69,70.71,35.46,54.25,125.42,131.55,98.81,73.14,140.79,221.1,49.03,,,,,195.7,198.73,75.62,69.57,,,,,,,68.56,53.81
IMG_0288_specimen_4_MECKON_NEON.BET.D20.001681.png,coleoptera,train,335.55,52.94,55.48,,58.31,104.29,67.65,78.31,122.71,201.76,52.51,,,,,194.59,196.37,71.54,56.74,,,72.13,,,,73.27,52.97
IMG_0289_specimen_1_TREOBT_NEON.BET.D20.001686.png,coleoptera,train,304.22,60.43,38.57,36.81,101.04,129.08,83.81,64.07,105.55,201.58,48.52,,,,,184.71,185.81,65.24,54.96,,,,,,,,
IMG_0289_specimen_2_MECKON_NEON.BET.D20.001688.png,coleoptera,train,328.52,66.19,55.73,46.17,132.51,122.59,88.07,73.86,136.52,198.92,52.1,,,,,199.55,195.79,77.98,58.63,,,,,,,,
IMG_0289_specimen_3_MECKON_NEON.BET.D20.001695.png,coleoptera,train,,,,,66.08,79.16,101.78,,156.02,231.75,58.37,,,,,222.94,224.06,82.73,78.03,,,,,,,,
IMG_0289_specimen_4_MECKON_NEON.BET.D20.001696.png,coleoptera,train,294.97,59.77,49.37,43.71,110.96,91.57,82.42,61.12,,184.48,49.02,,,,,174.55,174.22,64.29,51.89,,,55.3,46.53,,,63.96,44.87
IMG_0290_specimen_1_MECKON_NEON.BET.D20.001697.png,coleoptera,train,326.42,,39.14,,104.3,136.03,83.39,68.9,134.06,218.38,51.42,,,,,193.1,193.14,76.92,53.46,,,80.16,39.46,,,,
IMG_0290_specimen_3_MECKON_NEON.BET.D20.001699.png,coleoptera,train,313.45,58.76,57.1,41.64,116.49,79.67,76.32,68.25,100.24,188.11,42.38,,,,,188.26,187.34,73.1,45.04,,,,,,,,
IMG_0290_specimen_4_MECKON_NEON.BET.D20.001706.png,coleoptera,train,318.22,68.5,28.32,50.2,128.45,92.48,89.93,79.4,133.52,210.51,49.37,,,,,200.25,206.09,72.68,58.2,,,,,,,,
IMG_0291_specimen_1_MECKON_NEON.BET.D20.001707.png,coleoptera,train,326.57,70.06,47.13,51.32,126.95,142.86,100.65,69.78,147.01,209.67,69.3,,,,,203.51,205.6,77.99,65.5,,,,,,,90.94,37.98
IMG_0291_specimen_2_MECKON_NEON.BET.D20.001718.png,coleoptera,train,349.24,72.51,53.82,54.21,143.09,98.36,99.74,80.01,144.63,215.4,54.8,,,,,207.86,209.05,73.92,71.28,,,71.65,42.72,,,,
IMG_0291_specimen_3_MECKON_NEON.BET.D20.001719.png,coleoptera,train,345.93,71.13,58.35,50.42,116.75,145.42,97.15,72.29,141.79,215.29,54.81,,,,,210.45,210.93,76.21,74.56,,,,,,,,
IMG_0292_specimen_1_MECKON_NEON.BET.D20.001724.png,coleoptera,train,318.93,63.97,54.0,47.67,110.7,114.53,82.73,66.64,133.85,198.29,55.56,,,,,190.14,189.59,74.65,56.57,,,,,,,,
IMG_0292_specimen_2_MECKON_NEON.BET.D20.001725.png,coleoptera,train,304.5,66.52,35.91,45.72,131.83,124.58,86.51,69.05,131.91,199.55,44.12,,,,,189.51,193.37,68.96,59.12,,,,,,,70.41,54.07
IMG_0292_specimen_3_MECKON_NEON.BET.D20.001726.png,coleoptera,train,327.29,64.42,38.14,43.01,131.45,86.16,89.48,75.09,136.74,214.06,59.28,,,,,206.03,207.86,79.35,57.36,,,,,,,,
IMG_0292_specimen_4_MECKON_NEON.BET.D20.001727.png,coleoptera,train,331.04,62.68,67.97,42.34,127.69,,81.35,70.49,131.56,192.58,53.3,,,,,174.61,184.75,74.8,49.29,,,,,,,,
IMG_0293_specimen_2_MECKON_NEON.BET.D20.001729.png,coleoptera,train,311.26,65.31,49.0,47.42,116.77,116.0,89.19,65.44,137.68,196.82,59.23,,,,,191.9,193.51,72.13,64.53,,,,,,,,
IMG_0293_specimen_3_MECKON_NEON.BET.D20.001730.png,coleoptera,train,377.82,62.47,79.55,45.23,144.2,,75.43,76.74,,221.54,41.22,,,,,192.28,211.63,77.08,38.52,,,,56.1,,,,
IMG_0310_specimen_4_TREOBT_NEON.BET.D20.002054.png,coleoptera,train,296.05,64.9,38.87,49.49,125.4,108.1,90.84,60.53,127.12,196.65,48.91,,,,,180.67,179.79,68.14,56.2,,,,,,,,
IMG_0311_specimen_1_TREOBT_NEON.BET.D20.002055.png,coleoptera,train,290.63,63.34,22.54,45.85,128.88,146.73,87.16,54.26,119.22,213.83,58.29,,,,,190.28,187.28,69.09,60.34,,,69.91,44.85,,,,40.84
IMG_0311_specimen_3_TREOBT_NEON.BET.D20.002058.png,coleoptera,train,285.03,56.3,38.03,42.72,118.23,80.2,72.02,57.77,104.72,189.23,40.89,,,,,165.31,165.15,62.26,40.91,,,,,,,,
IMG_0311_specimen_4_TREOBT_NEON.BET.D20.002061.png,coleoptera,train,284.85,61.74,33.48,46.22,,140.31,83.33,57.04,124.59,194.33,56.18,,,,,184.44,185.05,59.63,62.87,,,,,,,,
IMG_0312_specimen_1_TREOBT_NEON.BET.D20.002064.png,coleoptera,train,308.03,65.45,41.63,49.16,135.2,140.8,87.85,59.54,129.3,206.85,55.51,,,,,196.56,194.52,65.51,60.62,,,45.53,,,,,
IMG_0312_specimen_2_TREOBT_NEON.BET.D20.002069.png,coleoptera,train,296.33,53.04,56.33,38.62,125.38,113.38,73.16,51.89,100.93,188.11,46.61,,,,,165.14,166.83,61.96,40.15,,,,,,,62.8,35.94
IMG_0313_specimen_1_TREOBT_NEON.BET.D20.002078.png,coleoptera,train,319.73,60.93,52.21,41.13,,117.84,82.68,58.77,118.7,208.76,45.18,,,,,173.99,178.53,64.57,47.88,,,64.34,21.8,,,,
IMG_0313_specimen_2_TREOBT_NEON.BET.D20.002079.png,coleoptera,train,319.5,62.62,38.59,47.02,134.74,101.02,92.02,64.99,131.47,215.91,53.22,,,,,194.77,196.35,75.12,53.83,,,,,,,,
IMG_0313_specimen_3_TREOBT_NEON.BET.D20.002080.png,coleoptera,train,292.9,61.21,42.32,46.68,130.21,139.88,88.33,59.18,130.04,191.4,52.93,,,,,175.45,178.37,64.21,63.89,,,68.68,38.11,,,,
IMG_0313_specimen_4_TREOBT_NEON.BET.D20.002082.png,coleoptera,train,284.71,56.7,44.94,38.55,93.1,77.05,72.5,58.83,94.8,180.95,36.44,,,,,172.04,176.03,64.81,42.02,,,,,,,70.13,38.91
IMG_0314_specimen_1_TREOBT_NEON.BET.D20.002083.png,coleoptera,train,309.04,58.07,54.69,,146.58,93.45,78.16,60.41,102.13,193.94,52.63,,,,,183.49,185.93,68.23,47.34,,,83.16,42.7,,,,42.28
IMG_0314_specimen_2_TREOBT_NEON.BET.D20.002084.png,coleoptera,train,287.86,59.21,29.42,45.17,144.07,112.32,83.96,49.06,117.49,209.39,44.99,,,,,188.98,190.95,70.0,45.98,,,,,,,,
IMG_0314_specimen_3_TREOBT_NEON.BET.D20.002087.png,coleoptera,train,325.95,61.55,67.85,43.61,124.96,118.14,83.96,60.17,121.45,197.94,48.23,,,,,187.38,186.16,70.53,48.47,,,70.49,23.75,,,,45.18
IMG_0314_specimen_4_TREOBT_NEON.BET.D20.002089.png,coleoptera,train,278.68,61.86,24.21,45.75,148.47,133.91,87.21,54.95,100.49,199.52,51.92,,,,,180.42,180.61,61.58,67.26,,,,,,,,
IMG_0315_specimen_1_TREOBT_NEON.BET.D20.002090.png,coleoptera,train,277.6,59.2,24.6,43.18,141.84,145.89,80.52,56.21,107.53,196.79,51.5,,,,,172.26,172.44,55.67,63.94,,,,,,,,
IMG_0315_specimen_2_TREOBT_NEON.BET.D20.002091.png,coleoptera,train,292.0,59.35,34.82,45.03,136.46,134.44,80.76,57.31,121.99,199.87,46.99,,,,,175.41,175.82,63.9,57.62,,,,,,,,
IMG_0315_specimen_3_TREOBT_NEON.BET.D20.002092.png,coleoptera,train,297.62,62.03,23.88,47.71,109.75,87.24,86.88,56.82,,216.92,43.63,,,,,189.18,190.63,70.03,54.76,,,79.22,29.73,,,,
IMG_0315_specimen_4_TREOBT_NEON.BET.D20.002111.png,coleoptera,train,298.49,64.09,30.93,49.25,147.75,138.92,91.45,59.4,,208.16,40.75,,,,,186.19,187.43,74.7,38.66,,,,,,,,48.64
IMG_0316_specimen_3_TREOBT_NEON.BET.D20.002128.png,coleoptera,train,312.39,58.88,48.47,42.15,144.86,74.35,80.61,59.01,121.65,204.91,43.34,,,,,176.34,181.31,63.24,54.72,,,,,,,,
IMG_0316_specimen_4_TREOBT_NEON.BET.D20.002129.png,coleoptera,train,307.34,61.5,42.16,44.26,145.13,117.55,85.34,68.95,119.53,196.23,45.65,,,,,178.38,185.63,70.47,46.14,,,,,,,,
IMG_0317_specimen_2_TREOBT_NEON.BET.D20.002131.png,coleoptera,train,283.44,54.69,33.73,40.18,,128.23,76.02,56.0,112.73,193.71,37.93,,,,,170.53,169.89,59.4,48.28,,,,,,,,
IMG_0317_specimen_3_TREOBT_NEON.BET.D20.002132.png,coleoptera,train,275.32,57.54,25.01,43.37,75.9,125.09,78.24,53.55,117.22,196.75,49.36,,,,,169.38,168.58,58.9,54.78,,,69.54,45.29,,,,
IMG_0317_specimen_4_TREOBT_NEON.BET.D20.002133.png,coleoptera,train,309.89,57.63,35.44,46.49,145.32,109.39,81.61,60.01,121.55,214.45,44.92,,,,,194.4,196.55,71.66,48.32,,,43.13,12.47,,,,
IMG_0318_specimen_1_TREOBT_NEON.BET.D20.002137.png,coleoptera,train,279.59,61.4,23.49,46.16,,91.04,84.4,62.51,139.25,193.59,39.03,,,,,186.91,182.92,67.84,49.6,,,,,,,,
IMG_0318_specimen_2_TREOBT_NEON.BET.D20.002138.png,coleoptera,train,277.71,58.85,24.44,43.68,137.63,135.2,83.87,63.05,93.57,190.23,35.25,,,,,187.25,184.75,72.81,52.56,,,60.82,23.67,,,,
IMG_0318_specimen_4_TREOBT_NEON.BET.D20.002140.png,coleoptera,train,309.28,61.68,44.22,47.51,128.95,154.89,85.73,64.06,103.49,201.0,42.67,,,,,197.4,192.99,78.82,45.95,,,50.25,23.33,,,82.96,49.13
IMG_0319_specimen_1_TREOBT_NEON.BET.D20.002141.png,coleoptera,train,266.69,57.17,34.55,42.73,104.1,101.27,82.59,54.18,113.9,177.96,32.38,,,,,175.22,171.05,63.96,45.92,,,,,,,,28.99
IMG_0319_specimen_2_TREOBT_NEON.BET.D20.002142.png,coleoptera,train,313.78,61.51,43.3,45.31,116.12,145.47,87.03,64.21,129.8,206.28,40.96,,,,,206.57,205.4,75.8,52.22,,,,,,,,
IMG_0319_specimen_3_TREOBT_NEON.BET.D20.002143.png,coleoptera,train,303.17,68.27,47.3,50.04,134.32,90.44,91.95,65.73,122.81,190.15,43.7,,,,,183.12,185.85,69.16,46.39,,,51.86,17.92,,,,55.98
IMG_0319_specimen_4_TREOBT_NEON.BET.D20.002144.png,coleoptera,train,280.01,63.27,40.22,43.7,132.29,106.27,83.55,57.68,109.48,182.11,37.63,,,,,175.37,176.85,73.08,49.65,,,,,,,,37.28
IMG_0320_specimen_1_TREOBT_NEON.BET.D20.002145.png,coleoptera,train,287.17,63.28,38.53,48.15,120.49,113.25,86.69,63.74,126.77,184.9,40.74,,,,,180.57,182.75,65.86,55.14,,,,,,,,
IMG_0320_specimen_2_TREOBT_NEON.BET.D20.002152.png,coleoptera,train,298.48,60.38,32.88,44.19,147.86,137.84,85.47,66.28,125.63,199.32,42.03,,,,,186.84,189.87,69.61,50.32,,,,,,,,
IMG_0320_specimen_3_TREOBT_NEON.BET.D20.002172.png,coleoptera,train,,43.94,,,150.26,99.45,93.2,,128.53,200.61,35.53,,,,,191.38,194.7,74.72,51.95,,,,,,,,
IMG_0320_specimen_4_TREOBT_NEON.BET.D20.002173.png,coleoptera,train,340.86,60.77,50.22,46.76,159.26,132.88,87.9,69.7,130.12,220.94,37.51,,,,,196.38,198.95,70.42,53.36,,,,,,,,
IMG_0321_specimen_1_TREOBT_NEON.BET.D20.002174.png,coleoptera,train,271.7,57.72,31.66,45.88,105.04,87.56,77.95,64.8,109.85,175.24,30.57,,,,,174.96,170.99,60.27,47.04,,,93.61,15.64,,,72.37,39.59
IMG_0321_specimen_2_TREOBT_NEON.BET.D20.002175.png,coleoptera,train,277.38,59.02,37.57,48.03,120.54,,80.27,61.02,122.23,178.79,33.97,,,,,178.85,179.76,72.56,41.85,,,,,,,,
IMG_0321_specimen_4_TREOBT_NEON.BET.D20.002177.png,coleoptera,train,309.9,67.62,51.28,41.67,142.63,129.22,93.53,60.69,130.48,197.94,47.45,,,,,187.61,185.95,65.76,59.59,,,86.69,39.11,,,,
IMG_0322_specimen_1_TREOBT_NEON.BET.D20.002178.png,coleoptera,train,247.6,61.88,30.17,48.14,76.57,91.85,85.03,53.81,119.58,163.62,32.6,,,,,162.2,164.35,60.64,47.28,,,,,,,,
IMG_0322_specimen_3_TREOBT_NEON.BET.D20.002181.png,coleoptera,train,308.9,66.42,38.19,48.98,131.69,137.54,92.16,67.48,133.94,203.23,37.5,,,,,190.77,188.56,73.96,56.45,,,74.24,50.64,,,75.88,46.03
IMG_0322_specimen_4_TREOBT_NEON.BET.D20.002182.png,coleoptera,train,293.75,59.52,30.08,45.55,136.89,88.89,76.61,66.47,124.33,197.19,39.45,,,,,184.2,178.22,71.59,48.34,,,,,,,,
IMG_0323_specimen_2_TREOBT_NEON.BET.D20.002184.png,coleoptera,train,286.14,62.37,32.25,45.74,136.47,104.2,84.2,63.53,129.66,190.36,36.17,,,,,173.12,176.7,66.44,53.65,,,,,,,,
IMG_0324_specimen_1_TREOBT_NEON.BET.D20.002288.png,coleoptera,train,262.32,58.6,18.73,44.77,109.59,111.07,81.39,63.53,107.87,180.06,43.12,,,,,170.22,167.8,67.36,49.56,,,,,,,,
IMG_0324_specimen_2_TREOBT_NEON.BET.D20.002289.png,coleoptera,train,287.47,65.5,26.69,46.59,134.71,115.65,92.49,64.24,121.54,196.53,,,,,,179.05,,63.46,56.24,,,,26.94,,,,48.59
IMG_0324_specimen_3_TREOBT_NEON.BET.D20.002290.png,coleoptera,train,263.64,55.39,31.6,48.76,112.96,97.64,77.26,59.52,93.1,172.52,29.71,,,,,166.44,172.45,64.53,44.06,,,44.53,,,,,
IMG_0324_specimen_4_TREOBT_NEON.BET.D20.002291.png,coleoptera,train,275.32,55.13,22.48,41.67,118.14,78.25,78.06,56.48,111.72,196.36,36.04,,,,,177.41,177.76,64.79,42.42,,,,,,,,
IMG_0325_specimen_1_TREOBT_NEON.BET.D20.002292.png,coleoptera,train,272.12,63.66,16.09,47.88,137.41,139.1,87.86,57.05,115.01,198.98,37.65,,,,,187.25,180.83,69.43,55.41,,,,,,,,
IMG_0325_specimen_2_TREOBT_NEON.BET.D20.002293.png,coleoptera,train,311.36,63.48,38.98,45.68,113.99,128.26,88.78,62.17,111.24,210.21,45.06,,,,,188.51,188.74,70.33,59.56,,,,,,,,
IMG_0325_specimen_4_TREOBT_NEON.BET.D20.002299.png,coleoptera,train,270.07,61.95,23.51,48.84,117.0,132.24,85.18,59.09,107.69,187.47,36.38,,,,,170.78,172.77,66.87,53.43,,,,,,,,
IMG_0326_specimen_1_TREOBT_NEON.BET.D20.002300.png,coleoptera,train,306.46,60.82,37.65,46.24,148.88,130.38,84.56,61.91,120.35,206.9,36.77,,,,,179.36,182.34,65.99,60.85,,,,,,,,
IMG_0326_specimen_2_TREOBT_NEON.BET.D20.002302.png,coleoptera,train,289.76,59.25,28.78,48.72,143.2,129.89,85.56,64.9,105.86,196.08,39.24,,,,,186.71,183.33,71.19,48.05,,,,,,,,
IMG_0326_specimen_3_TREOBT_NEON.BET.D20.002303.png,coleoptera,train,317.07,65.69,45.0,50.05,143.74,116.86,89.1,70.07,129.68,202.0,36.97,,,,,186.29,188.45,67.17,,,,,,,,,49.97
IMG_0326_specimen_4_TREOBT_NEON.BET.D20.002311.png,coleoptera,train,300.7,57.52,45.74,43.75,115.28,121.44,75.15,65.5,107.82,189.46,31.87,,,,,174.62,179.02,67.74,36.34,,,47.06,,,,,
IMG_0338_specimen_1_TREOBT_NEON.BET.D20.002191.png,coleoptera,train,295.88,67.92,30.2,51.95,130.17,145.2,93.08,64.93,123.84,200.75,41.75,,,,,187.02,188.94,64.57,60.18,,,,,,,,
IMG_0338_specimen_2_TREOBT_NEON.BET.D20.002193.png,coleoptera,train,296.72,59.06,27.04,50.51,131.9,105.78,83.61,61.31,99.77,208.37,31.9,,,,,181.52,165.26,68.73,33.51,,,,,,,,
IMG_0338_specimen_3_TREOBT_NEON.BET.D20.002194.png,coleoptera,train,318.09,68.26,52.78,49.72,131.48,98.58,94.24,70.98,119.48,194.33,39.83,,,,,185.58,187.75,70.07,59.62,,,,,,,,
IMG_0338_specimen_4_TREOBT_NEON.BET.D20.002211.png,coleoptera,train,315.51,68.63,48.43,50.65,140.35,113.46,89.05,63.72,122.55,203.37,37.61,,,,,183.88,186.28,68.73,61.27,,,,,,,78.64,37.26
IMG_0339_specimen_1_TREOBT_NEON.BET.D20.002216.png,coleoptera,train,301.4,65.6,35.61,51.15,141.57,145.12,91.1,66.78,121.91,199.0,33.86,,,,,185.31,186.54,64.92,59.91,,,,,,,,
IMG_0339_specimen_4_TREOBT_NEON.BET.D20.002265.png,coleoptera,train,285.27,54.93,31.46,42.33,122.5,124.51,83.85,62.93,103.21,190.89,30.95,,,,,182.78,187.78,72.12,55.54,,,,48.03,,,,
IMG_0340_specimen_1_TREOBT_NEON.BET.D20.002266.png,coleoptera,train,269.97,61.68,37.33,44.23,75.6,109.65,82.52,59.31,109.76,173.33,31.24,,,,,177.57,173.71,69.71,49.88,,,62.19,41.56,,,,
IMG_0340_specimen_2_TREOBT_NEON.BET.D20.002272.png,coleoptera,train,291.61,59.51,28.7,45.51,136.76,110.0,86.27,62.72,126.09,200.19,40.23,,,,,187.61,186.78,68.26,53.76,,,,,,,72.36,32.74
IMG_0340_specimen_3_TREOBT_NEON.BET.D20.002373.png,coleoptera,train,258.61,55.04,35.01,42.81,79.28,138.36,69.91,57.29,101.16,166.32,30.53,,,,,165.33,165.87,65.72,42.45,,,,,,,,
IMG_0340_specimen_4_TREOBT_NEON.BET.D20.002375.png,coleoptera,train,305.96,66.23,26.77,50.38,154.85,,90.73,81.28,122.88,197.91,40.06,,,,,175.11,182.2,66.95,55.04,,,,,,,,
IMG_0341_specimen_1_TREOBT_NEON.BET.D20.002386.png,coleoptera,train,271.77,56.44,37.98,40.85,,,72.27,58.6,108.67,175.19,32.88,,,,,165.06,160.26,54.34,47.7,,,,,,,,
IMG_0341_specimen_2_TREOBT_NEON.BET.D20.002387.png,coleoptera,train,303.16,61.0,58.97,42.65,106.47,132.32,83.68,56.71,120.53,187.49,42.27,,,,,179.19,180.93,64.71,51.63,,,41.69,24.48,,,,
IMG_0341_specimen_3_TREOBT_NEON.BET.D20.002407.png,coleoptera,train,294.02,60.52,48.6,46.15,117.95,134.04,83.09,59.89,124.48,185.53,32.51,,,,,162.64,164.98,62.64,57.1,,,,,,,,
IMG_0342_specimen_1_TREOBT_NEON.BET.D20.002411.png,coleoptera,train,310.82,59.73,41.28,44.77,141.88,133.46,87.59,65.2,124.38,204.33,40.21,,,,,182.83,183.29,71.77,43.38,,,77.71,41.38,,,,
IMG_0342_specimen_2_TREOBT_NEON.BET.D20.002412.png,coleoptera,train,,63.45,24.86,56.6,124.9,117.78,88.96,52.82,,,33.69,,,,,174.03,178.01,67.42,64.9,,,,17.8,,,,
IMG_0342_specimen_3_TREOBT_NEON.BET.D20.002413.png,coleoptera,train,292.23,62.01,45.12,46.53,123.96,136.33,85.56,62.22,108.77,184.9,44.05,,,,,179.77,182.75,61.87,56.17,,,,,,,52.16,48.31
IMG_0342_specimen_4_TREOBT_NEON.BET.D20.002445.png,coleoptera,train,322.26,61.38,62.23,43.84,127.86,103.53,81.53,57.76,129.4,202.26,35.14,,,,,177.02,178.41,70.12,52.44,,,,,,,,
IMG_0343_specimen_1_TREOBT_NEON.BET.D20.002447.png,coleoptera,train,292.96,60.18,35.34,50.16,124.02,109.71,85.25,60.59,100.37,197.03,35.07,,,,,178.55,180.56,67.61,54.74,,,,,,,,
IMG_0343_specimen_2_TREOBT_NEON.BET.D20.002456.png,coleoptera,train,294.96,60.16,27.73,49.23,137.3,76.52,86.18,61.75,112.33,205.47,38.47,,,,,183.81,185.72,65.58,51.52,,,,,,,,50.84
IMG_0343_specimen_3_TREOBT_NEON.BET.D20.002457.png,coleoptera,train,297.99,57.19,46.36,43.01,142.55,128.63,78.11,61.54,108.45,190.1,34.13,,,,,176.75,184.48,64.03,53.13,,,,,,,,
IMG_0343_specimen_4_TREOBT_NEON.BET.D20.002458.png,coleoptera,train,282.09,54.87,48.09,42.16,133.88,125.15,75.83,57.39,106.08,176.6,33.79,,,,,171.24,169.81,64.75,47.08,,,,,,,,
IMG_0344_specimen_1_TREOBT_NEON.BET.D20.002459.png,coleoptera,train,308.45,60.28,41.79,46.08,146.54,126.08,83.26,60.82,135.47,205.84,37.54,,,,,184.0,186.6,62.09,64.31,,,,,,,,
IMG_0344_specimen_2_TREOBT_NEON.BET.D20.002488.png,coleoptera,train,304.86,62.94,29.5,51.17,135.78,120.0,88.54,65.73,132.95,209.62,39.05,,,,,195.14,194.68,69.54,61.84,,,,,,,,
IMG_0344_specimen_3_TREOBT_NEON.BET.D20.002494.png,coleoptera,train,294.83,62.35,46.79,46.27,100.24,88.23,88.2,59.5,125.61,188.54,39.74,,,,,180.42,185.67,60.72,61.82,,,,,,,,
IMG_0344_specimen_4_TREOBT_NEON.BET.D20.002521.png,coleoptera,train,346.61,67.09,50.56,46.83,148.06,116.87,54.22,55.42,123.69,240.63,42.47,,,,,190.78,192.53,67.8,60.47,,,,,,,,
IMG_0345_specimen_2_TREOBT_NEON.BET.D20.002574.png,coleoptera,train,308.81,56.74,51.04,42.17,125.47,119.78,75.55,62.55,114.24,195.22,35.24,,,,,181.68,176.53,68.83,50.2,,,,,,,,
IMG_0535_specimen_2_TREOBT_NEON.BET.D20.002338.png,coleoptera,train,279.22,60.23,26.16,41.77,132.86,99.99,78.3,62.7,105.83,190.36,30.54,,,,,180.35,181.21,67.76,50.28,,,,,,,,
IMG_0535_specimen_3_TREOBT_NEON.BET.D20.002339.png,coleoptera,train,313.65,59.52,30.44,41.53,135.97,106.09,82.47,61.52,110.61,221.68,38.1,,,,,192.6,191.45,71.14,47.59,,,,,,,,
IMG_0536_specimen_2_TREOBT_NEON.BET.D20.002343.png,coleoptera,train,299.54,60.87,48.71,43.65,138.45,128.39,82.59,59.67,113.39,191.16,35.35,,,,,180.63,184.61,71.98,48.87,,,,,,,63.33,34.04
IMG_0536_specimen_3_TREOBT_NEON.BET.D20.002344.png,coleoptera,train,300.06,56.81,48.93,41.59,127.43,117.19,77.3,60.87,104.46,190.25,35.43,,,,,173.76,173.77,66.12,46.98,,,71.35,40.98,,,,
IMG_0536_specimen_4_TREOBT_NEON.BET.D20.002345.png,coleoptera,train,305.44,61.89,47.55,44.62,110.26,118.67,86.34,60.76,115.16,197.12,37.27,,,,,182.15,182.46,68.04,51.97,,,,,,,,
IMG_0537_specimen_1_TREOBT_NEON.BET.D20.002347.png,coleoptera,train,333.81,68.48,47.15,49.81,134.52,158.68,96.48,68.54,113.9,218.11,37.14,,,,,194.72,193.57,78.27,56.56,,,82.98,,,,,40.76
IMG_0537_specimen_2_TREOBT_NEON.BET.D20.002348.png,coleoptera,train,300.91,64.04,39.92,43.96,131.7,,84.78,65.99,114.91,195.0,37.6,,,,,180.43,182.69,74.32,52.93,,,,,,,,
IMG_0537_specimen_4_TREOBT_NEON.BET.D20.002350.png,coleoptera,train,302.04,61.04,36.76,40.88,143.66,142.54,84.58,62.33,115.26,202.96,37.11,,,,,185.16,187.67,66.91,57.27,,,,,,,,
IMG_0538_specimen_1_TREOBT_NEON.BET.D20.002351.png,coleoptera,train,323.91,65.52,43.0,45.21,151.49,143.49,88.62,67.33,130.01,213.58,38.31,,,,,198.02,201.44,73.12,56.35,,,,,,,,
IMG_0538_specimen_3_TREOBT_NEON.BET.D20.002346.png,coleoptera,train,345.39,65.6,42.78,48.89,142.31,111.22,90.45,68.03,108.58,234.57,41.25,,,,,211.29,205.65,78.61,53.13,,,83.76,45.52,,,,51.94
IMG_0538_specimen_5_TREOBT_NEON.BET.D20.003060.png,coleoptera,train,291.78,62.1,26.56,47.62,146.22,113.56,90.04,61.37,118.24,203.86,38.74,,,,,191.92,190.84,72.58,57.89,,,,,,,,
IMG_0539_specimen_1_TREOBT_NEON.BET.D20.003061.png,coleoptera,train,294.58,58.42,45.9,42.03,,128.24,80.23,62.66,106.62,186.01,26.77,,,,,172.13,175.56,67.46,49.67,,,,50.41,,,,
IMG_0539_specimen_2_TREOBT_NEON.BET.D20.003064.png,coleoptera,train,317.52,66.15,33.3,46.99,132.78,137.53,91.26,63.74,125.03,220.48,39.5,,,,,201.42,200.04,73.12,60.47,,,70.64,,,,,
IMG_0539_specimen_3_TREOBT_NEON.BET.D20.003065.png,coleoptera,train,310.46,61.45,57.71,42.87,,100.26,81.54,66.0,103.05,186.75,38.3,,,,,181.07,179.68,70.51,43.86,,,,,,,78.07,40.2
IMG_0539_specimen_4_TREOBT_NEON.BET.D20.003072.png,coleoptera,train,305.24,59.22,47.68,41.54,111.25,119.53,76.94,61.78,102.52,195.79,35.41,,,,,178.22,177.02,69.01,43.92,,,52.19,,,,,
IMG_0540_specimen_1_TREOBT_NEON.BET.D20.003145.png,coleoptera,train,310.17,58.92,39.65,41.45,142.55,127.72,77.66,63.83,105.54,206.69,33.15,,,,,195.3,194.09,68.31,45.73,,,,,,,,
IMG_0540_specimen_2_TREOBT_NEON.BET.D20.003156.png,coleoptera,train,291.56,60.21,36.15,45.48,127.32,127.38,81.34,59.35,113.49,196.06,36.24,,,,,177.6,176.23,64.11,48.23,,,,,,,68.69,42.56
IMG_0540_specimen_3_TREOBT_NEON.BET.D20.003158.png,coleoptera,train,295.77,54.91,46.17,34.99,113.23,100.37,69.76,60.41,96.42,189.19,33.2,,,,,173.45,171.61,66.32,37.39,,,,,,,,
IMG_0540_specimen_4_TREOBT_NEON.BET.D20.003259.png,coleoptera,train,296.17,60.63,38.86,46.2,138.82,126.61,86.42,60.97,109.51,196.34,36.67,,,,,186.48,187.98,65.17,56.28,,,,,,,,
IMG_0540_specimen_5_TREOBT_NEON.BET.D20.003173.png,coleoptera,train,269.45,56.3,38.8,36.67,119.32,102.66,74.03,57.07,107.14,173.58,33.55,,,,,147.87,151.16,57.6,48.35,,,30.5,17.53,,,,
IMG_0541_specimen_4_TREOBT_NEON.BET.D20.003266.png,coleoptera,train,298.39,60.41,37.25,47.12,123.49,117.24,85.87,61.3,122.12,199.84,38.38,,,,,182.82,185.72,68.77,58.18,,,76.98,27.85,,,,
IMG_0541_specimen_5_TREOBT_NEON.BET.D20.003267.png,coleoptera,train,304.39,64.84,42.71,45.91,,,85.76,64.21,112.59,197.47,35.14,,,,,183.52,173.48,60.88,56.31,,,,,,,,
IMG_0542_specimen_1_TREOBT_NEON.BET.D20.003276.png,coleoptera,train,298.84,57.74,43.22,42.22,141.27,86.34,74.58,60.14,102.96,195.49,28.03,,,,,172.9,171.66,64.12,43.34,,,,,,,,
IMG_0542_specimen_2_TREOBT_NEON.BET.D20.003284.png,coleoptera,train,299.67,61.64,38.96,45.03,103.86,111.6,87.98,64.17,111.28,196.53,38.94,,,,,186.91,186.32,69.53,50.98,,,,,,,,
IMG_0542_specimen_3_TREOBT_NEON.BET.D20.003285.png,coleoptera,train,297.29,58.09,45.43,42.75,134.91,117.53,78.27,59.62,98.02,192.25,35.62,,,,,178.84,179.75,67.59,43.62,,,65.06,51.41,,,69.37,45.29
IMG_0542_specimen_5_TREOBT_NEON.BET.D20.003288.png,coleoptera,train,295.18,63.4,36.03,45.91,118.23,95.5,85.36,61.35,106.85,197.81,37.26,,,,,184.93,183.29,65.15,60.0,,,,,,,61.16,21.79
IMG_0543_specimen_1_TREOBT_NEON.BET.D20.003289.png,coleoptera,train,296.45,61.85,36.48,42.88,137.55,145.8,85.25,61.89,114.12,198.08,34.65,,,,,190.71,192.54,69.52,50.76,,,,,,,,42.11
IMG_0543_specimen_3_TREOBT_NEON.BET.D20.003295.png,coleoptera,train,283.45,63.89,41.44,47.09,129.14,106.42,82.9,59.86,105.08,182.15,36.64,,,,,174.98,175.28,61.34,66.41,,,,,,,,49.37
IMG_0543_specimen_4_TREOBT_NEON.BET.D20.003296.png,coleoptera,train,304.45,58.07,52.76,43.79,135.97,118.13,79.61,61.13,113.84,190.56,37.81,,,,,179.07,177.82,63.33,49.11,,,,,,,69.56,41.71
IMG_0544_specimen_1_TREOBT_NEON.BET.D20.003300.png,coleoptera,train,298.95,62.25,36.25,45.71,81.31,131.58,83.41,64.73,116.86,197.97,37.21,,,,,186.57,188.95,73.02,54.04,,,,,,,,
IMG_0544_specimen_2_TREOBT_NEON.BET.D20.003301.png,coleoptera,train,297.62,62.87,38.28,48.89,145.4,117.79,86.72,63.62,113.25,195.73,37.93,,,,,186.51,192.3,69.13,57.01,,,,,,,,
IMG_0544_specimen_3_TREOBT_NEON.BET.D20.003302.png,coleoptera,train,271.81,61.21,30.19,44.0,70.56,81.7,79.74,57.45,98.49,184.17,34.51,,,,,174.98,174.61,68.69,46.89,,,,,,,,
IMG_0544_specimen_4_TREOBT_NEON.BET.D20.003303.png,coleoptera,train,315.18,59.52,48.8,41.88,119.4,113.61,70.87,62.78,92.32,203.61,,,,,,181.52,,66.32,,,,,,,,,
IMG_0544_specimen_5_TREOBT_NEON.BET.D20.003305.png,coleoptera,train,323.16,55.87,53.27,37.04,140.65,106.21,72.64,65.27,111.15,204.62,36.52,,,,,189.41,186.03,69.1,46.54,,,,,,,,
IMG_0545_specimen_1_TREOBT_NEON.BET.D20.001612.png,coleoptera,train,266.79,55.72,45.4,38.06,93.75,104.18,74.68,55.39,102.15,166.01,34.53,,,,,165.88,164.18,64.82,44.92,,,,,,,,
IMG_0545_specimen_2_TREOBT_NEON.BET.D20.001618.png,coleoptera,train,298.45,62.98,51.03,44.21,113.74,118.73,84.84,62.26,116.9,185.16,37.68,,,,,177.39,177.92,65.6,57.55,,,,,,,,
IMG_0545_specimen_4_TREOBT_NEON.BET.D20.001620.png,coleoptera,train,299.61,62.41,39.81,42.84,132.94,118.95,85.59,61.42,109.62,198.39,37.21,,,,,180.17,178.8,65.29,55.37,,,64.14,39.14,,,69.66,32.21
IMG_0546_specimen_1_TREOBT_NEON.BET.D20.001621.png,coleoptera,train,319.78,66.29,39.04,45.43,148.55,121.95,93.71,66.94,118.82,213.8,40.92,,,,,199.96,197.94,69.49,61.4,,,61.48,26.39,,,,
IMG_0546_specimen_3_TREOBT_NEON.BET.D20.001623.png,coleoptera,train,294.5,61.0,41.8,42.53,147.61,131.54,84.9,61.6,92.77,191.1,38.17,,,,,182.02,184.44,64.34,55.95,,,,,,,,
IMG_0546_specimen_4_TREOBT_NEON.BET.D20.001624.png,coleoptera,train,304.96,59.89,51.29,43.9,125.02,116.85,81.24,63.4,110.01,190.27,37.76,,,,,182.57,180.8,68.09,47.01,,,,,,,,
IMG_0546_specimen_5_TREOBT_NEON.BET.D20.001625.png,coleoptera,train,311.22,63.15,44.22,43.76,,118.29,89.87,66.06,106.68,200.94,38.81,,,,,192.77,192.96,69.58,55.76,,,,,,,,
IMG_0547_specimen_1_TREOBT_NEON.BET.D20.001626.png,coleoptera,train,285.03,59.92,24.23,48.19,134.38,130.16,87.72,62.34,97.16,198.45,35.16,,,,,188.63,187.52,65.44,55.39,,,,,,,,
IMG_0547_specimen_2_TREOBT_NEON.BET.D20.001628.png,coleoptera,train,297.54,62.32,50.02,43.16,131.17,139.99,82.97,64.7,110.96,182.82,34.82,,,,,178.68,177.09,64.5,51.46,,,69.76,48.4,,,,
IMG_0547_specimen_4_TREOBT_NEON.BET.D20.001647.png,coleoptera,train,328.19,62.61,48.12,43.86,148.53,108.93,84.9,65.36,110.96,214.71,37.74,,,,,193.65,192.88,64.93,52.56,,,77.28,15.68,,,,
IMG_0548_specimen_1_TREOBT_NEON.BET.D20.001648.png,coleoptera,train,290.62,60.54,35.3,45.58,,120.84,84.2,57.79,105.33,197.52,32.01,,,,,172.06,,63.18,,,,,,,,84.75,
IMG_0548_specimen_2_TREOBT_NEON.BET.D20.001662.png,coleoptera,train,307.7,59.24,43.91,43.88,104.18,134.61,78.81,62.65,111.36,201.14,38.0,,,,,182.56,186.69,71.59,47.65,,,,,,,,
IMG_0548_specimen_3_TREOBT_NEON.BET.D20.001663.png,coleoptera,train,303.68,61.66,46.96,42.64,129.21,127.53,81.24,63.03,113.96,193.69,34.63,,,,,183.12,180.41,67.29,50.49,,,,,,,,
IMG_0549_specimen_2_TREOBT_NEON.BET.D20.001673.png,coleoptera,train,296.91,63.18,47.05,43.51,141.94,133.11,84.03,62.47,109.13,187.39,38.23,,,,,182.47,182.49,71.91,50.37,,,,,,,72.58,
IMG_0549_specimen_3_TREOBT_NEON.BET.D20.001674.png,coleoptera,train,311.25,67.33,41.57,48.21,80.78,134.17,89.36,66.58,105.24,203.1,38.97,,,,,187.37,188.01,70.42,53.33,,,,,,,79.26,56.64
IMG_0549_specimen_4_TREOBT_NEON.BET.D20.001675.png,coleoptera,train,310.86,61.03,47.6,42.07,134.44,104.76,78.67,61.64,100.64,201.62,37.05,,,,,181.3,180.24,67.85,48.12,,,,,,,,41.83
IMG_0550_specimen_1_TREOBT_NEON.BET.D20.001682.png,coleoptera,train,285.12,59.86,44.33,45.38,137.47,120.37,84.38,62.26,105.4,178.53,38.46,,,,,172.11,169.12,61.67,59.62,,,,,,,,
IMG_0550_specimen_3_TREOBT_NEON.BET.D20.001685.png,coleoptera,train,280.76,64.45,30.4,48.06,135.22,129.89,89.42,62.46,113.9,187.9,37.97,,,,,185.96,187.57,69.38,60.27,,,,,,,,
IMG_0550_specimen_4_TREOBT_NEON.BET.D20.001684.png,coleoptera,train,293.4,58.9,38.62,43.96,111.54,100.04,73.96,63.72,119.92,191.06,36.41,,,,,178.73,177.78,63.46,64.25,,,,,,,,
IMG_0551_specimen_1_TREOBT_NEON.BET.D20.001689.png,coleoptera,train,322.52,57.71,46.62,37.69,141.59,132.81,73.84,65.2,99.78,210.7,32.54,,,,,189.78,193.43,72.83,38.85,,,,,,,,
IMG_0551_specimen_2_TREOBT_NEON.BET.D20.001690.png,coleoptera,train,293.87,67.28,35.96,51.02,138.24,103.88,91.51,66.67,113.32,191.24,40.65,,,,,187.17,187.77,71.71,62.28,,,,,,,,
IMG_0551_specimen_3_TREOBT_NEON.BET.D20.001691.png,coleoptera,train,311.1,62.81,48.78,41.63,139.18,132.83,78.54,60.02,113.75,202.3,35.16,,,,,188.21,186.21,70.96,49.79,,,,,,,,38.45
IMG_0552_specimen_1_TREOBT_NEON.BET.D20.001693.png,coleoptera,train,293.18,58.85,35.85,42.15,126.89,103.88,76.15,60.25,99.04,197.08,34.86,,,,,181.56,181.78,67.46,47.19,,,37.23,,,,,
IMG_0552_specimen_2_TREOBT_NEON.BET.D20.001694.png,coleoptera,train,311.67,55.65,51.54,35.23,127.49,128.36,75.45,58.94,112.05,201.19,37.04,,,,,189.92,186.86,70.06,39.1,,,,,,,,
IMG_0552_specimen_3_TREOBT_NEON.BET.D20.001703.png,coleoptera,train,287.73,60.49,33.32,43.64,126.1,129.28,83.93,59.84,112.42,194.56,37.05,,,,,179.89,181.06,69.3,42.84,,,41.73,,,,,48.72
IMG_0552_specimen_5_TREOBT_NEON.BET.D20.001710.png,coleoptera,train,311.5,65.9,61.92,47.03,128.52,127.9,90.56,63.86,114.94,185.71,40.6,,,,,181.22,181.3,63.58,66.29,,,75.74,38.56,,,,
IMG_0553_specimen_1_TREOBT_NEON.BET.D20.001712.png,coleoptera,train,293.18,61.81,38.91,43.54,117.89,138.92,86.92,65.46,113.34,188.81,37.86,,,,,182.09,185.76,65.82,56.8,,,,,,,,
IMG_0553_specimen_2_TREOBT_NEON.BET.D20.001721.png,coleoptera,train,312.33,61.38,39.11,42.75,63.49,137.56,68.3,63.63,107.9,209.59,33.0,,,,,184.44,187.04,72.15,40.24,,,71.13,26.31,,,,38.81
IMG_0553_specimen_3_TREOBT_NEON.BET.D20.001722.png,coleoptera,train,271.05,66.41,53.72,46.65,105.67,63.58,88.38,66.55,116.21,150.77,43.57,,,,,134.19,142.16,69.46,54.63,,,,,,,,
IMG_0553_specimen_4_TREOBT_NEON.BET.D20.001723.png,coleoptera,train,295.27,56.16,29.56,31.78,128.47,86.09,75.96,61.47,101.71,204.24,28.51,,,,,194.8,194.43,72.97,37.88,,,,,,,,
IMG_0553_specimen_5_TREOBT_NEON.BET.D20.001731.png,coleoptera,train,295.64,63.29,25.85,46.21,91.05,122.64,78.1,62.58,111.55,207.21,34.26,,,,,182.22,183.85,72.55,44.5,,,,,,,,
IMG_0554_specimen_1_TREOBT_NEON.BET.D20.001732.png,coleoptera,train,305.43,52.12,38.94,33.78,111.6,94.93,71.89,67.12,86.12,199.37,26.43,,,,,186.15,186.59,63.06,33.02,,,65.84,43.41,,,,
IMG_0554_specimen_2_TREOBT_NEON.BET.D20.001733.png,coleoptera,train,277.49,57.09,45.3,39.77,88.78,95.23,75.38,55.81,105.44,176.38,34.93,,,,,166.59,163.35,60.46,52.2,,,55.55,39.72,,,65.92,47.35
IMG_0554_specimen_3_TREOBT_NEON.BET.D20.001734.png,coleoptera,train,288.75,62.86,31.82,42.78,,135.07,84.65,60.19,109.82,196.73,37.63,,,,,173.83,173.89,71.88,53.36,,,77.82,34.03,,,,
IMG_0554_specimen_4_TREOBT_NEON.BET.D20.001735.png,coleoptera,train,323.98,47.97,55.66,30.91,155.8,152.99,63.22,68.93,103.43,199.38,33.48,,,,,178.75,183.24,70.52,43.21,,,,,,,74.81,37.09
IMG_0554_specimen_5_TREOBT_NEON.BET.D20.001736.png,coleoptera,train,297.14,63.76,57.94,46.13,132.99,123.05,86.72,61.1,116.48,178.1,38.57,,,,,176.34,175.4,65.37,57.22,,,,,,,,
IMG_0557_specimen_1_TREOBT_NEON.BET.D20.001737.png,coleoptera,train,302.81,54.99,58.71,37.93,89.24,68.07,64.56,54.92,87.42,189.18,27.89,,,,,169.08,168.14,59.61,35.05,,,62.17,25.77,,,62.67,48.07
IMG_0557_specimen_2_TREOBT_NEON.BET.D20.001738.png,coleoptera,train,269.35,51.95,35.73,38.58,122.57,82.05,72.23,54.57,101.87,179.04,32.86,,,,,166.77,165.14,64.26,44.69,,,,,,,,
IMG_0557_specimen_4_TREOBT_NEON.BET.D20.001741.png,coleoptera,train,308.76,62.1,54.07,45.4,133.01,138.86,84.63,57.94,88.45,196.75,35.28,,,,,192.08,188.89,70.93,71.17,,,,,,,,
IMG_0557_specimen_5_TREOBT_NEON.BET.D20.001747.png,coleoptera,train,267.57,56.15,43.16,39.14,125.61,98.27,73.0,56.6,98.18,167.81,32.76,,,,,161.4,164.29,61.82,44.51,,,,,,,,
IMG_0558_specimen_1_TREOBT_NEON.BET.D20.001748.png,coleoptera,train,292.78,66.6,33.73,48.17,146.96,127.25,91.63,62.97,111.09,196.07,40.99,,,,,188.21,187.12,72.03,63.96,,,,,,,,
IMG_0558_specimen_2_TREOBT_NEON.BET.D20.001749.png,coleoptera,train,300.64,64.68,35.15,50.04,146.66,126.86,89.23,63.11,91.62,202.38,39.42,,,,,189.36,190.07,65.91,59.32,,,31.22,33.88,,,,32.34
IMG_0558_specimen_3_TREOBT_NEON.BET.D20.001750.png,coleoptera,train,283.69,60.18,39.49,43.89,133.24,114.75,79.61,58.07,97.27,186.13,34.61,,,,,172.7,171.84,59.71,53.91,,,,,,,,
IMG_0558_specimen_4_TREOBT_NEON.BET.D20.001751.png,coleoptera,train,274.04,56.56,42.77,40.7,112.19,124.55,76.0,57.08,98.6,174.19,34.4,,,,,167.08,165.58,59.34,44.92,,,50.77,43.94,,,,
IMG_0559_specimen_1_TREOBT_NEON.BET.D20.001755.png,coleoptera,train,301.48,64.02,46.88,46.21,142.88,129.94,85.06,62.57,112.64,192.02,37.17,,,,,185.68,184.13,70.19,48.81,,,70.28,21.59,,,75.41,54.85
IMG_0559_specimen_2_TREOBT_NEON.BET.D20.001756.png,coleoptera,train,297.58,61.02,37.76,41.91,,100.76,84.52,62.0,114.17,197.82,36.01,,,,,188.72,187.25,66.51,55.14,,,,,,,,
IMG_0559_specimen_3_TREOBT_NEON.BET.D20.001760.png,coleoptera,train,277.53,61.04,18.26,45.98,131.23,87.92,88.29,58.74,112.11,200.53,35.05,,,,,191.67,190.66,70.95,54.6,,,,,,,,
IMG_0559_specimen_4_TREOBT_NEON.BET.D20.001766.png,coleoptera,train,311.08,60.6,46.96,43.31,131.77,107.56,83.87,63.25,120.72,200.87,39.23,,,,,188.19,185.32,69.69,52.48,,,,,,,,43.79
IMG_0560_specimen_1_TREOBT_NEON.BET.D20.001769.png,coleoptera,train,312.27,61.93,32.29,44.48,144.56,103.37,88.5,59.74,130.96,220.25,40.93,,,,,178.78,175.78,69.04,60.01,,,,,,,,40.62
IMG_0560_specimen_3_TREOBT_NEON.BET.D20.001771.png,coleoptera,train,306.9,59.26,43.42,43.17,133.76,142.64,81.06,63.39,116.44,200.09,37.49,,,,,180.01,179.66,65.55,55.25,,,,23.11,,,,43.89
IMG_0560_specimen_4_TREOBT_NEON.BET.D20.001772.png,coleoptera,train,322.05,53.62,61.23,37.26,79.4,117.24,65.83,57.82,111.9,203.0,35.4,,,,,182.12,181.15,67.12,53.83,,,,,,,,
IMG_0561_specimen_2_TREOBT_NEON.BET.D20.001774.png,coleoptera,train,322.26,64.23,47.41,46.89,139.93,144.16,85.28,65.64,128.04,209.21,37.94,,,,,194.02,193.21,70.24,57.58,,,,,,,,
IMG_0561_specimen_3_TREOBT_NEON.BET.D20.001775.png,coleoptera,train,316.7,66.95,39.35,47.78,134.3,102.06,91.91,71.37,109.35,205.98,40.8,,,,,198.01,198.6,75.36,60.46,,,,,,,,
IMG_0561_specimen_4_TREOBT_NEON.BET.D20.001776.png,coleoptera,train,315.49,63.52,43.55,45.38,140.41,114.23,89.1,66.6,127.71,205.35,38.54,,,,,193.73,193.33,66.65,58.98,,,75.77,21.91,,,,
IMG_0562_specimen_1_TREOBT_NEON.BET.D20.001777.png,coleoptera,train,315.9,65.61,39.65,48.97,124.46,125.25,94.12,66.38,121.82,209.87,34.61,,,,,184.97,186.07,72.37,56.41,,,,,,,74.7,56.73
IMG_0562_specimen_2_TREOBT_NEON.BET.D20.001778.png,coleoptera,train,297.81,64.6,37.16,48.54,142.89,150.64,88.99,65.29,121.46,195.37,38.06,,,,,184.65,186.39,66.5,63.96,,,74.84,37.04,,,75.05,44.63
IMG_0562_specimen_3_TREOBT_NEON.BET.D20.001779.png,coleoptera,train,296.32,60.06,40.44,44.53,121.14,125.41,81.68,59.97,112.99,195.91,35.79,,,,,177.0,177.97,60.85,57.1,,,57.12,28.66,,,,45.32
EB6.001.jpg,coleoptera,val,1213.83,271.9,230.1,183.88,677.33,523.82,347.87,214.66,474.83,769.07,149.17,,,,,754.86,753.21,254.94,219.52,,,348.12,305.03,,,371.01,302.56
EB6.01C.jpg,coleoptera,val,154.44,41.12,21.41,19.98,45.11,46.25,34.17,22.78,46.58,110.25,17.68,,,,,98.22,97.3,21.51,23.43,,,39.04,40.56,,,30.66,28.57
EB6.020.jpg,coleoptera,val,150.51,41.55,18.57,20.26,28.21,36.3,37.19,30.73,45.74,101.2,16.13,,,,,97.67,96.75,17.81,26.88,,,32.47,34.78,,,38.78,33.33
EB6.027.jpg,coleoptera,val,257.95,58.47,42.01,28.78,67.58,61.93,56.62,58.73,91.52,157.21,31.79,,,,,151.01,152.58,21.62,64.31,,,,,,,56.99,54.15
EB6.02Y.jpg,coleoptera,val,235.98,45.71,32.04,12.61,93.63,125.69,55.53,53.84,72.66,150.1,23.64,,,,,147.24,145.01,23.14,42.17,,,69.3,68.07,,,54.91,60.14
EB6.03J.jpg,coleoptera,val,133.62,19.14,14.73,9.58,26.74,26.21,28.49,43.4,37.36,75.48,12.72,,,,,73.71,70.1,13.44,,,,,,,,17.64,11.49
EB6.03S.jpg,coleoptera,val,101.47,14.3,17.99,7.53,17.27,23.16,19.76,28.41,28.87,55.07,9.03,,,,,54.47,53.42,8.28,18.84,,,,,,,,
EB6.045.jpg,coleoptera,val,77.13,10.46,11.25,5.56,16.01,17.93,16.5,23.14,21.17,42.73,5.35,,,,,40.14,40.27,6.92,14.28,,,,,,,,11.85
EB6.05M.jpg,coleoptera,val,555.92,121.29,95.88,73.33,236.89,237.62,155.0,110.94,214.55,349.11,65.92,,,,,341.65,344.06,109.26,,,,115.86,100.79,,,111.56,96.51
EB6.05U.jpg,coleoptera,val,605.57,132.14,97.3,90.05,243.37,236.31,155.22,116.0,257.74,392.27,98.07,,,,,395.49,397.28,131.11,119.29,,,138.43,119.74,,,137.1,118.81
EB6.06C.jpg,coleoptera,val,161.61,29.08,28.97,14.19,65.38,63.19,31.79,30.74,56.89,101.9,18.71,,,,,99.06,95.89,15.82,38.27,,,35.26,29.72,,,33.47,28.63
EB6.06L.jpg,coleoptera,val,157.53,27.02,23.42,11.78,71.63,82.62,30.6,30.07,53.06,104.05,16.89,,,,,102.21,101.27,17.4,33.11,,,41.41,35.47,,,33.34,35.51
EB6.06O.jpg,coleoptera,val,158.93,27.44,28.18,11.78,62.95,70.18,30.31,28.92,54.43,101.83,17.13,,,,,96.93,99.34,14.58,37.59,,,37.26,33.07,,,46.07,35.75
EB6.071.jpg,coleoptera,val,156.42,25.95,32.42,11.59,,59.4,29.95,32.07,47.82,91.93,18.39,,,,,91.55,88.01,12.96,29.65,,,32.1,23.32,,,27.98,19.11
EB6.076.jpg,coleoptera,val,103.56,19.22,20.39,9.12,27.74,39.13,23.25,21.86,32.72,61.31,11.38,,,,,61.11,60.58,10.22,21.81,,,20.73,20.39,,,21.52,14.7
EB6.08X.jpg,coleoptera,val,395.91,92.82,52.71,55.02,193.61,186.5,128.33,97.51,162.97,245.69,64.26,,,,,244.78,244.21,75.17,76.91,,,82.89,81.89,,,91.31,78.12
EB6.098.jpg,coleoptera,val,392.65,91.45,51.83,56.32,193.73,185.1,115.11,79.09,160.73,261.73,56.21,,,,,250.19,252.15,79.96,74.81,,,88.4,76.98,,,88.9,80.5
EB6.09A.jpg,coleoptera,val,389.18,86.94,55.31,51.85,182.7,,122.99,81.98,162.88,251.88,65.47,,,,,249.45,251.88,86.72,69.4,,,91.1,76.26,,,95.06,71.51
EB6.09J.jpg,coleoptera,val,393.64,73.61,59.96,57.65,134.33,136.57,108.55,68.89,158.88,264.79,57.91,,,,,259.5,255.44,85.59,71.29,,,81.21,50.47,,,82.15,51.66
EB6.09O.jpg,coleoptera,val,444.09,92.49,80.44,66.27,225.1,,125.08,91.37,177.01,272.28,54.82,,,,,256.99,257.89,88.19,83.35,,,102.92,84.98,,,103.93,84.41
EB6.0OU.jpg,coleoptera,val,440.21,130.25,49.22,80.21,109.06,112.66,201.91,65.06,253.62,325.93,140.31,,,,,338.3,344.15,133.76,120.04,,,,79.82,,,,87.88
EB6.0OZ.jpg,coleoptera,val,455.25,141.25,66.74,75.36,136.97,138.94,195.24,84.92,242.37,303.59,127.99,,,,,324.74,325.28,115.63,126.97,,,72.61,129.47,,,75.75,110.13
EB6.0PK.jpg,coleoptera,val,666.08,179.56,54.1,126.71,167.71,184.11,256.93,108.1,324.42,503.88,154.67,,,,,524.66,525.74,155.98,170.1,,,154.8,197.0,,,149.73,176.79
EB6.0Q3.jpg,coleoptera,val,525.54,144.88,46.67,94.06,146.45,157.42,215.05,99.38,264.17,379.49,113.42,,,,,409.68,403.56,124.22,140.76,,,,,,,100.4,141.58
EB6.0QG.jpg,coleoptera,val,458.38,119.96,42.59,72.02,149.56,161.15,173.71,83.83,212.49,331.96,112.49,,,,,352.59,349.45,102.52,109.61,,,103.16,149.85,,,107.5,131.69
EB6.0QH.jpg,coleoptera,val,457.26,128.63,41.96,77.07,121.87,129.96,167.62,83.07,214.04,332.23,105.83,,,,,348.6,349.09,99.7,113.11,,,99.82,149.88,,,92.71,141.83
EB6.0QY.jpg,coleoptera,val,497.02,140.48,68.78,84.78,163.93,167.44,195.86,66.43,239.86,361.81,111.38,,,,,377.51,375.95,110.71,129.64,,,99.05,137.15,,,96.49,142.66
EB6.0RD.jpg,coleoptera,val,512.61,143.94,43.52,91.54,150.89,159.27,210.73,85.84,254.7,383.25,136.76,,,,,400.75,403.78,131.34,123.28,,,110.98,148.78,,,103.73,132.06
EB6.0RN.jpg,coleoptera,val,461.57,128.59,49.81,83.65,142.3,149.81,186.92,79.72,224.87,332.03,107.82,,,,,349.34,345.43,109.19,116.13,,,95.9,130.63,,,101.29,125.71
EB6.0S1.jpg,coleoptera,val,477.87,137.83,52.98,89.14,137.86,134.49,195.12,84.78,233.84,340.11,127.51,,,,,362.2,361.31,107.82,125.6,,,99.36,143.17,,,91.6,139.29
IMG_0111_specimen_1_MECKON_NEON.BET.D20.000055.png,coleoptera,val,359.38,67.63,43.95,49.4,118.31,119.95,92.06,76.14,143.82,239.29,43.95,,,,,213.85,203.26,76.4,50.52,,,,,,,,
IMG_0111_specimen_3_MECKON_NEON.BET.D20.000060.png,coleoptera,val,396.15,74.76,58.16,53.31,141.86,148.19,101.67,92.28,162.35,245.71,47.02,,,,,242.38,249.65,91.72,66.07,,,,,,,,
IMG_0119_specimen_2_MECKON_NEON.BET.D20.000252.png,coleoptera,val,345.14,67.01,57.2,47.93,142.94,123.78,90.29,77.35,150.58,210.58,40.18,,,,,200.17,194.13,78.21,51.14,,,64.62,61.44,,,,
IMG_0121_specimen_1_MECKON_NEON.BET.D20.000265.png,coleoptera,val,358.91,72.84,36.77,50.39,,129.05,93.95,78.22,148.8,243.93,36.97,,,,,229.77,231.71,77.47,63.44,,,,,,,,
IMG_0123_specimen_1_MECKON_NEON.BET.D20.000300.png,coleoptera,val,306.32,64.36,49.22,43.12,120.1,117.59,87.72,65.67,126.86,191.43,26.81,,,,,181.43,180.06,69.91,47.34,,,67.05,41.1,,,,53.97
IMG_0123_specimen_2_MECKON_NEON.BET.D20.000308.png,coleoptera,val,337.89,69.08,53.87,49.12,117.59,116.05,93.34,73.09,148.48,210.93,40.34,,,,,200.02,204.85,75.31,64.0,,,,,,,,
IMG_0123_specimen_4_MECKON_NEON.BET.D20.000332.png,coleoptera,val,321.43,61.26,42.01,42.21,138.09,121.59,83.1,70.51,,208.91,36.77,,,,,192.93,187.83,77.99,42.22,,,,,,,,
IMG_0125_specimen_3_MECKON_NEON.BET.D20.000374.png,coleoptera,val,346.49,68.31,45.39,49.14,125.86,144.85,90.29,78.99,143.29,222.11,38.18,,,,,215.79,215.18,78.84,56.52,,,74.72,20.56,,,,
IMG_0136_specimen_2_MECKAR_NEON.BET.D20.000701.png,coleoptera,val,491.1,91.57,89.46,60.72,185.48,172.19,120.31,99.26,192.96,302.38,60.58,,,,,295.85,305.66,101.65,90.2,,,,,,,106.51,73.95
IMG_0138_specimen_1_MECKAR_NEON.BET.D20.000830.png,coleoptera,val,504.06,97.72,75.36,62.69,163.8,165.1,104.38,111.38,188.73,317.31,57.24,,,,,315.93,311.65,123.56,49.99,,,,,,,,
IMG_0151_specimen_2_MECDIS_NEON.BET.D20.000579.png,coleoptera,val,280.27,62.48,40.91,46.14,109.0,,81.63,61.55,122.09,177.81,39.4,,,,,175.38,175.76,67.32,50.41,,,,,,,,
IMG_0152_specimen_2_MECDIS_NEON.BET.D20.001366.png,coleoptera,val,249.11,57.9,29.01,42.43,87.47,117.79,75.67,60.32,88.77,159.77,41.88,,,,,161.63,163.13,63.17,47.08,,,,,,,,
IMG_0153_specimen_4_MECDIS_NEON.BET.D20.001466.png,coleoptera,val,264.74,,27.95,,,107.57,76.1,70.18,99.58,166.6,35.7,,,,,164.99,160.92,70.5,39.08,,,,,,,,
IMG_0154_specimen_4_MECDIS_NEON.BET.D20.001495.png,coleoptera,val,278.61,61.57,55.68,42.35,109.6,108.39,83.67,66.6,125.5,156.32,47.43,,,,,162.25,166.83,70.87,56.99,,,,,,,,
IMG_0156_specimen_2_MECDIS_NEON.BET.D20.001504.png,coleoptera,val,300.49,64.09,36.81,45.28,,97.95,88.65,80.96,108.02,182.73,35.24,,,,,182.24,181.99,74.21,51.23,,,71.52,30.03,,,63.67,44.29
IMG_0159_specimen_4_MECDIS_NEON.BET.D20.001645.png,coleoptera,val,269.33,64.49,31.39,46.56,116.91,114.73,84.38,72.8,114.0,165.14,48.17,,,,,170.85,171.77,70.47,58.18,,,,,,,,
IMG_0160_specimen_3_MECDIS_NEON.BET.D20.001650.png,coleoptera,val,276.59,64.7,29.23,46.99,117.83,126.47,83.09,66.27,113.27,181.09,44.03,,,,,169.67,171.99,68.92,53.45,,,,,,,,
IMG_0162_specimen_4_MECDIS_NEON.BET.D20.001714.png,coleoptera,val,278.2,60.06,53.26,45.14,102.54,97.08,78.08,62.16,117.67,162.79,46.01,,,,,156.75,159.46,63.05,58.35,,,,,,,,
IMG_0165_specimen_2_MECDIS_NEON.BET.D20.001873.png,coleoptera,val,290.79,65.7,33.78,45.76,109.36,127.41,88.43,69.58,115.98,187.43,34.03,,,,,186.1,184.95,74.71,48.6,,,,,,,,
IMG_0171_specimen_3_TREOBT_NEON.BET.D20.001891.png,coleoptera,val,273.19,58.81,40.37,44.19,108.03,135.33,81.59,63.1,125.01,169.73,31.72,,,,,168.59,165.23,61.28,45.9,,,,,,,,
IMG_0172_specimen_3_TREOBT_NEON.BET.D20.001902.png,coleoptera,val,285.29,62.22,40.49,44.82,94.63,123.24,83.8,59.68,110.09,185.12,39.3,,,,,181.8,181.37,59.81,54.99,,,,,,,,
IMG_0172_specimen_4_TREOBT_NEON.BET.D20.001904.png,coleoptera,val,312.5,64.53,48.04,45.86,148.43,141.89,86.3,59.36,119.84,205.09,41.01,,,,,187.66,189.13,69.03,55.53,,,,,,,,
IMG_0177_specimen_3_TREOBT_NEON.BET.D20.001938.png,coleoptera,val,,54.55,,,114.54,105.54,76.87,59.51,100.3,183.27,31.39,,,,,179.24,175.79,65.14,43.4,,,,,,,,
IMG_0179_specimen_2_TREOBT_NEON.BET.D20.001976.png,coleoptera,val,298.71,56.95,47.58,38.07,133.7,102.38,71.61,62.22,117.15,188.91,33.37,,,,,176.6,179.02,66.47,37.01,,,,,,,,
IMG_0183_specimen_1_TREOBT_NEON.BET.D20.002003.png,coleoptera,val,,59.26,,,132.66,129.69,81.97,,124.44,184.45,41.13,,,,,182.19,178.36,62.63,50.7,,,,,,,,
IMG_0188_specimen_1_MECBRU_NEON.BET.D20.002124.png,coleoptera,val,376.79,85.01,27.57,57.95,158.92,165.68,122.2,78.1,167.21,271.12,57.34,,,,,249.01,250.88,100.58,71.97,,,97.17,63.69,,,100.51,76.1
IMG_0189_specimen_1_MECDIS_NEON.BET.D20.001525.png,coleoptera,val,275.48,48.02,45.5,,107.78,,63.17,69.39,,160.59,25.42,,,,,179.9,175.04,64.92,35.38,,,,,,,,
IMG_0193_specimen_1_MECRUF_NEON.BET.D20.001422.png,coleoptera,val,,72.59,35.7,49.15,138.24,123.89,92.47,82.72,123.68,,49.11,,,,,210.26,210.48,73.89,63.74,,,,,,,,
IMG_0194_specimen_2_MECRUF_NEON.BET.D20.001545.png,coleoptera,val,353.31,76.12,59.69,52.66,131.71,131.71,104.96,70.78,144.45,222.84,54.09,,,,,221.82,220.54,81.35,68.67,,,80.85,25.44,,,,42.96
IMG_0200_specimen_2_BLAHAW_NEON.BET.D20.001510.png,coleoptera,val,641.35,107.21,99.51,72.48,315.26,298.77,141.17,122.31,228.99,419.53,72.53,,,,,420.32,417.16,132.68,122.02,,,,,,,,
IMG_0232_specimen_4_TREOBT_NEON.BET.D20.001475.png,coleoptera,val,298.27,62.1,26.39,43.76,109.77,,86.94,59.19,133.11,212.69,31.39,,,,,178.37,178.65,65.29,58.82,,,,,,,15.74,24.36
IMG_0235_specimen_3_TREOBT_NEON.BET.D20.001522.png,coleoptera,val,309.88,65.64,56.77,46.92,142.06,145.97,90.98,52.9,118.18,200.21,30.32,,,,,179.09,182.1,63.56,65.08,,,,,,,,
IMG_0237_specimen_3_TREOBT_NEON.BET.D20.001537.png,coleoptera,val,329.88,65.04,53.45,46.07,127.65,,92.9,59.95,117.06,216.48,43.63,,,,,195.52,195.61,70.84,69.42,,,,,,,,
IMG_0240_specimen_4_TREOBT_NEON.BET.D20.001570.png,coleoptera,val,306.07,62.3,42.05,45.81,122.7,129.72,89.82,56.29,149.92,207.73,30.75,,,,,180.12,178.92,62.42,57.0,,,,,,,,
IMG_0246_specimen_1_AGOMUE_NEON.BET.D20.003167.png,coleoptera,val,580.41,114.01,98.39,76.67,284.25,251.92,161.08,116.8,245.42,365.21,96.63,,,,,354.46,346.53,129.25,105.77,,,,,,,,
IMG_0249_specimen_3_MECDIS_NEON.BET.D20.003121.png,coleoptera,val,277.79,57.75,50.22,39.12,128.43,119.58,79.08,60.32,115.16,167.24,47.55,,,,,168.05,172.4,69.94,47.22,,,,,,,,
IMG_0251_specimen_4_MECDIS_NEON.BET.D20.003197.png,coleoptera,val,294.52,64.6,58.16,45.87,126.65,122.55,88.97,57.35,130.6,179.01,55.2,,,,,172.04,169.84,71.06,58.7,,,,,,,,
IMG_0252_specimen_2_MECDIS_NEON.BET.D20.003206.png,coleoptera,val,289.46,66.54,35.07,46.62,,,93.06,69.81,132.78,184.58,51.66,,,,,182.71,183.29,75.86,56.19,,,60.82,17.62,,,,30.74
IMG_0258_specimen_3_MECKON_NEON.BET.D20.003092.png,coleoptera,val,295.49,64.89,23.85,45.8,98.23,117.49,90.89,69.87,124.95,201.76,46.17,,,,,194.7,194.46,80.11,51.63,,,,,,,,
IMG_0259_specimen_1_MECKON_NEON.BET.D20.003098.png,coleoptera,val,353.5,75.31,47.46,54.48,139.3,118.33,99.4,86.92,129.28,219.12,52.11,,,,,221.18,221.18,96.22,65.66,,,,,,,,
IMG_0261_specimen_1_MECKON_NEON.BET.D20.003142.png,coleoptera,val,300.83,69.68,60.28,47.66,108.89,117.61,88.43,68.8,101.58,171.75,57.51,,,,,191.14,192.92,76.09,60.86,,,,,,,,
IMG_0263_specimen_1_MECKON_NEON.BET.D20.003208.png,coleoptera,val,365.21,76.24,55.61,51.9,97.36,116.05,99.29,77.69,146.97,231.91,40.37,,,,,223.91,220.55,86.42,75.15,,25.95,,,,24.09,,
IMG_0266_specimen_2_MECRUF_NEON.BET.D20.003084.png,coleoptera,val,438.23,77.56,81.27,51.18,137.37,129.86,100.88,85.85,163.46,271.12,58.37,,,,,228.0,229.64,69.6,52.97,148.79,31.31,87.07,30.42,,,,
IMG_0267_specimen_3_MECRUF_NEON.BET.D20.003099.png,coleoptera,val,363.42,71.8,67.29,50.99,97.02,88.11,101.23,79.04,142.15,217.09,60.87,,,,,206.22,207.47,85.47,79.32,,,,,,,,
IMG_0267_specimen_4_MECRUF_NEON.BET.D20.003101.png,coleoptera,val,360.36,71.45,66.3,50.35,139.41,127.94,92.21,78.69,127.57,215.37,58.64,,,,,198.52,196.84,84.55,59.28,,,,,,,,
IMG_0270_specimen_1_MECRUF_NEON.BET.D20.003187.png,coleoptera,val,351.29,43.1,31.86,,,122.95,94.78,74.53,145.58,244.9,60.75,,,,,216.11,214.78,84.05,68.57,,,,,,,,
IMG_0274_specimen_3_TREOBT_NEON.BET.D20.003263.png,coleoptera,val,300.22,63.71,29.96,44.93,128.27,144.89,91.56,57.95,120.86,212.31,43.69,,,,,199.37,197.61,70.11,58.79,,,,,,,76.68,30.65
IMG_0277_specimen_4_TREOBT_NEON.BET.D20.003304.png,coleoptera,val,288.91,58.68,42.71,40.98,95.51,88.97,80.28,53.97,105.66,192.24,45.45,,,,,172.58,171.21,58.49,59.37,,,,,,23.04,,
IMG_0279_specimen_3_MECKON_NEON.BET.D20.001602.png,coleoptera,val,297.93,66.41,38.62,47.4,103.87,140.45,92.53,72.42,117.23,186.89,66.29,,,,,183.62,184.86,72.45,64.21,,,,,,,,
IMG_0279_specimen_4_MECKON_NEON.BET.D20.001603.png,coleoptera,val,323.78,71.18,50.49,46.23,143.6,136.53,98.72,75.38,128.13,197.91,66.56,,,,,188.15,187.97,77.05,73.1,,,,,,,,
IMG_0291_specimen_4_MECKON_NEON.BET.D20.001720.png,coleoptera,val,334.87,68.8,50.7,48.29,123.84,103.22,92.62,69.47,142.34,214.71,56.12,,,,,199.31,201.02,79.26,58.38,,,38.39,,,,66.66,
IMG_0310_specimen_2_TREOBT_NEON.BET.D20.002052.png,coleoptera,val,313.32,64.29,47.86,46.66,,137.35,92.64,59.38,118.41,206.09,58.26,,,,,193.64,193.45,71.17,58.68,,,,,,,,
IMG_0310_specimen_3_TREOBT_NEON.BET.D20.002053.png,coleoptera,val,266.73,58.25,23.23,,127.48,114.34,78.4,53.82,114.93,189.68,50.9,,,,,179.73,182.73,68.54,52.13,,,,,,,,
IMG_0316_specimen_1_TREOBT_NEON.BET.D20.002126.png,coleoptera,val,305.62,52.61,54.68,36.98,114.13,125.67,79.67,57.2,125.39,193.75,49.86,,,,,169.61,171.38,62.79,58.83,,,,,,,,46.43
IMG_0317_specimen_1_TREOBT_NEON.BET.D20.002130.png,coleoptera,val,299.36,63.5,48.31,47.58,142.78,108.96,87.09,62.17,119.68,188.88,49.96,,,,,183.29,184.51,69.04,53.22,,,,,,,,
IMG_0321_specimen_3_TREOBT_NEON.BET.D20.002176.png,coleoptera,val,290.48,52.99,39.56,40.96,124.59,94.74,70.63,63.09,120.95,187.82,31.39,,,,,177.65,173.73,63.82,44.81,,,,,,,,
IMG_0322_specimen_2_TREOBT_NEON.BET.D20.002179.png,coleoptera,val,301.85,68.09,31.87,52.57,123.69,75.24,93.35,65.8,121.83,204.18,41.63,,,,,197.84,196.18,58.89,59.15,,,,,,,,
IMG_0323_specimen_1_TREOBT_NEON.BET.D20.002183.png,coleoptera,val,305.6,64.9,40.7,52.02,112.13,114.04,90.05,65.1,129.71,199.81,41.89,,,,,186.77,183.07,66.69,62.63,,,,,,,,
IMG_0323_specimen_4_TREOBT_NEON.BET.D20.002186.png,coleoptera,val,315.14,65.8,35.77,48.73,146.07,137.62,92.94,68.12,118.65,211.25,42.93,,,,,206.48,202.83,72.21,59.64,,,,,,,,
IMG_0339_specimen_2_TREOBT_NEON.BET.D20.002255.png,coleoptera,val,311.52,63.51,51.74,46.56,,,86.32,63.27,110.93,196.51,49.19,,,,,185.48,182.22,71.52,61.36,,,,,,,76.04,48.1
IMG_0345_specimen_1_TREOBT_NEON.BET.D20.002522.png,coleoptera,val,294.68,65.09,55.56,46.58,81.4,123.89,87.67,60.37,104.53,178.75,39.69,,,,,170.13,170.56,61.87,53.03,,,,,,,,
IMG_0538_specimen_2_TREOBT_NEON.BET.D20.002352.png,coleoptera,val,304.96,59.37,42.08,46.6,127.94,93.17,83.13,61.04,114.3,201.84,39.22,,,,,188.01,189.19,66.76,53.35,,,,,,,,
IMG_0538_specimen_4_TREOBT_NEON.BET.D20.003057.png,coleoptera,val,293.99,63.21,43.74,45.67,77.84,128.02,87.11,64.38,112.43,185.86,42.27,,,,,174.48,177.21,67.22,61.08,,,,,,,71.23,
IMG_0541_specimen_2_TREOBT_NEON.BET.D20.003264.png,coleoptera,val,308.86,67.76,44.36,49.74,136.24,112.98,92.62,64.15,112.87,200.35,40.36,,,,,194.78,196.66,70.56,63.85,,,,,,,48.43,17.94
IMG_0541_specimen_3_TREOBT_NEON.BET.D20.003265.png,coleoptera,val,327.45,66.54,37.67,49.16,160.12,110.92,92.38,70.64,113.84,219.13,41.05,,,,,198.93,198.5,68.49,53.42,,,,,,,73.91,34.95
IMG_0542_specimen_4_TREOBT_NEON.BET.D20.003287.png,coleoptera,val,334.46,63.95,45.99,47.31,137.98,140.54,90.52,65.84,115.68,222.63,38.23,,,,,202.68,208.68,72.43,54.54,,,,,,,,
IMG_0543_specimen_5_TREOBT_NEON.BET.D20.003298.png,coleoptera,val,278.53,60.24,46.23,42.61,133.01,101.02,82.78,61.25,103.35,171.05,37.36,,,,,166.08,167.52,66.31,49.85,,,,,,,68.97,35.7
IMG_0547_specimen_3_TREOBT_NEON.BET.D20.001629.png,coleoptera,val,334.33,69.69,47.61,50.88,121.05,114.15,96.32,69.07,115.46,217.65,42.59,,,,,204.49,207.6,67.07,72.31,,,,,,,,20.9
IMG_0548_specimen_4_TREOBT_NEON.BET.D20.001671.png,coleoptera,val,292.01,63.58,50.85,46.62,105.79,97.22,88.12,75.08,91.15,166.08,38.18,,,,,160.82,164.81,72.35,55.76,,,,,,,,
IMG_0550_specimen_2_TREOBT_NEON.BET.D20.001683.png,coleoptera,val,305.01,61.2,27.19,43.27,123.11,148.25,83.32,63.9,114.54,213.92,30.79,,,,,195.34,194.66,74.28,46.05,,,,,,,,
IMG_0551_specimen_4_TREOBT_NEON.BET.D20.001692.png,coleoptera,val,314.37,66.91,31.47,48.47,144.88,129.27,92.1,66.35,120.93,216.55,40.32,,,,,190.74,191.95,64.04,71.02,,,,,,,,
IMG_0559_specimen_5_TREOBT_NEON.BET.D20.001768.png,coleoptera,val,298.72,61.41,44.15,42.79,125.56,116.37,83.77,61.38,105.53,193.19,38.42,,,,,183.2,182.88,69.22,55.01,,,,,,,,
EB6.00F.jpg,coleoptera,test,390.36,65.25,64.01,40.06,169.91,211.98,86.2,64.27,121.75,262.08,46.51,,,,,245.89,242.64,38.93,80.69,,,116.47,72.49,,,117.77,102.88
EB6.00G.jpg,coleoptera,test,355.2,63.06,56.0,40.72,171.43,156.58,87.65,63.93,120.75,235.28,68.18,,,,,235.74,286.49,42.04,77.24,,,104.03,91.01,,,95.33,77.32
EB6.00P.jpg,coleoptera,test,291.05,53.0,41.47,35.68,98.4,114.42,65.18,50.21,103.5,199.36,39.63,,,,,198.21,195.5,39.56,61.97,,,96.46,74.63,,,91.63,66.89
EB6.00X.jpg,coleoptera,test,157.97,40.63,19.53,21.28,36.22,33.94,32.34,27.48,44.04,110.96,19.93,,,,,104.22,104.37,21.43,15.82,,,,,,,19.94,36.51
EB6.01J.jpg,coleoptera,test,155.44,40.78,24.21,19.2,41.6,33.38,32.34,29.77,48.51,101.47,18.09,,,,,93.68,94.06,18.49,19.21,,,35.95,40.86,,,,38.89
EB6.024.jpg,coleoptera,test,150.81,40.16,16.48,16.54,42.49,37.64,42.68,34.87,47.85,99.46,18.05,,,,,96.93,95.1,19.54,26.06,,,36.38,32.06,,,33.36,27.75
EB6.02Q.jpg,coleoptera,test,213.68,53.01,36.65,30.98,46.25,52.27,47.05,48.52,74.57,128.51,25.36,,,,,126.3,127.11,18.03,55.63,,,,,,,,
EB6.02T.jpg,coleoptera,test,214.11,37.99,35.46,20.04,84.91,107.3,48.8,44.86,61.42,133.79,22.91,,,,,132.4,132.73,20.37,33.21,,,62.26,50.64,,,51.2,43.49
EB6.02U.jpg,coleoptera,test,240.3,43.86,40.94,19.15,108.14,109.45,55.78,46.87,72.71,152.48,20.81,,,,,150.4,148.55,18.89,40.25,,,65.01,59.01,,,53.23,41.26
EB6.036.jpg,coleoptera,test,186.39,28.4,32.23,18.8,45.42,39.34,37.52,49.4,45.83,104.76,19.75,,,,,100.13,99.28,14.95,29.99,,,26.86,17.87,,,19.08,23.22
EB6.039.jpg,coleoptera,test,165.44,24.94,17.36,16.58,35.14,34.77,34.45,47.77,41.25,100.31,15.11,,,,,95.94,94.19,13.3,25.62,,,22.32,22.94,,,,
EB6.03U.jpg,coleoptera,test,94.88,13.04,12.08,7.52,19.83,20.53,17.73,28.95,26.96,53.85,10.72,,,,,52.99,51.56,8.67,16.98,,,,13.51,,,,13.91
EB6.05Y.jpg,coleoptera,test,628.21,130.0,99.26,92.26,289.94,289.26,153.07,136.13,246.82,392.83,93.6,,,,,399.15,398.74,120.58,117.55,,,145.13,130.09,,,146.8,100.14
EB6.069.jpg,coleoptera,test,151.69,24.48,25.01,10.22,52.5,58.03,33.77,30.74,49.13,95.93,13.2,,,,,94.16,93.53,12.8,34.27,,,33.58,28.63,,,35.77,24.46
EB6.06P.jpg,coleoptera,test,170.7,26.64,28.77,12.85,82.25,72.14,35.19,31.35,57.01,110.58,20.2,,,,,109.92,107.01,16.93,32.48,,,43.48,38.02,,,41.36,39.13
EB6.084.jpg,coleoptera,test,97.95,18.87,16.89,9.49,35.56,37.86,19.77,19.05,33.23,62.02,10.78,,,,,58.27,58.29,9.07,22.45,,,22.71,18.96,,,27.7,19.68
EB6.08H.jpg,coleoptera,test,107.37,20.26,19.45,6.61,41.84,46.11,24.91,18.99,34.37,68.93,12.12,,,,,65.2,65.97,10.63,22.47,,,22.26,15.87,,,18.18,17.71
EB6.08O.jpg,coleoptera,test,393.4,97.91,47.36,66.09,206.16,167.51,101.33,89.81,161.01,256.23,69.11,,,,,250.43,250.55,78.03,78.59,,,93.06,83.03,,,92.41,79.99
EB6.092.jpg,coleoptera,test,419.49,96.87,65.02,57.99,188.43,195.15,127.35,94.86,,259.62,64.12,,,,,248.9,247.93,79.23,80.81,,,108.24,66.58,,,95.11,75.95
EB6.09H.jpg,coleoptera,test,381.84,74.99,46.7,50.0,135.41,134.94,110.83,75.02,162.14,260.12,56.75,,,,,257.48,259.63,75.72,82.09,,,78.28,51.35,,,84.6,47.61
EB6.09M.jpg,coleoptera,test,357.47,70.98,47.6,50.12,133.3,128.65,106.08,67.59,152.16,242.28,52.7,,,,,238.32,238.83,75.78,73.64,,,71.14,48.84,,,72.58,54.48
EB6.0NU.jpg,coleoptera,test,656.46,207.77,22.91,111.78,129.58,155.91,339.56,95.61,451.35,537.95,,,,,,,,218.48,232.52,,,,172.75,,,140.1,194.84
EB6.0OE.jpg,coleoptera,test,656.51,189.51,43.45,106.14,194.59,185.14,266.05,119.63,337.95,493.43,112.82,,,,,515.68,514.26,169.65,166.97,,,121.65,199.18,,,128.46,197.26
EB6.0OF.jpg,coleoptera,test,642.6,177.98,69.77,111.24,165.62,186.43,252.02,103.7,332.23,469.12,147.6,,,,,496.89,498.36,165.16,169.21,,,135.64,181.98,,,133.7,204.12
EB6.0OQ.jpg,coleoptera,test,447.49,142.73,52.55,87.52,125.19,110.35,201.99,70.27,272.28,324.67,136.71,,,,,343.41,344.38,137.71,136.12,,,73.71,88.02,,,75.34,87.55
EB6.0QC.jpg,coleoptera,test,380.59,115.02,41.49,75.72,114.48,114.4,163.92,69.56,184.96,269.54,97.89,,,,,286.96,289.23,86.32,97.69,,,,93.92,,,,105.79
EB6.0QJ.jpg,coleoptera,test,423.13,122.58,33.76,75.89,134.14,133.43,174.02,76.37,208.87,313.01,95.15,,,,,325.33,329.48,97.75,111.25,,,92.03,96.27,,,87.68,117.45
EB6.0QP.jpg,coleoptera,test,355.74,101.54,35.4,62.12,116.76,111.06,134.01,70.27,166.44,250.07,77.12,,,,,261.98,261.42,86.87,80.32,,,82.52,102.25,,,74.79,105.85
EB6.0R0.jpg,coleoptera,test,515.31,145.86,51.06,96.41,143.03,152.98,203.5,87.03,243.65,377.22,139.97,,,,,396.01,398.15,121.24,122.09,,,110.77,144.61,,,100.94,123.71
EB6.0R8.jpg,coleoptera,test,497.17,137.05,49.29,88.11,106.74,141.31,204.0,85.46,249.75,362.42,132.13,,,,,384.57,385.4,125.09,124.3,,,109.25,147.95,,,97.43,143.26
EB6.0RU.jpg,coleoptera,test,431.6,134.78,49.91,87.93,134.41,134.57,,69.79,212.01,311.9,116.94,,,,,324.87,331.11,98.63,112.91,,,92.04,118.52,,,92.24,119.15
IMG_0113_specimen_2_MECKON_NEON.BET.D20.000103.png,coleoptera,test,345.64,69.14,26.11,29.23,121.15,118.81,98.47,81.27,148.95,238.26,41.36,,,,,226.77,226.99,82.64,60.97,,,99.48,44.57,,,,
IMG_0113_specimen_4_MECKON_NEON.BET.D20.000122.png,coleoptera,test,356.9,67.17,43.38,51.5,132.18,135.36,94.47,86.34,144.99,227.18,41.52,,,,,216.18,218.82,78.55,54.22,,,58.12,,,,,
IMG_0114_specimen_1_MECKON_NEON.BET.D20.000125.png,coleoptera,test,370.02,71.62,49.24,51.37,137.89,149.26,89.38,82.07,146.75,238.71,44.23,,,,,218.24,214.85,80.48,57.36,,,,,,,,
IMG_0115_specimen_2_MECKON_NEON.BET.D20.000146.png,coleoptera,test,359.89,69.17,56.69,47.11,124.23,78.34,86.64,76.27,145.21,226.93,45.57,,,,,219.52,220.92,82.54,57.2,,,,,,,,
IMG_0115_specimen_4_MECKON_NEON.BET.D20.000157.png,coleoptera,test,342.33,58.45,52.64,37.31,143.86,,95.14,81.6,147.22,208.09,39.45,,,,,200.52,198.57,75.5,62.36,,,76.78,36.19,,,80.7,57.79
IMG_0116_specimen_2_MECKON_NEON.BET.D20.000163.png,coleoptera,test,345.79,66.01,49.57,45.57,100.82,121.65,95.62,75.05,130.63,221.18,44.37,,,,,201.36,199.31,72.85,45.46,,,,,,,,
IMG_0118_specimen_3_MECKON_NEON.BET.D20.000224.png,coleoptera,test,337.06,68.77,33.37,52.85,144.54,130.72,89.71,74.88,131.61,228.81,36.03,,,,,208.86,207.0,77.38,44.49,,,,,,,,
IMG_0126_specimen_4_BLAKIL_NEON.BET.D20.000380.png,coleoptera,test,529.06,89.86,103.38,61.77,203.89,201.68,114.15,102.2,,323.48,71.32,,,,,306.61,319.57,117.07,89.15,,,119.53,,,,,
IMG_0128_specimen_4_BLAKIL_NEON.BET.D20.001808.png,coleoptera,test,571.85,101.27,105.72,62.97,248.47,229.93,116.91,112.61,198.77,353.52,63.78,,,,,331.95,330.92,126.37,66.25,,,,,,,,
IMG_0133_specimen_2_BLAHAW_NEON.BET.D20.001644.png,coleoptera,test,623.77,96.83,96.11,63.83,332.42,250.45,126.0,111.57,244.56,416.09,69.85,,,,,419.13,418.95,139.68,71.4,,,,,,,,
IMG_0140_specimen_3_MECRUF_NEON.BET.D20.000347.png,coleoptera,test,,71.71,56.98,46.28,148.94,149.39,101.63,83.77,,,51.96,,,,,215.88,221.16,83.04,75.75,,,,,,,,
IMG_0144_specimen_3_MECRUF_NEON.BET.D20.001637.png,coleoptera,test,343.86,71.29,42.18,53.81,136.65,112.14,97.82,84.4,144.31,217.27,42.87,,,,,215.35,214.35,83.14,58.67,,,,,,,,
IMG_0149_specimen_3_MECBRU_NEON.BET.D20.001954.png,coleoptera,test,360.81,78.99,62.2,55.85,128.2,62.59,108.66,76.79,154.89,221.83,56.82,,,,,219.47,220.02,83.53,72.16,,,,,,,,
IMG_0151_specimen_3_MECDIS_NEON.BET.D20.001044.png,coleoptera,test,271.92,60.19,45.56,42.5,104.62,86.63,81.85,64.74,127.27,161.62,45.33,,,,,159.94,157.58,60.92,59.7,,,,,,,,
IMG_0153_specimen_3_MECDIS_NEON.BET.D20.001463.png,coleoptera,test,299.0,65.71,48.84,44.85,118.85,112.54,86.43,66.46,124.51,183.7,43.34,,,,,181.46,180.99,70.45,53.28,,,,,,,,
IMG_0154_specimen_2_MECDIS_NEON.BET.D20.001487.png,coleoptera,test,288.14,56.11,49.25,38.5,113.98,96.94,78.11,65.83,114.16,173.05,42.59,,,,,171.89,171.9,69.6,43.25,,,,,,,39.33,17.41
IMG_0155_specimen_1_MECDIS_NEON.BET.D20.001496.png,coleoptera,test,296.08,65.2,56.12,44.46,121.11,93.78,86.9,63.72,126.48,176.24,46.09,,,,,173.78,171.6,66.78,60.67,,,,,,,,
IMG_0155_specimen_4_MECDIS_NEON.BET.D20.001502.png,coleoptera,test,282.64,61.56,40.93,42.61,,,82.37,69.34,120.92,172.36,36.18,,,,,175.35,177.08,71.43,49.32,,,66.23,32.5,,,,
IMG_0163_specimen_2_MECDIS_NEON.BET.D20.001716.png,coleoptera,test,271.6,60.15,31.26,44.49,104.02,102.28,83.7,57.21,117.23,183.13,37.43,,,,,166.29,164.27,58.36,60.25,,,,15.95,,,,
IMG_0172_specimen_1_TREOBT_NEON.BET.D20.001898.png,coleoptera,test,255.2,58.45,19.82,44.36,129.41,134.28,80.43,50.68,106.08,184.7,33.04,,,,,172.79,172.24,59.25,48.35,,,,,,,,
IMG_0175_specimen_3_TREOBT_NEON.BET.D20.001922.png,coleoptera,test,282.92,64.38,41.95,44.97,95.2,96.37,87.77,64.65,124.52,176.33,42.57,,,,,176.77,180.04,61.9,53.7,,,,,,,,
IMG_0182_specimen_3_TREOBT_NEON.BET.D20.002001.png,coleoptera,test,303.88,66.51,32.46,44.59,154.13,137.28,89.57,69.15,129.8,202.27,35.83,,,,,189.43,187.78,63.5,55.25,,,,,,,,
IMG_0183_specimen_3_TREOBT_NEON.BET.D20.002005.png,coleoptera,test,290.78,58.86,27.15,,105.58,121.81,82.56,69.63,,194.0,75.31,,,,,182.21,177.47,67.24,,,,,22.87,,,73.86,33.57
IMG_0184_specimen_1_TREOBT_NEON.BET.D20.002008.png,coleoptera,test,305.92,33.2,37.59,44.16,115.23,122.26,81.49,80.07,112.15,188.26,38.38,,,,,171.21,171.92,60.34,51.78,,,,,,,,
IMG_0190_specimen_3_MECDIS_NEON.BET.D20.001273.png,coleoptera,test,293.6,57.2,50.53,38.24,120.22,112.8,73.78,68.44,104.61,174.63,33.45,,,,,161.69,165.43,68.86,39.37,,,,,,,,
IMG_0195_specimen_1_MECVUL_NEON.BET.D20.000676.png,coleoptera,test,317.35,68.96,34.77,46.3,108.35,136.6,89.85,75.81,120.71,206.77,42.62,,,,,201.53,203.25,78.75,59.62,,,,,,,,
IMG_0195_specimen_2_MECVUL_NEON.BET.D20.001101.png,coleoptera,test,409.35,71.8,76.2,42.54,137.94,155.62,94.32,87.36,148.78,245.79,51.04,,,,,241.71,244.35,92.71,60.8,,,99.51,42.22,,,,
IMG_0199_specimen_1_MECPUN_NEON.BET.D20.000319.png,coleoptera,test,352.78,74.46,68.85,53.0,137.0,,111.2,87.49,149.42,196.44,53.86,,,,,216.67,217.67,85.57,72.57,,,,,,,,
IMG_0200_specimen_3_BLAHAW_NEON.BET.D20.001582.png,coleoptera,test,559.82,90.91,83.41,58.2,287.09,,123.84,97.36,202.76,379.05,59.13,,,,,371.64,370.42,121.78,82.38,,,,,,,,
IMG_0203_specimen_2_BLAKIL_NEON.BET.D20.001580.png,coleoptera,test,523.03,89.16,103.85,58.71,,,121.5,96.04,197.32,323.15,71.95,,,,,310.84,309.93,102.2,94.79,,,110.0,40.9,,,,
IMG_0231_specimen_2_TREOBT_NEON.BET.D20.001448.png,coleoptera,test,321.69,67.68,46.07,46.26,120.49,134.18,95.66,60.52,135.21,215.1,40.38,,,,,196.35,193.99,69.76,61.51,,,,,,,,
IMG_0239_specimen_4_TREOBT_NEON.BET.D20.001559.png,coleoptera,test,297.16,63.08,51.6,46.13,131.71,123.79,87.09,59.15,105.86,186.41,38.84,,,,,175.08,172.88,63.71,61.38,,,,,,,,
IMG_0240_specimen_2_TREOBT_NEON.BET.D20.001561.png,coleoptera,test,297.61,55.13,41.34,42.68,,,84.25,51.99,126.59,204.27,38.75,,,,,182.37,183.11,58.72,66.33,,,,,,,64.98,
IMG_0243_specimen_1_TREOBT_NEON.BET.D20.001592.png,coleoptera,test,295.2,59.32,48.65,44.39,115.63,86.9,83.86,51.04,105.96,195.51,25.64,,,,,169.05,167.33,61.65,58.5,,,66.34,46.48,,,,
IMG_0251_specimen_1_MECDIS_NEON.BET.D20.003179.png,coleoptera,test,306.71,62.4,55.2,42.42,118.92,128.28,86.69,68.44,107.85,183.06,41.63,,,,,187.57,185.21,80.04,48.09,,,,,,,,
IMG_0254_specimen_2_MECDIS_NEON.BET.D20.003175.png,coleoptera,test,310.45,61.23,37.42,42.07,100.63,123.99,59.66,52.76,121.56,220.28,52.42,,,,,178.62,179.21,73.96,47.72,,,,,,,,
IMG_0254_specimen_4_MECDIS_NEON.BET.D20.003281.png,coleoptera,test,295.01,64.56,44.82,44.63,118.24,125.47,86.68,67.64,108.6,182.54,42.58,,,,,182.39,180.96,75.3,50.82,,,,,,,,
IMG_0255_specimen_1_MECGAG_NEON.BET.D20.003129.png,coleoptera,test,384.08,85.85,25.22,56.86,113.33,,107.92,87.82,169.1,271.04,59.86,,,,,260.5,260.98,99.09,77.98,,,,,,,,
IMG_0256_specimen_1_MECKAR_NEON.BET.D20.003087.png,coleoptera,test,507.27,103.0,60.5,69.64,181.76,173.48,135.88,104.88,218.42,341.88,82.97,,,,,332.21,328.86,132.72,85.83,,,,,,,,
IMG_0260_specimen_3_MECKON_NEON.BET.D20.003133.png,coleoptera,test,332.57,71.06,52.6,49.14,,133.15,98.73,73.5,144.63,206.47,,,,,,204.36,,82.14,61.98,,,,,,,,
IMG_0268_specimen_2_MECRUF_NEON.BET.D20.003111.png,coleoptera,test,372.94,71.45,76.25,47.11,115.11,118.8,91.11,72.31,124.74,224.38,58.45,,,,,208.35,208.8,90.62,61.89,,,,,,,,
IMG_0271_specimen_2_MECRUF_NEON.BET.D20.003244.png,coleoptera,test,363.73,72.04,58.97,48.15,140.98,132.35,92.63,72.7,109.36,232.06,52.78,,,,,210.74,212.14,88.47,54.01,,,,,,,,
IMG_0274_specimen_1_TREOBT_NEON.BET.D20.003260.png,coleoptera,test,298.76,65.92,37.07,43.64,125.49,127.34,86.01,54.08,94.98,207.61,61.23,,,,,185.64,186.6,60.16,57.46,,,,,,,,
IMG_0277_specimen_2_TREOBT_NEON.BET.D20.003297.png,coleoptera,test,314.63,65.69,41.66,46.8,,144.53,89.89,63.82,117.3,209.15,61.04,,,,,196.33,195.94,71.51,53.22,,,,,,,74.21,30.7
IMG_0279_specimen_1_MECKON_NEON.BET.D20.001600.png,coleoptera,test,377.58,69.08,51.61,45.89,131.74,,91.68,71.21,129.12,254.76,54.08,,,,,194.81,194.7,74.12,60.01,,,74.07,49.72,,,,
IMG_0283_specimen_1_MECKON_NEON.BET.D20.001633.png,coleoptera,test,325.72,65.02,53.98,44.43,110.94,130.81,87.66,63.26,134.81,208.48,41.76,,,,,183.04,184.71,67.01,67.33,,,,,,,,
IMG_0283_specimen_3_MECKON_NEON.BET.D20.001641.png,coleoptera,test,284.28,65.49,22.77,45.1,107.01,136.15,88.83,68.61,129.27,192.9,49.46,,,,,182.34,182.24,71.37,65.85,,,,,130.91,12.15,75.65,43.11
IMG_0283_specimen_4_MECKON_NEON.BET.D20.001642.png,coleoptera,test,295.66,65.29,63.14,43.57,,103.65,85.48,73.71,121.22,158.8,54.0,,,,,147.86,146.56,66.12,67.74,,,,,,13.82,,
IMG_0285_specimen_1_MECKON_NEON.BET.D20.001661.png,coleoptera,test,319.82,67.48,34.75,48.84,136.91,82.47,90.57,72.02,122.44,213.05,48.97,,,,,197.11,185.3,75.52,41.36,,,41.66,20.73,,,,
IMG_0288_specimen_1_MECKON_NEON.BET.D20.001678.png,coleoptera,test,326.99,73.42,32.59,52.18,67.91,108.93,99.61,77.24,143.24,217.16,59.56,,,,,201.28,205.39,76.88,78.9,,,,,,,,
IMG_0290_specimen_2_MECKON_NEON.BET.D20.001698.png,coleoptera,test,314.32,68.93,12.3,53.53,,112.49,99.71,72.42,147.24,229.6,60.96,,,,,212.16,214.32,78.4,63.79,,,79.97,56.03,,,,
IMG_0293_specimen_1_MECKON_NEON.BET.D20.001728.png,coleoptera,test,,71.24,,52.47,102.5,143.0,91.76,70.54,155.34,227.0,53.02,,,,,213.77,218.01,82.43,71.04,,,,,,,,
IMG_0311_specimen_2_TREOBT_NEON.BET.D20.002056.png,coleoptera,test,319.78,67.55,50.26,50.95,153.27,105.68,95.96,61.7,134.0,207.82,64.33,,,,,194.66,195.87,62.18,67.55,,,,,,,,
IMG_0312_specimen_3_TREOBT_NEON.BET.D20.002076.png,coleoptera,test,288.88,60.97,37.81,43.41,135.09,119.33,,71.66,118.93,179.42,47.24,,,,,178.28,182.02,69.9,48.2,,,,,,,,
IMG_0312_specimen_4_TREOBT_NEON.BET.D20.002077.png,coleoptera,test,294.34,61.72,34.9,46.73,100.22,107.2,83.32,59.05,121.75,200.39,51.92,,,,,177.33,177.83,63.29,57.73,,,,,,,,
IMG_0318_specimen_3_TREOBT_NEON.BET.D20.002139.png,coleoptera,test,296.21,62.51,38.82,42.88,100.19,55.91,88.38,64.68,106.77,192.71,37.13,,,,,177.86,179.33,69.71,55.7,,,,,,,,
IMG_0323_specimen_3_TREOBT_NEON.BET.D20.002185.png,coleoptera,test,325.52,45.58,38.88,23.8,96.46,110.55,67.34,68.46,130.95,218.18,38.71,,,,,192.81,195.48,66.93,58.18,,,40.51,27.01,,,,
IMG_0325_specimen_3_TREOBT_NEON.BET.D20.002294.png,coleoptera,test,294.08,66.44,28.69,48.93,140.33,130.08,94.15,58.19,111.62,207.19,33.7,,,,,192.31,190.64,65.56,68.92,,,30.0,,,,,
IMG_0339_specimen_3_TREOBT_NEON.BET.D20.002264.png,coleoptera,test,289.63,59.73,50.78,46.95,141.89,90.22,84.65,63.53,115.97,175.32,34.84,,,,,172.7,172.98,63.83,58.58,,,,,,,,
IMG_0341_specimen_4_TREOBT_NEON.BET.D20.002410.png,coleoptera,test,303.21,61.27,53.23,47.82,109.06,127.0,84.84,62.12,100.36,187.86,35.33,,,,,173.87,176.87,64.99,50.97,,,,,,,,
IMG_0535_specimen_4_TREOBT_NEON.BET.D20.002341.png,coleoptera,test,306.45,58.11,39.28,38.05,138.46,87.12,79.7,61.79,99.36,205.37,36.86,,,,,182.79,184.19,70.25,40.28,,,19.04,14.69,,,,48.32
IMG_0536_specimen_1_TREOBT_NEON.BET.D20.002342.png,coleoptera,test,301.22,58.72,38.97,42.87,119.43,130.76,79.72,59.21,112.11,203.03,34.92,,,,,174.67,174.04,57.29,56.23,,,,28.3,,,,
IMG_0537_specimen_3_TREOBT_NEON.BET.D20.002349.png,coleoptera,test,293.1,59.74,35.06,40.14,130.81,130.81,80.94,60.98,114.07,197.05,34.82,,,,,184.0,184.35,67.69,58.02,,,,,,,,
IMG_0541_specimen_1_TREOBT_NEON.BET.D20.003262.png,coleoptera,test,317.48,61.97,52.47,44.01,133.28,119.92,85.57,64.46,113.46,200.55,40.03,,,,,174.63,178.27,67.51,56.7,,,,50.39,,,,
IMG_0543_specimen_2_TREOBT_NEON.BET.D20.003292.png,coleoptera,test,328.17,67.0,55.31,48.96,122.73,147.75,91.56,67.36,112.24,205.5,40.89,,,,,193.93,194.28,72.15,59.11,,,,,,,,
IMG_0545_specimen_3_TREOBT_NEON.BET.D20.001619.png,coleoptera,test,296.37,62.75,49.53,47.65,135.05,131.23,89.64,63.16,118.54,183.67,39.71,,,,,179.69,178.33,61.52,62.56,,,,,,,46.52,19.05
IMG_0546_specimen_2_TREOBT_NEON.BET.D20.001622.png,coleoptera,test,297.47,61.42,33.73,45.5,64.5,79.91,85.0,61.42,109.01,202.31,37.95,,,,,190.15,187.94,69.26,54.41,,,,,,,,
IMG_0549_specimen_1_TREOBT_NEON.BET.D20.001672.png,coleoptera,test,270.3,55.13,29.92,37.54,119.76,111.07,75.42,59.74,101.03,180.64,32.5,,,,,171.94,173.29,69.52,44.71,,,,,,,,
IMG_0552_specimen_4_TREOBT_NEON.BET.D20.001709.png,coleoptera,test,305.01,62.23,49.16,42.92,138.2,109.39,83.38,58.46,109.44,197.39,34.76,,,,,180.3,182.59,66.35,55.06,,,,,,,,
IMG_0557_specimen_3_TREOBT_NEON.BET.D20.001739.png,coleoptera,test,288.86,60.65,34.83,42.18,135.93,99.5,80.98,58.39,111.97,195.65,36.74,,,,,184.74,187.85,71.64,51.54,,,,,,,,
IMG_0560_specimen_2_TREOBT_NEON.BET.D20.001770.png,coleoptera,test,300.71,61.56,42.29,43.75,123.37,116.22,86.48,58.78,123.0,199.65,37.76,,,,,179.07,178.78,62.13,53.03,,,,,,,,
IMG_0561_specimen_1_TREOBT_NEON.BET.D20.001773.png,coleoptera,test,307.92,61.91,34.53,44.63,,140.6,87.56,64.22,114.67,209.17,32.75,,,,,188.89,187.25,70.58,44.07,,,,,,,,
GAVK.3219.jpg,diptera,train,3071.3,1024.55,551.39,263.02,323.46,365.82,951.43,1229.59,,1290.32,875.39,,,,,2694.58,2707.08,755.76,788.11,,,,,,,,
GJ.1069.jpg,diptera,train,1977.49,884.21,388.9,227.08,256.75,207.27,738.24,895.38,,693.21,782.07,,,,,1686.85,1709.92,563.53,554.14,,,,,,,,
GJ.1070.jpg,diptera,train,1910.42,919.57,430.89,7.62,298.54,284.33,826.7,939.4,,540.13,780.63,,,,,1820.49,1851.7,676.33,673.08,,,,,,,,
GJ.1071.jpg,diptera,train,1815.44,845.77,390.89,15.99,,255.76,781.08,944.17,572.35,480.38,778.35,,,,,1680.6,1691.31,594.61,482.87,,,,,,,,
GJ.1072.jpg,diptera,train,2237.1,786.92,282.04,39.89,223.08,297.97,726.39,1152.13,738.13,802.93,740.3,,,,,1525.78,1568.74,167.95,592.94,,,,,,,,
GJ.1073.jpg,diptera,train,2283.3,929.37,452.77,212.3,227.49,292.14,738.02,1133.49,784.98,697.04,837.68,,,,,1678.1,1645.97,551.02,433.75,,,,,,,,
GJ.1074.jpg,diptera,train,3493.99,1090.31,456.63,,469.61,274.63,1039.47,1663.96,940.96,1373.4,1110.64,,,,,1907.08,1905.81,464.06,644.38,,,,,,,,
GJ.1075.jpg,diptera,train,2249.75,1004.84,537.39,,,315.97,868.74,1193.33,579.99,519.04,877.12,,,,,1716.07,1092.29,542.38,654.0,,,,,,,,
GJ.1076.jpg,diptera,train,2071.91,805.42,263.56,53.8,269.42,222.21,694.37,1182.96,750.31,625.4,780.76,,,,,713.54,1241.71,586.11,125.29,,,,,,,,
GJ.1077.jpg,diptera,train,2883.56,973.68,451.8,7.42,363.92,368.33,817.4,1292.98,748.72,1138.78,916.14,,,,,1611.96,1619.98,105.68,394.66,,,,,,,531.2,343.61
GJ.1078.jpg,diptera,train,2440.9,710.67,292.98,,318.28,209.89,713.65,1173.33,608.38,974.58,729.94,,,,,1559.23,1516.28,227.56,327.97,,,,,,,,
GJ.1079.jpg,diptera,train,3235.11,1148.26,432.64,20.68,,367.16,1025.84,1576.82,938.58,1225.64,1008.44,,,,,2147.78,2250.8,377.97,284.27,,,,,,,,
GJ.1086.jpg,diptera,train,1997.73,606.66,345.62,7.37,234.55,246.47,554.64,759.85,498.41,892.26,517.68,,,,,1344.0,1272.0,479.69,471.79,,,,,,,429.62,426.13
GJ.1088.jpg,diptera,train,2055.38,697.58,290.25,6.86,285.07,293.16,686.09,858.0,694.17,907.13,641.89,,,,,1458.01,1420.19,397.01,460.5,,,,,,,399.19,359.07
GJ.1104.jpg,diptera,train,2575.52,1070.03,540.79,224.96,400.72,407.89,957.07,1331.29,969.64,703.44,966.46,,,,,2261.68,2261.41,774.28,836.77,,,,,,,,
GJ.1105.jpg,diptera,train,,1060.21,542.9,6.67,,360.91,917.91,1315.98,,,954.56,,,,,2071.95,2064.85,711.57,775.95,,,,,,,,
GJ.1106.jpg,diptera,train,3160.24,985.39,457.93,6.29,320.52,370.57,1012.91,1459.74,935.18,1242.57,1034.12,,,,,2501.89,2552.93,801.56,845.79,,,,,,,,
GJ.1107.jpg,diptera,train,3276.14,996.27,492.03,7.81,320.44,275.94,914.43,1568.64,939.28,1215.48,1047.92,,,,,2304.97,2163.24,885.97,607.88,,,,,,,,
GJ.1108.jpg,diptera,train,2774.71,957.85,480.37,3.75,346.12,338.45,896.13,1464.45,902.35,829.89,1007.97,,,,,2306.21,2311.64,877.63,745.91,,,,,,,,
GJ.1109.jpg,diptera,train,3313.4,1017.15,410.33,186.17,326.59,294.77,961.2,1492.3,1014.18,1410.77,1045.14,,,,,2506.9,2511.04,931.3,540.9,,,,,,,,
GJ.1110.jpg,diptera,train,3607.05,993.8,378.58,203.02,286.71,254.05,935.12,1557.21,1131.01,1671.25,971.4,,,,,2420.94,2517.92,902.65,920.94,,,,,,,,
GJ.1111.jpg,diptera,train,,1026.21,424.21,,334.89,311.49,,,,,,,,,,,,,,,,,,,,,
GJ.1113.jpg,diptera,train,3284.38,1030.07,518.01,193.09,272.96,315.09,1016.83,1553.31,1058.15,1213.06,976.77,,,,,2347.88,2389.54,943.31,916.96,,,,,,,,
GJ.1114.jpg,diptera,train,3506.57,1006.3,554.76,3.2,40.91,28.57,1151.43,1616.11,1042.54,1335.7,1064.67,,,,,2525.1,2532.34,976.99,1005.6,,,,,,,,
GJ.1118.jpg,diptera,train,3553.28,1013.02,554.83,,146.03,110.65,1040.23,1561.32,1106.42,1437.13,1143.99,,,,,2529.09,2478.49,822.94,906.11,,,,,,,,
GJ.1144.jpg,diptera,train,2875.7,898.92,455.88,14.41,263.52,218.66,831.31,1213.94,850.06,1205.88,911.76,,,,,1943.57,1940.96,586.64,727.24,,,,,,,,
GJ.1145.jpg,diptera,train,2766.02,794.53,358.53,,175.36,116.27,720.42,1133.02,755.03,1274.46,761.75,,,,,1843.29,1877.55,396.65,435.71,,,,,,,,
GJ.1146.jpg,diptera,train,3541.59,994.07,617.46,256.73,325.24,318.82,1046.24,1560.3,1065.46,1363.84,1049.79,,,,,2265.38,2057.17,522.73,648.2,,,,,,,,
GJ.1147.jpg,diptera,train,2915.94,740.29,532.3,,,228.44,878.8,1169.02,873.51,1214.61,911.13,,,,,1741.04,1023.39,294.22,852.37,,,,,,,,
GJ.1169.jpg,diptera,train,2281.34,355.04,508.62,9.53,57.12,40.94,655.24,983.33,669.28,789.38,,,,,,1367.45,,378.99,293.55,,,,,,,,
GJ.1170.jpg,diptera,train,1936.78,828.45,512.81,171.87,,,756.15,941.45,776.37,482.51,777.83,,,,,1600.86,1581.19,306.88,307.81,,,,,,,,
GJ.1172.jpg,diptera,train,2170.83,815.39,447.69,10.43,,,783.53,1028.24,787.54,694.91,822.24,,,,,1184.89,1203.58,254.76,190.84,,,,,,,,
GJ.1175.jpg,diptera,train,2220.3,764.53,451.89,104.69,162.63,112.08,801.7,1055.02,906.0,713.38,817.82,,,,,1450.85,1293.66,421.06,234.99,,,,,,,,
GJ.1176.jpg,diptera,train,1991.18,623.08,356.31,6.91,137.48,,636.46,895.69,702.03,739.18,650.57,,,,,1409.34,1294.76,123.25,46.17,,,,,,,,
GJ.1178.jpg,diptera,train,1710.51,786.73,264.75,10.24,,,740.03,967.87,802.74,477.89,704.93,,,,,1510.9,1502.27,482.49,445.12,,,,,,,,
GJ.1179.jpg,diptera,train,3929.65,1046.37,360.13,106.13,,,941.59,1609.16,1034.78,1960.36,1102.47,,,,,2005.83,2047.72,325.58,482.32,,,,,,,,
GJ.1181.jpg,diptera,train,3447.76,1131.12,711.02,255.91,,241.64,989.56,1371.42,1120.25,1365.32,1057.39,,,,,1942.95,1891.23,839.43,480.93,,,,,,,,
GJ.1182.jpg,diptera,train,3147.78,997.21,515.71,42.5,178.79,164.09,894.76,1411.86,971.66,1220.21,914.27,,,,,2187.95,2248.27,402.33,180.8,,,,,,,,
GJ.1197.jpg,diptera,train,3294.4,905.48,409.01,87.24,,227.72,909.34,1434.6,924.99,1450.78,875.81,,,,,2092.6,2195.1,381.52,526.1,,,,,,,,
GJ.1198.jpg,diptera,train,2922.85,878.6,329.02,104.23,160.72,,842.76,1301.54,829.03,1292.3,822.94,,,,,2033.79,2037.26,580.97,597.16,,,,,,,,
GJ.1199.jpg,diptera,train,,1023.38,488.56,202.3,124.17,87.5,1019.07,1226.23,,,955.88,,,,,2340.43,2296.55,818.58,901.58,,,,,,,,
GJ.1201.jpg,diptera,train,,813.93,279.01,56.62,,,871.81,1237.82,,,956.07,,,,,2219.66,2174.33,761.26,892.13,,,,,,,,
GJ.1202.jpg,diptera,train,2407.55,788.21,273.86,53.65,,,828.63,1170.89,,962.79,842.98,,,,,2256.69,2152.93,,856.04,,,,,,,,
GJ.1208.jpg,diptera,train,3196.93,1108.79,488.29,233.32,136.16,168.57,1088.45,1501.95,1074.32,1206.69,1130.97,,,,,2778.44,2777.93,1029.85,992.96,,,,,,,,
GJ.1209.jpg,diptera,train,3642.61,1080.51,479.69,55.1,,,1094.15,1482.94,1088.47,1679.98,1139.02,,,,,2753.99,2152.18,1114.04,646.32,,,,,,,,
GJ.1216.jpg,diptera,train,2533.19,717.41,257.22,64.73,,,737.35,934.15,697.33,1341.82,736.34,,,,,1932.51,2034.07,306.98,514.95,,,,,,,,
GJ.1218.jpg,diptera,train,4166.21,,380.33,71.04,,,1307.79,1808.46,,1977.42,1239.68,,,,,3328.65,3233.08,815.33,466.68,,,,,,,,
GJ.1219.jpg,diptera,train,2132.0,869.36,333.15,164.86,117.69,97.62,757.03,1170.06,821.58,628.79,793.68,,,,,2184.51,2170.16,791.28,283.5,,,,,,,,
GJ.1221.jpg,diptera,train,,760.41,361.74,10.7,,,799.87,1164.88,,,898.03,,,,,2229.25,2216.2,910.03,,,,,,,,,
GJ.1222.jpg,diptera,train,2662.26,790.11,269.98,26.59,,,849.29,1061.41,,1330.87,807.12,,,,,2010.14,2286.48,550.31,777.58,,,,,,,,
GJ.1230.jpg,diptera,train,2946.39,815.17,310.66,96.71,,174.95,785.96,1244.51,,1391.22,898.91,,,,,2320.42,2347.63,,915.47,,,,,,,,
GJ.1231.jpg,diptera,train,,1064.12,311.79,92.27,,111.38,1048.88,1597.78,,,1107.63,,,,,2996.41,3069.56,,1161.45,,,,,,,,
GJ.1232.jpg,diptera,train,4044.55,1030.06,391.69,56.04,,,969.01,1590.78,,2062.07,1092.55,,,,,3359.74,3338.08,1228.0,,,,,,,,,
GJ.1233.jpg,diptera,train,3844.82,1106.12,563.53,59.8,,,1050.94,1595.72,,1685.58,1241.64,,,,,2974.93,3116.05,1172.63,1215.08,,,,,,,,
GJ.1234.jpg,diptera,train,3660.93,1017.42,447.4,52.47,242.29,180.27,913.91,1407.06,,1806.48,980.02,,,,,2598.08,2653.09,734.34,,,,,,,,,
GJ.1235.jpg,diptera,train,,1051.2,348.84,201.52,,,1028.12,1441.42,,,1049.63,,,,,2566.06,2631.95,857.84,,,,,,,,,
GJ.124.jpg,diptera,train,2326.45,682.97,266.32,52.04,167.45,163.96,497.57,772.02,417.86,1288.11,481.13,,,,,1579.26,1712.28,234.99,232.55,,,,,,,187.17,188.31
GJ.1343.jpg,diptera,train,3520.69,1233.5,526.78,257.19,,,1090.5,1331.01,1168.64,1662.9,1032.49,,,,,2389.21,2262.45,703.46,166.91,,,,,,,692.67,646.27
GJ.1447.jpg,diptera,train,4209.57,1726.87,897.04,132.55,,,1767.87,2073.09,2066.23,1239.44,1894.78,,,,,4184.89,4281.25,1261.55,1453.54,,,,,,,,
GJ.1802.jpg,diptera,train,1980.06,842.92,394.62,9.54,719.36,699.08,617.3,1041.17,779.47,544.28,767.15,,,,,2064.58,2033.97,470.95,493.67,,,,,,,,
GJ.1803.jpg,diptera,train,2240.98,805.61,296.32,1.73,,,787.4,1038.78,845.89,905.88,771.5,,,,,1787.25,1813.49,,591.22,,,,,,,,
GJ.1807.jpg,diptera,train,3797.54,1449.48,539.61,253.86,,,1395.12,1977.88,1594.25,1280.05,1434.53,,,,,3312.44,3378.69,814.05,1122.99,,,,,,,,
GJ.1810.jpg,diptera,train,3415.42,1485.03,826.48,6.05,184.88,197.95,1472.9,1868.6,,720.34,1491.33,,,,,2826.3,2806.18,,1026.96,,,,,,,,
GJ.1812.jpg,diptera,train,4010.48,1500.77,743.98,5.92,284.29,271.9,1412.48,1992.56,1496.63,1273.94,1470.4,,,,,2773.2,2893.89,975.39,1068.34,,,,,,,,
GJ.1813.jpg,diptera,train,3736.46,1482.41,730.66,10.01,362.31,282.86,1400.49,1968.73,,1037.07,1491.66,,,,,2787.72,2862.99,743.19,1000.59,,,,,,,,
GJ.1814.jpg,diptera,train,,1508.5,637.54,15.22,,,1456.28,2004.16,,,1505.06,,,,,3433.88,3454.67,1226.74,,,,475.89,292.34,,,,
GJ.1815.jpg,diptera,train,3567.97,1515.14,753.82,267.8,95.09,130.63,1507.66,1970.17,,843.98,1611.51,,,,,3038.97,1703.73,966.73,1883.01,,,,,,,,
GJ.2007.jpg,diptera,train,4584.8,2137.73,1094.65,719.4,,,1868.85,2371.33,2206.69,1118.82,1965.59,,,,,3286.87,3722.0,695.43,1323.06,,,,,,,,
GJ.2009.jpg,diptera,train,4580.59,2142.27,919.0,393.16,,,1832.64,2285.55,2164.14,1376.03,1838.55,,,,,3614.4,3455.83,1167.3,1062.7,,,,,,,,
GJ.2011.jpg,diptera,train,5832.42,1988.59,482.97,296.93,,,1649.76,2388.86,1837.18,2960.59,1710.91,,,,,4200.96,4371.89,882.25,1448.59,,,,,,,,
GJ.2012.jpg,diptera,train,6135.28,2040.91,663.12,145.25,,,1848.46,2636.88,2014.41,2835.28,1979.27,,,,,4557.46,4148.41,1328.29,1547.63,,,,,,,,
GJ.2014.jpg,diptera,train,4976.28,1890.96,778.45,555.59,,,1737.78,2234.11,2144.58,1963.71,1844.25,,,,,4087.94,4256.36,976.12,1042.18,,,,,,,,
GJ.2052.jpg,diptera,train,1496.48,606.27,310.52,12.59,117.29,120.04,527.32,785.7,821.71,400.26,510.94,,,,,1591.12,1611.61,587.9,421.82,,,,,,,,
GJ.2054.jpg,diptera,train,2039.46,680.75,424.42,4.68,149.99,156.37,662.14,843.0,791.24,772.05,619.58,,,,,1771.8,1742.28,503.4,263.64,,,,,,,,
GJ.2055.jpg,diptera,train,2148.67,755.15,480.3,5.78,175.7,190.81,741.04,887.46,859.77,780.91,764.21,,,,,1784.02,1725.12,107.23,121.11,,,,,,,,
GJ.2068.jpg,diptera,train,1808.33,763.89,367.3,209.67,705.14,698.63,554.69,821.06,850.47,619.98,631.84,,,,,1802.95,1680.41,424.24,345.02,,,,,,,,
GJ.2104.jpg,diptera,train,3489.92,1509.03,688.83,359.03,380.43,383.61,1266.79,1816.42,1725.04,984.67,1219.67,,,,,4260.84,4558.7,1493.41,585.66,,,,,,,,
GJ.2107.jpg,diptera,train,2642.57,995.77,428.91,6.91,,,888.94,1332.44,776.35,881.22,910.12,,,,,2777.73,2856.35,631.21,516.62,,,,,,,,
GJ.2109.jpg,diptera,train,2857.87,966.68,293.03,8.79,,,875.38,1323.97,915.43,1240.86,950.55,,,,,2858.17,2739.43,891.23,834.54,,,,,,,,
GJ.2110.jpg,diptera,train,2732.06,965.12,442.89,248.44,,,847.65,1263.48,1150.65,1025.69,948.19,,,,,2293.02,2419.48,371.28,415.43,,,,,,,,
GJ.2111.jpg,diptera,train,2260.1,829.32,245.25,7.55,,,800.55,1221.04,780.83,793.81,866.35,,,,,2452.43,2485.41,801.46,708.75,,,,,,,,
GJ.2112.jpg,diptera,train,2139.54,795.92,205.42,8.64,,,773.73,1158.68,865.27,775.44,735.91,,,,,2385.5,2101.43,650.93,335.25,,,,,,,,
GJ.2413.jpg,diptera,train,3935.48,1162.91,577.23,12.89,192.12,,971.87,1617.87,767.72,1740.38,879.1,,,,,3137.75,3098.15,641.2,716.88,,,,,,,,
GJ.2414.jpg,diptera,train,4052.46,1175.48,570.82,15.89,,192.16,1038.77,1616.2,794.36,1865.44,943.15,,,,,3232.34,3234.06,398.12,761.81,,,,,,,,
GJ.2415.jpg,diptera,train,3617.59,1098.52,531.72,0.0,,196.05,969.72,1572.61,733.04,1513.26,866.22,,,,,3153.91,3147.74,116.66,605.86,,,,,,,,
GJ.2416.jpg,diptera,train,3580.09,1032.27,429.23,8.27,,,841.08,1430.8,677.39,1720.06,764.32,,,,,2656.7,2572.24,841.24,306.01,,,,,,,,
GJ.2427.jpg,diptera,train,,1206.23,592.6,261.78,218.55,237.7,927.37,1445.34,,,827.59,,,,,4184.24,3839.41,676.76,117.52,,,,,,,,
GJ.2447.jpg,diptera,train,3676.73,1023.74,467.73,8.38,122.15,167.66,865.16,1460.2,592.53,1748.81,841.21,,,,,2836.65,2816.37,446.28,421.32,,,,,,,349.87,586.23
GJ.2460.jpg,diptera,train,3567.48,1012.36,767.74,,,267.06,1120.69,1391.55,1634.67,1408.18,1118.51,,,,,3600.05,3679.13,550.04,345.35,,,,,,,,
GJ.2476.jpg,diptera,train,3071.66,1460.38,652.98,4.0,,,1401.6,1447.83,1699.14,970.85,1307.66,,,,,3206.12,3259.66,1000.2,954.33,,,,,,,,
GJ.2481.jpg,diptera,train,4346.59,1318.83,603.75,272.47,279.04,168.23,909.89,1559.34,1005.08,2183.5,970.98,,,,,2932.32,3027.76,175.99,173.78,,,,,,,,
GJ.2505.jpg,diptera,train,3249.99,1091.25,487.55,0.0,235.56,186.52,1128.41,1461.14,1117.63,1301.3,1017.12,,,,,1554.61,2393.02,863.84,874.54,,,,,,,,
GJ.2506.jpg,diptera,train,4582.66,1419.23,556.95,51.59,,,1256.51,2077.29,1256.64,1948.42,1243.69,,,,,3273.92,3229.73,1083.58,1042.16,,,,,,,,
GJ.2507.jpg,diptera,train,3910.49,1212.65,484.35,55.28,269.07,,1000.31,1734.32,1177.58,1691.81,1065.58,,,,,2816.65,2952.0,729.39,467.92,,,,,,,,
GJ.2508.jpg,diptera,train,4214.94,,694.91,,170.72,,1077.98,1485.33,1116.22,2034.7,1150.71,,,,,2668.58,2754.01,290.55,830.15,,,,,,,,
GJ.2510.jpg,diptera,train,3346.19,1077.01,464.98,15.15,270.24,239.38,1067.4,1469.69,1132.1,1411.52,1043.33,,,,,2256.95,2331.14,634.32,664.01,,,,,,,,
GJ.2511.jpg,diptera,train,3176.59,947.94,362.0,201.85,183.87,,939.66,1406.09,1042.29,1408.5,847.55,,,,,2266.76,2275.15,565.51,621.03,,,,,,,,
GJ.2512.jpg,diptera,train,2479.92,894.08,354.33,175.75,212.99,171.23,856.55,1190.86,948.32,934.74,771.7,,,,,2124.84,2144.8,649.08,602.26,,,,,,,,
GJ.2514.jpg,diptera,train,3589.93,1110.06,486.0,7.92,292.13,202.4,1165.03,1578.29,1059.73,1525.65,1105.93,,,,,2655.04,2722.44,484.74,430.44,,,,,,,,
GJ.2515.jpg,diptera,train,3400.14,939.71,397.38,13.13,231.95,195.63,988.19,1278.55,899.0,1724.21,881.18,,,,,1990.7,2207.37,459.26,641.33,,,,,,,,
GJ.2516.jpg,diptera,train,3437.1,1053.86,434.73,17.05,234.27,207.2,1101.62,1487.87,1045.85,1514.5,953.16,,,,,2438.78,2434.7,380.19,485.77,,,,,,,,
GJ.2517.jpg,diptera,train,3836.49,1052.19,374.56,42.7,211.78,179.97,1006.13,1587.21,1076.12,1874.72,908.26,,,,,2427.71,2414.23,862.06,399.82,,,,,,,274.43,298.68
GJ.2518.jpg,diptera,train,3731.39,1064.01,451.92,8.62,214.84,207.53,1065.44,1512.98,1104.71,1766.49,1018.37,,,,,2388.93,2415.42,811.83,848.97,,,,,,,,
GJ.2520.jpg,diptera,train,3346.63,857.77,617.79,,197.36,232.36,958.12,1303.89,952.31,1424.95,872.54,,,,,2260.28,2278.28,760.9,753.98,,,,,,,,
GJ.2521.jpg,diptera,train,3585.38,1015.25,401.51,31.09,232.26,167.53,977.58,1505.58,1020.31,1678.3,914.62,,,,,2301.81,2348.89,785.4,554.72,,,,,,,,
GJ.2522.jpg,diptera,train,3234.3,1056.39,414.73,48.39,270.73,182.71,1046.35,1535.79,952.67,1283.77,972.77,,,,,2272.02,2317.76,839.43,914.18,,,,,,,,
GJ.2523.jpg,diptera,train,3248.49,986.4,378.7,28.14,205.49,220.12,944.27,1382.0,986.65,1487.78,826.02,,,,,2350.35,2348.01,484.18,744.79,,,,,,,,
GJ.2531.jpg,diptera,train,,930.52,420.21,297.42,94.62,79.06,824.19,1197.58,1237.55,,804.53,,,,,2328.15,2134.82,227.43,145.74,,,,,,,,
GJ.2543.jpg,diptera,train,2279.1,726.25,330.49,4.86,126.36,79.52,621.77,963.77,751.0,984.84,652.45,,,,,2025.53,1886.9,140.65,214.76,,,,,,,,
GJ.2544.jpg,diptera,train,2632.92,821.01,318.64,2.65,78.08,71.65,730.87,1035.38,942.69,1278.9,765.95,,,,,2084.98,1976.05,514.98,211.46,,,,,,,,
GJ.2546.jpg,diptera,train,3749.55,1346.23,606.12,331.83,306.7,309.37,1126.08,1592.2,1664.51,1551.24,1237.2,,,,,3441.5,3488.2,901.64,895.77,,,,,,,,
GJ.2567.jpg,diptera,train,,751.32,362.13,186.95,151.95,188.19,601.17,852.09,856.12,,586.84,,,,,1991.34,1703.76,654.04,438.62,,,,,,,,
GJ.2570.jpg,diptera,train,,1298.88,568.79,367.96,323.32,292.34,992.6,1478.67,1661.81,,915.11,,,,,3597.36,3870.05,,449.1,,,,,,,,
GJ.2571.jpg,diptera,train,3786.84,1342.1,622.05,377.41,319.02,299.51,1088.91,1523.52,1677.94,1641.27,1057.84,,,,,4043.26,4009.25,696.78,628.65,,,,,,,,
GJ.2575.jpg,diptera,train,,1183.01,567.82,203.78,111.37,102.69,1001.2,1583.24,,,1034.26,,,,,3952.12,3960.04,859.18,751.07,,,,,,,,
GJ.2588.jpg,diptera,train,4841.31,1549.12,470.23,182.94,100.48,108.71,1500.95,1478.49,2039.83,2892.59,1599.56,,,,,4015.65,4027.3,1248.92,1212.4,,,,,,,,
GJ.2590.jpg,diptera,train,4569.07,1401.12,421.66,5.5,154.53,133.0,1309.64,2038.56,1841.74,2108.85,1020.74,,,,,3997.1,4198.29,1053.77,903.87,,,,,,,,
GJ.2591.jpg,diptera,train,,857.74,335.66,173.35,45.4,221.49,659.09,1021.48,,,717.86,,,,,2197.39,2292.3,465.87,628.3,,,,,,,,
GJ.2592.jpg,diptera,train,,695.89,289.73,,,146.26,673.48,957.35,,,727.46,,,,,2060.82,1398.99,564.87,540.96,,,,,,,,
GJ.2593.jpg,diptera,train,,812.78,363.98,147.81,86.83,156.66,673.96,977.31,,,676.27,,,,,2282.78,2087.59,718.41,569.3,,,,,,,,
GJ.2595.jpg,diptera,train,,1064.82,757.78,276.1,148.25,156.11,811.37,1054.76,1209.84,,865.23,,,,,2480.35,2468.24,714.75,721.38,,,,,,,,
GJ.2596.jpg,diptera,train,2541.8,914.1,346.63,272.02,,,713.79,1144.07,1057.38,1051.1,720.79,,,,,2541.24,2577.47,803.61,651.14,,,,,,,,
GJ.2631.jpg,diptera,train,6115.21,1136.12,442.98,239.07,147.54,241.95,884.48,1601.47,781.44,4070.77,780.12,,,,,4243.46,4231.23,266.42,,,,,,,,,
GJ.2654.jpg,diptera,train,3068.9,416.82,497.01,87.07,140.93,135.44,568.53,1156.87,491.17,1415.02,633.37,,,,,1023.19,1192.19,898.06,653.38,,,,,,,,
GJ.2661.jpg,diptera,train,4769.66,1446.0,286.97,169.19,,,1242.89,2120.68,1302.58,2362.01,1597.06,,,,,3418.9,3436.49,1235.75,1099.39,,,,,,,,
GJ.2667.jpg,diptera,train,2877.41,1039.2,373.77,81.9,138.53,138.98,952.62,1573.46,1045.25,930.18,1105.73,,,,,2448.5,2645.15,106.17,798.16,,,,,,,,
GJ.2672.jpg,diptera,train,3565.69,1255.89,580.18,5.15,498.25,442.51,1089.37,1494.49,1310.42,1491.02,1111.38,,,,,3513.49,3287.83,515.56,354.86,,,,,,,,
GJ.2686.jpg,diptera,train,3195.08,1069.46,503.06,1.32,269.77,148.7,1035.33,1409.82,1014.22,1282.2,1044.8,,,,,2931.84,2878.32,703.07,539.7,,,,,,,,
GJ.2690.jpg,diptera,train,2686.93,906.37,425.88,176.0,88.63,135.41,963.66,1237.35,1179.21,1023.69,957.12,,,,,2395.0,2617.72,843.58,949.45,,,,,,,,
GJ.2704.jpg,diptera,train,3159.79,855.6,188.84,208.24,158.58,160.48,680.01,1182.42,610.12,1788.53,615.5,,,,,2307.64,1981.81,388.98,596.14,,,,,,,,
GJ.2705.jpg,diptera,train,2562.45,704.66,178.73,203.08,145.15,110.04,590.65,943.05,476.82,1440.67,529.49,,,,,2063.31,2000.94,304.62,444.04,,,,,,,,
GJ.2706.jpg,diptera,train,2837.08,,327.85,,252.13,148.18,611.68,957.4,532.55,1551.82,613.61,,,,,2376.9,2359.89,614.54,491.86,,,,,,,,
GJ.2751.jpg,diptera,train,3475.5,1056.6,928.82,3.73,608.81,615.41,869.74,1053.14,,1493.54,1017.51,,,,,2404.47,2461.7,717.69,509.95,,,,,,,,
GJ.2753.jpg,diptera,train,1900.2,607.93,198.84,2.64,,,560.49,941.84,601.34,759.52,568.5,,,,,1193.73,1008.28,481.03,141.14,,,,,,,,
GJ.2773.jpg,diptera,train,,1017.02,302.54,288.32,,114.42,821.32,1229.24,,,878.05,,,,,3081.97,3143.1,933.06,683.52,,,,,,,,
GJ.2775.jpg,diptera,train,3290.54,1172.77,567.69,369.25,,251.18,961.41,1530.51,1523.48,1192.33,932.29,,,,,3552.92,3506.03,804.89,239.32,,,,,,,,
GJ.2776.jpg,diptera,train,2801.45,1132.17,189.96,53.25,,,917.96,1231.13,1392.3,1380.36,972.39,,,,,2231.58,2063.84,436.5,369.48,,,,,,,,
GJ.2778.jpg,diptera,train,,1115.07,582.89,311.7,,337.53,828.59,1363.77,,,811.15,,,,,3007.99,2840.34,356.96,314.46,,,,,,,531.92,445.76
GJ.2805.jpg,diptera,train,2836.79,1369.44,775.31,313.74,260.2,262.38,1289.1,1577.36,1206.5,484.12,1176.87,,,,,2423.76,2409.19,847.53,932.96,,,,,,,,
GJ.2809.jpg,diptera,train,2621.9,952.28,476.55,269.73,209.53,212.64,798.54,1159.72,1093.51,985.63,830.11,,,,,2528.03,2467.22,862.41,1145.4,,,,,,,,
GJ.2831.jpg,diptera,train,4613.92,1391.83,499.39,53.49,,,1416.39,2034.54,,2079.99,1469.28,,,,,3135.71,3172.03,1206.23,1125.54,,,,,,,,
GJ.3018.jpg,diptera,train,2388.73,936.96,417.82,217.64,70.81,131.94,826.24,1346.62,1042.92,624.29,890.71,,,,,2475.58,2296.28,326.0,406.99,,,,,,,,
GJ.3155.jpg,diptera,train,3011.32,932.71,419.3,214.72,93.89,115.6,782.8,1272.0,870.51,1320.02,778.45,,,,,2277.89,2386.72,286.93,551.43,,,,,,,,
GJ.3160.jpg,diptera,train,3227.65,945.64,320.59,6.08,94.74,98.54,926.81,1426.16,825.95,1480.9,923.85,,,,,2677.84,2625.28,561.63,630.81,,,,,,,,
GJ.3195.jpg,diptera,train,2728.26,1034.4,487.03,256.65,109.8,162.16,937.79,1374.06,1259.58,867.17,1007.85,,,,,2565.16,2556.33,888.27,740.3,,,,,,,,
GJ.3457.jpg,diptera,train,2352.96,808.26,325.6,3.22,55.5,112.15,806.11,1121.61,925.46,905.76,851.87,,,,,2002.36,1935.76,347.79,220.67,,,,,,,,
GJ.394.jpg,diptera,train,2817.71,844.13,245.04,236.88,118.05,120.4,703.73,1110.91,,1461.77,671.05,,,,,2187.97,2457.01,164.83,234.5,,,,,,,,
GJ.395.jpg,diptera,train,2718.5,840.89,271.14,228.37,145.72,146.92,720.63,965.37,715.16,1481.99,705.68,,,,,2462.66,2415.63,455.34,391.31,,,,,,,,
GJ.400.jpg,diptera,train,2748.65,890.17,382.18,7.5,314.45,318.93,937.14,1113.29,859.51,1253.17,922.19,,,,,2289.04,2246.25,690.3,678.3,,613.34,577.36,,,,614.92,568.9
GJ.5923.jpg,diptera,train,3683.96,1145.41,457.44,2.95,,,1055.35,1638.62,1085.4,1587.9,1175.5,,,,,2991.65,2894.89,1008.96,387.43,,,,,,,,
GJ.5926.jpg,diptera,train,3705.04,942.42,394.04,,250.45,,929.92,1565.77,1044.64,1745.24,978.78,,,,,2939.44,3006.69,555.15,973.91,,,,,,,,
GJ.5927.jpg,diptera,train,3305.66,944.65,316.39,17.34,,,870.89,1458.16,912.68,1531.11,870.21,,,,,2632.7,2682.81,438.75,314.19,,,,,,,,
GJ.5931.jpg,diptera,train,3843.4,1094.44,257.15,58.33,,,1007.34,1641.76,1168.8,1944.49,1002.44,,,,,3323.64,3300.51,1081.97,1064.96,,,,,,,,
GJ.5932.jpg,diptera,train,2436.9,647.13,138.6,166.28,117.97,129.31,474.18,971.16,504.68,1327.14,517.28,,,,,1686.52,,553.01,,,,,,,,,
GJ.5933.jpg,diptera,train,3253.21,911.79,408.75,244.66,321.94,301.94,689.2,1199.43,663.25,1645.03,756.68,,,,,2305.22,2114.04,216.75,630.06,,,,,,,,
GJ.5935.jpg,diptera,train,3644.18,1022.08,385.43,266.62,316.37,322.14,890.57,1383.07,992.2,1875.67,909.63,,,,,3387.16,3579.22,666.66,128.79,,,,,,,,
GJ.5937.jpg,diptera,train,,1034.13,799.75,8.16,210.49,253.73,813.33,,,,779.82,,,,,3098.71,3099.69,344.05,361.91,,,,,,,,
GJ.5938.jpg,diptera,train,,1234.01,197.57,118.12,,,1016.97,2028.12,1138.49,,1173.7,,,,,3518.07,3572.23,1180.32,1209.35,,,,,,,,
GJ.5939.jpg,diptera,train,3731.46,1317.33,584.5,384.58,192.65,180.46,1121.12,1680.15,1407.08,1466.8,1079.1,,,,,3183.22,3416.45,318.98,310.61,,,,,,,,
GJ.5940.jpg,diptera,train,4027.29,1394.01,694.39,414.61,233.21,248.12,1222.79,1895.07,1578.51,1437.83,1316.2,,,,,1973.9,2106.66,910.73,738.77,,,,,,,,
GJ.5941.jpg,diptera,train,,980.01,275.76,6.2,114.68,181.22,725.45,1319.1,986.23,,855.83,,,,,3228.8,3117.0,771.04,708.16,,,,,,,,
GJ.5942.jpg,diptera,train,,,,,,,878.57,1276.65,863.91,1611.78,844.81,,,,,2573.25,2121.43,272.07,691.3,,,,,,,,
GJ.5943.jpg,diptera,train,3657.79,1139.23,476.31,5.06,269.88,207.94,1054.45,1576.44,1154.69,1605.03,1129.01,,,,,2585.59,2625.01,550.72,705.73,,,,,,,,
GJ.5944.jpg,diptera,train,3426.66,1334.28,428.37,144.92,208.27,110.59,1240.18,1683.58,1480.1,1314.71,1314.59,,,,,2763.04,2773.37,736.08,941.8,,,,,,,,
GJ.5945.jpg,diptera,train,3303.1,1457.11,462.55,375.96,241.93,194.05,1260.08,1716.26,1520.85,1124.29,1288.72,,,,,3005.53,2996.57,,959.41,,,,,,,,
GJ.5946.jpg,diptera,train,3269.45,1293.47,599.62,70.15,204.53,229.01,1158.08,1651.43,1379.03,1018.4,1199.47,,,,,2650.83,2638.45,831.21,762.14,,,,,,,,
GJ.5947.jpg,diptera,train,3778.62,1447.95,682.62,8.87,328.12,224.99,1366.44,1910.62,1367.9,1185.38,1423.95,,,,,2668.69,2784.52,578.86,896.64,,,,,,,,
GJ.5948.jpg,diptera,train,2739.72,954.85,431.64,13.19,96.73,105.54,798.07,1163.07,983.62,1145.0,864.64,,,,,1979.11,2088.53,478.86,488.81,,,,,,,,
GJ.5949.jpg,diptera,train,3209.03,1106.38,473.97,14.7,110.25,75.76,927.34,1262.61,1166.42,1472.44,1012.05,,,,,2536.15,2563.35,628.83,729.09,,,,,,,,
GJ.5950.jpg,diptera,train,3820.83,1230.86,603.52,8.74,106.14,98.58,1182.04,1660.51,1055.16,1556.8,1235.28,,,,,2731.18,2425.8,180.27,352.49,,,,,,,,
GJ.5951.jpg,diptera,train,3731.75,1165.23,577.16,9.86,66.13,114.04,1132.63,1601.06,1169.69,1553.53,1139.87,,,,,2900.59,935.48,118.89,1066.85,,,,,,,,
GJ.5953.jpg,diptera,train,3110.86,1090.51,498.11,285.28,113.11,98.51,1083.84,1430.43,1203.11,1182.32,996.38,,,,,2494.15,2451.27,671.48,514.94,,,,,,,,
GJ.5954.jpg,diptera,train,3530.46,1182.7,501.15,215.24,,113.97,1160.73,1708.05,1355.54,1321.26,1116.4,,,,,2992.92,2891.25,534.91,318.84,,,808.32,602.91,,,,
GJ.5955.jpg,diptera,train,2481.98,975.02,517.87,274.21,84.51,59.81,849.99,1068.75,1107.67,895.36,854.25,,,,,1480.27,1913.33,649.64,617.11,,,,,,,,
GJ.5958.jpg,diptera,train,2877.25,973.05,548.62,253.73,141.4,102.87,877.62,1154.87,,1173.76,910.4,,,,,1940.49,1637.06,215.16,782.18,,,,,,,,
GJ.5959.jpg,diptera,train,3514.92,1268.26,526.91,9.17,,,1115.25,1582.12,1318.25,1405.89,1170.19,,,,,2631.97,2723.61,740.88,873.44,,,,,,,195.11,234.28
GJ.5960.jpg,diptera,train,3201.78,1137.66,567.18,9.02,,,987.79,1331.36,1197.92,1303.24,983.51,,,,,2318.83,2349.44,870.9,858.63,,,,,,,,
GJ.5961.jpg,diptera,train,2525.52,808.01,606.44,61.15,,121.56,887.23,1107.0,1067.95,812.07,914.81,,,,,1993.36,837.88,730.64,1351.46,,,,,,,,
GJ.5963.jpg,diptera,train,3043.62,1155.07,572.94,242.86,129.98,94.54,1045.93,1386.57,1421.43,1084.1,1115.84,,,,,2650.12,2678.77,792.63,856.32,,,,,,,,
GJ.5965.jpg,diptera,train,,,360.29,99.72,,,1122.16,1570.44,,,1133.86,,,,,2873.92,2939.27,778.86,1017.26,,,,,,,346.18,439.51
GJ.5966.jpg,diptera,train,,1263.43,494.62,103.95,,,1390.13,1794.27,,,1370.76,,,,,3382.63,3571.33,809.54,1395.84,,,,,,,,
GJ.5967.jpg,diptera,train,2695.43,982.5,459.7,203.46,187.08,183.59,810.69,1208.75,990.65,1026.98,859.54,,,,,2466.97,2497.34,274.8,449.68,,,,,,,,
GJ.5968.jpg,diptera,train,2946.3,865.26,299.81,54.82,,,932.89,1258.0,,1388.49,1009.19,,,,,2402.14,2455.85,878.67,746.8,,,,,,,,
GJ.5969.jpg,diptera,train,,1120.94,513.22,66.32,,,1243.1,1583.69,,,1193.25,,,,,3195.59,3226.0,1207.18,,,,,,,,,
GJ.5971.jpg,diptera,train,,,,,,,1242.02,1492.78,,1666.72,1141.23,,,,,3104.53,2873.23,1100.26,839.89,,,,,,,,
GJ.5972.jpg,diptera,train,,1029.46,457.63,87.28,158.94,,1105.55,1382.61,,,1034.92,,,,,2988.52,2982.78,895.35,,,,,,,,,
GJ.5973.jpg,diptera,train,4202.52,1244.61,505.23,140.69,,,1201.39,1726.59,,1970.7,1372.53,,,,,3491.62,3565.73,878.71,1150.04,,,,,,,,
GJ.5974.jpg,diptera,train,3136.29,1055.89,364.93,221.71,,,938.29,1462.82,1062.31,1308.54,975.05,,,,,2702.88,2667.2,584.16,318.03,,,,,,,,
GJ.5975.jpg,diptera,train,4530.97,1256.39,448.11,,237.76,103.97,1221.48,1893.73,917.74,2189.13,1279.07,,,,,2865.92,2770.19,829.83,875.7,,,,,,,,
GJ.5976.jpg,diptera,train,3315.13,917.89,386.12,140.12,118.07,,939.03,1330.63,844.13,1598.38,805.73,,,,,2125.33,2071.22,233.3,725.43,,,,,,,,
GJ.5978.jpg,diptera,train,3428.34,977.81,360.8,109.19,117.67,159.74,955.9,1482.5,921.6,1585.04,975.15,,,,,2212.18,2223.0,217.91,519.51,,,,,,,,
GJ.5979.jpg,diptera,train,4784.33,1358.27,505.15,176.28,181.89,202.89,1157.37,1951.94,1137.02,2327.24,1204.8,,,,,3125.06,3085.87,1049.14,246.62,,,,,,,,
GJ.5981.jpg,diptera,train,5296.79,1503.04,749.78,12.59,,329.89,1360.95,2201.32,1248.89,2345.69,1379.42,,,,,3359.22,3213.91,844.9,1122.35,,,,,,,,
GJ.5982.jpg,diptera,train,4786.25,1256.39,607.03,32.88,134.25,231.27,1209.22,1966.27,,2212.95,1235.06,,,,,2695.85,2579.32,1009.61,890.68,,,,,,,,
GJ.5983.jpg,diptera,train,3983.77,,414.3,144.84,,,1166.71,1853.4,1135.72,1716.06,1189.77,,,,,2627.77,2725.03,746.98,890.98,,,,,,,,
GJ.5986.jpg,diptera,train,3298.54,1225.31,643.08,284.74,291.4,203.4,1095.14,1614.36,1095.47,1041.1,1120.98,,,,,2394.26,2543.35,179.29,610.23,,,,,,,737.16,653.22
GJ.5987.jpg,diptera,train,4194.82,1150.87,488.19,112.94,,109.31,1083.82,1705.56,1056.74,2001.07,1136.33,,,,,2375.89,2489.94,379.68,747.83,,,,,,,,
GJ.5989.jpg,diptera,train,3984.0,1147.7,531.72,7.76,203.03,,1175.48,1634.71,1217.91,1817.57,1203.74,,,,,2547.14,2551.8,642.73,757.82,,,,,,,,
GJ.5990.jpg,diptera,train,3498.34,909.01,463.46,47.17,184.56,180.89,854.42,1278.26,812.71,1756.63,761.21,,,,,2181.05,2196.03,610.73,382.59,,,,,,,,
GJ.5991.jpg,diptera,train,4356.03,1226.74,461.77,84.74,207.29,159.99,1175.71,1740.4,1268.81,2153.87,1173.18,,,,,2802.44,2728.49,504.92,396.45,,,,,,,,
GJ.5992.jpg,diptera,train,3240.33,867.99,439.45,29.07,213.93,112.93,850.23,1190.55,766.13,1610.33,885.66,,,,,630.78,1801.83,711.41,609.06,,,,,,,,
GJ.5994.jpg,diptera,train,2937.82,832.46,381.88,42.61,148.29,118.68,816.43,1181.13,832.51,1374.8,776.74,,,,,1973.04,1957.89,309.21,298.68,,,,,,,,
GJ.5995.jpg,diptera,train,3361.16,943.37,505.0,70.23,,,924.58,1344.58,887.91,1511.58,854.51,,,,,2143.61,2162.71,81.51,627.98,,,,,,,,
GJ.5996.jpg,diptera,train,3472.26,1010.63,497.52,11.45,181.66,157.54,1005.47,1405.78,1091.56,1568.97,1050.89,,,,,2215.76,2233.31,670.4,686.05,,,,,,,,
GJ.5997.jpg,diptera,train,3093.98,983.01,494.2,6.61,163.4,139.89,979.19,1365.47,902.97,1234.3,902.25,,,,,2037.63,2109.84,639.97,703.04,,,,,,,,
GJ.5998.jpg,diptera,train,3527.31,980.65,502.13,29.6,191.79,178.83,976.4,1345.61,,1679.57,828.5,,,,,2288.87,2114.74,173.91,72.32,,,,,,,,
GJ.5999.jpg,diptera,train,2765.09,820.64,450.41,6.49,225.51,105.44,845.25,1217.11,905.22,1097.57,848.54,,,,,2013.97,1961.8,712.05,682.8,,,,,,,,
GJ.6000.jpg,diptera,train,3029.88,895.74,478.32,13.39,101.45,203.41,787.41,1222.76,690.65,1328.8,820.14,,,,,1737.29,1935.81,181.28,584.76,,,,,,,,
GJ.6003.jpg,diptera,train,2758.17,810.04,437.86,8.75,176.69,154.56,811.64,1069.07,822.21,1251.24,784.88,,,,,1848.49,1856.84,455.83,337.08,,,,,,,,
GJ.6004.jpg,diptera,train,3209.59,909.92,520.9,11.91,231.99,166.89,924.79,1195.54,915.99,1493.15,865.05,,,,,2083.48,2001.12,583.95,202.49,,,,,,,,
GJ.6005.jpg,diptera,train,3526.99,1030.25,553.64,12.79,260.87,229.68,1029.4,1411.84,1026.96,1561.51,1005.94,,,,,1718.68,2000.46,82.37,752.64,,,,,,,566.06,538.74
GJ.6006.jpg,diptera,train,3562.64,1283.56,702.5,63.75,218.9,245.55,1255.38,1778.52,1320.71,1081.61,1194.65,,,,,2800.94,2807.77,704.74,1008.71,,,,,,,,
GJ.6008.jpg,diptera,train,4002.52,1420.56,645.27,300.07,,,1251.98,1881.63,1357.94,1475.62,,,,,,2991.18,,245.95,652.52,,,,,,,,
GJ.6009.jpg,diptera,train,2271.0,711.63,362.75,5.76,159.88,103.63,627.97,979.39,731.68,928.86,664.85,,,,,2118.33,2044.13,395.19,347.18,,,,,,,,
GJ.6011.jpg,diptera,train,2789.92,815.19,400.06,,201.31,,739.27,1172.19,1013.74,1217.67,846.65,,,,,2307.7,2522.63,513.02,739.62,,,,,,,,
GJ.6012.jpg,diptera,train,2961.33,988.49,466.53,11.2,135.13,190.39,767.69,1236.19,970.15,1258.61,810.27,,,,,2682.34,2489.63,567.96,174.29,,,,,,,,
GJ.6014.jpg,diptera,train,2497.11,768.31,410.39,10.85,101.65,135.46,599.47,891.36,858.32,1195.37,671.88,,,,,1923.7,1714.38,465.11,423.63,,,,,,,,
GJ.6017.jpg,diptera,train,3806.42,1276.18,810.47,15.6,123.64,128.65,1201.45,1594.57,1513.34,1401.38,1351.08,,,,,2924.68,2994.82,575.71,887.0,,,,,,,,
GJ.6018.jpg,diptera,train,2251.95,990.74,482.27,288.59,79.13,83.99,967.11,1169.5,1207.67,600.18,970.64,,,,,2236.84,2310.8,528.27,426.3,,,,,,,,
GJ.6019.jpg,diptera,train,3091.8,1224.32,494.27,7.46,,,1250.45,1498.52,1592.04,1099.01,1282.0,,,,,2705.16,2438.86,620.8,167.22,,,,,,,,
GJ.6022.jpg,diptera,train,2757.55,965.36,549.72,9.74,,,823.56,1149.02,1097.6,1058.82,870.72,,,,,2257.1,2257.46,575.62,574.16,,,674.39,579.71,,,582.54,597.99
GJ.6023.jpg,diptera,train,3017.84,999.85,619.51,8.8,115.0,120.75,924.79,1299.34,1148.72,1098.99,1076.59,,,,,2500.34,2501.75,827.03,829.01,,,,,,,,
GJ.6024.jpg,diptera,train,2726.4,877.01,457.84,6.31,167.45,206.32,753.93,1055.16,943.88,1213.41,715.17,,,,,2200.86,1297.6,517.42,1261.4,,,405.65,213.15,,,,
GJ.6025.jpg,diptera,train,3434.26,1153.17,604.58,,262.52,225.28,1051.73,1398.79,1380.79,1430.88,1160.01,,,,,3279.43,3329.03,938.59,1053.56,,,,,,,,
GJ.6026.jpg,diptera,train,3096.52,923.71,470.48,14.94,170.17,209.22,744.59,1305.54,690.21,1320.5,769.4,,,,,3039.58,2895.76,774.97,992.9,,,,,,,,
GJ.6027.jpg,diptera,train,3450.97,1196.86,551.69,12.4,187.92,255.99,946.65,1337.53,1101.55,1561.75,964.13,,,,,3121.34,3016.14,853.16,553.49,,,,,,,,
GJ.6028.jpg,diptera,train,2690.78,994.82,227.28,18.95,,,925.26,1401.29,889.61,1062.2,954.34,,,,,2766.32,2671.5,936.26,831.23,,,,,,,,
GJ.6029.jpg,diptera,train,,1029.05,398.21,20.23,,,902.79,1337.55,,,873.16,,,,,2847.01,2721.17,877.07,190.48,,,,,,,,
GJ.6032.jpg,diptera,train,3135.71,1188.75,592.78,17.72,140.74,104.24,1136.45,1541.97,,1000.95,1119.16,,,,,3362.5,3322.54,682.22,950.4,,,,,,,,
GJ.6033.jpg,diptera,train,2635.07,1112.86,529.83,16.39,107.37,88.12,1060.14,1367.89,,737.35,1039.55,,,,,3001.63,2933.96,646.05,881.09,,,,,,,,
GJ.6034.jpg,diptera,train,,1139.39,570.01,16.99,171.71,138.46,,1449.19,,,1036.13,,,,,3037.74,3295.86,797.21,667.24,,,,,,,,
GJ.6035.jpg,diptera,train,3490.53,1146.38,366.8,33.44,,,1106.73,1514.43,981.25,1609.29,1024.39,,,,,3204.83,3362.71,967.13,1016.9,,,,,,,,
GJ.6036.jpg,diptera,train,3152.75,1020.5,375.22,52.87,,,941.66,1343.39,913.56,1434.15,919.96,,,,,2955.6,2876.84,887.36,827.21,,,,,,,,
GJ.6037.jpg,diptera,train,,977.74,448.12,16.95,92.97,106.28,790.97,1294.36,,,803.65,,,,,2288.26,2437.69,468.02,664.64,,,,,,,,
GJ.6038.jpg,diptera,train,3205.8,1146.76,402.74,37.16,,,1084.03,1489.88,1047.56,1313.18,1152.43,,,,,3109.43,3132.42,492.66,987.87,,,,,,,,
GJ.6040.jpg,diptera,train,3417.74,1155.03,395.38,284.53,,,1007.1,1532.99,1067.09,1489.36,1117.99,,,,,3246.8,2943.19,1034.48,714.2,,,,,,,,
GJ.6042.jpg,diptera,train,3001.24,1052.34,300.24,229.72,,,948.75,1460.87,,1240.13,954.54,,,,,2807.13,2707.84,552.41,283.19,,,,,,,,
GJ.6043.jpg,diptera,train,,1188.57,399.94,284.68,,,1119.48,1605.22,,,1081.2,,,,,3185.68,3244.83,1226.39,,,,,,,,,
GJ.6044.jpg,diptera,train,,1073.42,588.92,16.98,,170.2,961.61,1514.65,,,961.01,,,,,3198.54,3222.01,749.75,914.46,,,538.0,,,,,
GJ.6045.jpg,diptera,train,,1243.67,319.81,282.21,,,1078.52,1668.91,,,1076.48,,,,,3733.03,3764.01,,,,,,,,,,
GJ.6046.jpg,diptera,train,3200.35,1091.48,362.59,,,,1127.8,1720.03,1565.5,1117.73,1220.66,,,,,3816.66,3686.34,1076.16,1046.05,,,,,,,,
GJ.6048.jpg,diptera,train,3455.21,1302.08,469.81,,160.77,165.23,1185.0,1747.9,1308.49,1237.5,1167.87,,,,,3692.17,3620.59,749.46,644.09,,,,,,,,
GJ.6049.jpg,diptera,train,,1227.69,687.3,336.72,274.29,291.91,1119.18,1190.68,875.77,,1090.17,,,,,2801.73,2145.91,1147.68,394.46,,,,,,,,
GJ.6050.jpg,diptera,train,4151.82,1240.6,488.88,335.65,204.98,120.44,1002.37,1496.83,966.66,2166.11,1057.2,,,,,3593.58,3588.81,983.9,1605.66,,,780.63,,,,,
GJ.6051.jpg,diptera,train,4039.45,863.85,637.52,300.4,118.74,99.51,1061.3,1506.44,1016.25,1895.49,1250.6,,,,,3685.33,3378.0,,880.65,,,,,,,,
GJ.6053.jpg,diptera,train,2952.8,924.32,495.17,5.48,97.1,86.84,818.76,1116.03,689.81,1341.6,807.89,,,,,2595.14,2613.44,824.47,920.59,,,,,,,,
GJ.6054.jpg,diptera,train,2371.89,977.92,379.18,205.98,,123.21,871.14,1350.29,985.28,642.42,836.64,,,,,2539.43,2608.24,895.93,188.77,,,,,,,,
GJ.6058.jpg,diptera,train,,1112.37,317.72,257.12,80.77,80.55,981.78,1663.58,,,976.35,,,,,2817.1,2998.76,551.92,1047.62,,,,,,,,
GJ.6060.jpg,diptera,train,,1130.86,550.94,5.89,126.09,,1049.08,1404.88,,,1049.1,,,,,3075.55,3154.35,974.21,366.86,,,,,,,,
GJ.6061.jpg,diptera,train,3037.74,1146.16,393.65,287.44,,171.6,1017.53,1663.2,1153.05,980.88,1101.39,,,,,2520.69,2921.63,669.86,910.43,,,,,,,,
GJ.6063.jpg,diptera,train,,1189.43,373.64,457.19,115.2,243.03,987.22,1446.27,,,896.67,,,,,2859.73,2694.55,811.06,656.94,,,,,,,,
GJ.6065.jpg,diptera,train,4117.38,1319.95,643.51,2.51,198.66,186.32,1180.3,1559.74,1208.04,1914.13,1240.79,,,,,3515.87,,908.0,,,,,,,,,
GJ.6066.jpg,diptera,train,3406.49,1078.19,558.68,7.24,178.29,152.54,950.49,1268.61,945.63,1579.21,967.79,,,,,2933.72,2987.55,751.26,703.32,,,,,,,,
GJ.6067.jpg,diptera,train,2767.13,928.55,502.65,,,,889.86,1433.8,931.22,830.68,867.93,,,,,3144.3,3153.02,624.53,455.65,,,828.56,685.11,,,825.44,665.67
GJ.6068.jpg,diptera,train,,1270.97,719.81,8.3,,,1116.76,,,,1137.64,,,,,3400.85,3536.96,1038.82,741.52,,,,,,,,
GJ.6069.jpg,diptera,train,3448.59,1109.96,530.67,8.98,194.35,157.51,902.83,1492.93,858.55,1425.0,929.66,,,,,3342.27,3342.01,855.97,302.59,,,,,,,,
GJ.6070.jpg,diptera,train,3526.79,1180.87,501.35,4.7,252.26,,992.18,1734.36,944.83,1291.08,1072.55,,,,,3682.15,3754.15,650.06,543.52,,,,,,,,
GJ.6072.jpg,diptera,train,4090.46,1208.24,416.31,67.45,241.19,,996.17,1714.09,949.21,1960.06,1039.24,,,,,3757.73,3716.31,1108.47,567.84,,,,,,,,
GJ.6073.jpg,diptera,train,3537.39,1266.25,489.75,2.81,303.89,180.25,1093.14,1608.55,934.21,1439.09,1217.04,,,,,3775.67,3399.48,667.45,284.69,,,,,,,,
GJ.6131.jpg,diptera,train,2775.4,929.15,359.04,130.04,227.17,,779.57,1293.85,927.99,1122.51,1001.06,,,,,2109.78,2140.05,725.02,754.75,,,,,,,,
GJ.6132.jpg,diptera,train,3392.74,1034.51,371.05,99.43,,,1040.24,1567.36,963.62,1454.33,1180.54,,,,,2357.56,2353.15,801.01,726.55,,,,,,,,
GJ.6133.jpg,diptera,train,4038.62,1278.25,652.93,15.07,224.69,223.44,1242.97,1762.17,1098.21,1623.52,1377.88,,,,,2978.32,2855.33,811.9,970.34,,,,,,,,
GJ.6134.jpg,diptera,train,,1159.07,402.22,258.41,218.33,215.09,1038.53,1562.09,,,1095.98,,,,,2533.72,2591.71,,918.3,,,,,,,,
GJ.6135.jpg,diptera,train,,1210.22,403.73,235.88,,,1101.17,1641.31,,,1194.46,,,,,2793.84,,1041.87,1434.41,,,,,,,,
GJ.6136.jpg,diptera,train,3833.52,1274.4,399.22,286.79,,,0.0,1587.45,1327.35,1846.85,1218.45,,,,,2920.3,2912.16,1027.54,939.14,,,,,,,,
GJ.6284.jpg,diptera,train,2453.4,917.34,344.3,229.96,,,839.24,1258.3,,850.8,854.38,,,,,2706.57,2784.94,702.0,657.36,,,,,,,,
GJ.6588.jpg,diptera,train,2279.82,758.04,347.13,149.54,101.32,90.21,645.53,968.94,827.99,963.75,681.71,,,,,1889.23,2172.82,670.98,574.45,,,,,,,,
GJ.6753.jpg,diptera,train,2746.44,,401.63,,,,765.92,1102.85,821.32,1241.95,872.91,,,,,2603.01,2663.21,397.79,518.37,,,,,,,,
GJ.6754.jpg,diptera,train,3024.34,1026.47,583.0,5.63,194.22,,840.7,1064.51,817.61,1376.83,934.22,,,,,2673.18,2695.8,867.84,853.67,,,,,,,,
GJ.6757.jpg,diptera,train,2462.47,848.84,367.7,340.26,191.16,,687.24,1120.14,886.23,974.63,794.91,,,,,1963.53,2078.89,483.26,426.87,,,,,,,,
GJ.6809.jpg,diptera,train,3100.39,948.09,331.17,3.92,88.86,84.68,835.01,1271.54,800.47,1497.68,881.96,,,,,2488.79,2608.19,182.83,606.87,,,,,,,,
GJ.6831.jpg,diptera,train,2996.65,992.13,320.93,5.3,146.6,150.21,872.07,1132.38,826.4,1543.34,853.04,,,,,2394.46,2351.13,734.44,526.63,,,,,,,,
GJ.6832.jpg,diptera,train,1708.05,583.71,265.52,155.17,105.1,89.38,499.66,637.84,677.47,804.69,490.56,,,,,1363.94,1431.3,425.06,487.57,,,343.13,427.55,,,325.15,337.97
GJ.6857.jpg,diptera,train,2778.1,1074.59,339.8,253.0,,,932.75,1240.11,1266.43,1198.19,952.9,,,,,2111.59,2406.64,818.6,343.17,,,,,,,,
GJ.6962.jpg,diptera,train,2595.26,922.23,496.55,180.6,,147.44,878.41,1429.66,1244.79,669.05,885.84,,,,,2598.5,2611.44,450.97,296.28,,,,,,,,
GJ.6963.jpg,diptera,train,2892.91,885.85,533.05,3.62,92.84,135.25,869.56,1260.4,832.25,1099.46,958.22,,,,,2615.25,2645.53,550.51,738.65,,,,,,,,
GJ.6964.jpg,diptera,train,3144.47,969.2,355.56,5.76,,,853.96,1396.35,1006.3,1392.56,914.93,,,,,2636.89,2617.97,595.42,490.71,,,,,,,,
GJ.6999.jpg,diptera,train,2751.44,872.97,350.83,2.57,127.84,131.89,788.2,1164.07,824.09,1236.54,829.04,,,,,2372.41,2437.71,602.79,615.29,,,,,,,,
GJ.7000.jpg,diptera,train,,973.64,,279.21,155.22,112.2,845.59,1344.29,980.12,1084.47,816.84,,,,,2458.12,2391.9,165.74,298.04,,,,,,,,
GJ.7034.jpg,diptera,train,2723.31,918.81,515.78,1.86,128.42,119.92,792.49,1005.94,802.38,1201.59,869.54,,,,,2449.15,2396.78,630.1,490.66,,,,,,,,
GJ.782.jpg,diptera,train,2541.88,929.27,275.79,216.94,177.23,194.42,799.64,1195.81,947.21,1070.28,756.43,,,,,2114.19,2136.05,655.34,614.53,,,,,,,,
GJ.784.jpg,diptera,train,3030.3,894.28,384.35,6.81,,,787.43,1160.25,784.31,1485.7,760.26,,,,,1893.79,1861.74,637.88,104.41,,,,,,,,
GJ.785.jpg,diptera,train,3301.76,1081.09,479.85,246.36,175.11,173.5,918.9,1517.87,1062.75,1304.04,925.66,,,,,2366.38,2317.68,344.8,109.44,,,,,,,,
GJ.786.jpg,diptera,train,2947.66,995.07,334.39,36.24,,,948.48,1336.17,999.21,1277.1,1005.88,,,,,2126.99,2040.76,261.86,489.05,,,,,,,322.53,374.16
GJ.787.jpg,diptera,train,2824.73,883.9,291.28,37.72,,,805.1,1269.64,890.75,1263.81,892.79,,,,,1788.66,1921.0,593.0,616.84,,,,,,,,
GJ.788.jpg,diptera,train,2503.44,774.58,265.77,11.57,,,690.51,1087.63,742.86,1150.04,697.07,,,,,1659.3,1532.36,561.19,156.1,,,262.52,344.85,,,339.43,197.01
GJ.789.jpg,diptera,train,2545.86,780.18,321.57,181.47,164.06,148.62,708.34,1025.01,770.63,1199.28,660.26,,,,,1662.98,1658.69,436.55,317.17,,,,,,,,
GJ.790.jpg,diptera,train,3034.32,1081.59,346.2,245.29,,188.27,965.48,1474.52,929.72,1213.6,893.91,,,,,2342.39,2306.82,839.23,809.61,,,,,,,274.85,661.03
GJ.791.jpg,diptera,train,2890.05,980.44,346.54,215.12,236.63,159.42,824.5,1244.91,982.61,1298.6,847.94,,,,,2113.79,2110.59,573.23,658.9,,,,,,,,
GJ.908.jpg,diptera,train,3387.79,975.33,392.43,16.42,,,845.03,1327.9,988.36,1667.47,832.74,,,,,2210.46,2255.48,776.93,703.26,,,,,,,,
GJ.909.jpg,diptera,train,3144.17,906.5,385.15,3.03,152.35,136.05,821.1,1206.68,913.42,1552.35,806.66,,,,,1988.14,1985.37,628.92,699.67,,,,,,,,
GJ.910.jpg,diptera,train,3523.64,989.76,428.72,13.49,191.37,116.7,872.25,1381.78,999.52,1713.15,888.0,,,,,2229.58,2283.88,706.25,732.85,,,,,,,,
GJ.911.jpg,diptera,train,3048.87,891.2,398.83,7.92,136.1,133.25,784.65,1211.13,801.04,1438.9,808.53,,,,,1937.77,1936.3,558.21,672.16,,,,,,,,
GJ.912.jpg,diptera,train,2512.52,922.64,509.88,184.56,203.61,169.55,795.87,1147.79,843.39,854.85,763.75,,,,,2022.35,2043.41,678.31,567.01,,,,,,,,
GJ.913.jpg,diptera,train,3262.68,896.08,400.95,8.26,167.13,158.89,760.7,1165.62,867.61,1696.11,769.31,,,,,1913.14,1889.38,666.05,706.79,,,,,,,,
GJ.914.jpg,diptera,train,3864.18,1116.68,460.45,18.25,169.25,148.01,1073.29,1614.5,1067.68,1789.23,1022.12,,,,,2526.71,2446.05,886.3,946.33,,,,,,,,
GJ.915.jpg,diptera,train,4011.48,1165.75,485.81,12.26,220.56,193.55,1138.41,1694.24,1089.49,1831.43,1088.39,,,,,2517.46,2500.97,876.53,894.63,,,,,,,,
GJ.916.jpg,diptera,train,3652.63,1032.83,440.04,8.56,155.2,196.93,965.72,1486.34,802.87,1726.26,957.82,,,,,2356.56,2287.89,808.79,787.15,,,,,,,,
GJ.917.jpg,diptera,train,3800.31,1178.16,483.51,250.29,,,1097.77,1654.53,1093.29,1662.28,1052.01,,,,,2632.41,2680.19,854.82,959.05,,,,,,,,
GJ.920.jpg,diptera,train,3781.2,1228.25,496.24,122.3,301.35,273.96,1176.9,1645.98,1330.73,1638.98,1310.21,,,,,2943.06,2904.15,1040.14,1062.74,,,,,,,,
GJ.921.jpg,diptera,train,3817.32,1300.91,460.42,103.79,240.49,175.5,1219.77,1970.21,1105.31,1386.69,1453.05,,,,,3138.86,3202.99,1089.38,1111.63,,,,,,,,
GJ.922.jpg,diptera,train,2992.56,1271.26,535.01,,320.85,282.34,1117.8,1627.95,1137.51,829.6,1272.67,,,,,2717.93,2690.92,1005.23,1012.59,,,,,,,,
GJ.923.jpg,diptera,train,3862.06,1364.18,427.88,323.64,229.82,207.51,1235.28,1830.72,1323.74,1603.47,1408.37,,,,,2966.72,2994.79,1029.2,1027.76,,,,,,,,
GJ.926.jpg,diptera,train,3874.7,1288.36,361.56,307.15,,,1267.91,1548.96,1504.65,1964.19,1290.33,,,,,3013.36,2980.87,738.39,1030.08,,,,,,,,
GJ.927.jpg,diptera,train,4078.67,1251.01,407.62,116.55,,,1089.37,1811.88,1150.62,1859.17,1333.49,,,,,2854.9,2911.65,1013.11,1103.15,,,,,,,,
GJ.928.jpg,diptera,train,4612.61,1322.79,282.01,82.93,,,1210.48,2056.81,1287.88,2273.79,1342.51,,,,,3259.06,3255.02,1219.18,1113.18,,,,,,,,
GJ.930.jpg,diptera,train,3506.85,1208.52,404.99,223.13,,,1181.05,1549.11,1275.34,1552.75,1226.6,,,,,2801.0,2628.17,970.05,613.76,,,,,,,,
GJ.931.jpg,diptera,train,3861.79,1123.52,401.53,109.86,,,1004.07,1631.91,1036.17,1828.35,1197.91,,,,,2462.97,2427.74,896.62,937.68,,,,,,,,
GJ.932.jpg,diptera,train,2818.45,827.53,229.24,43.88,,,766.42,1271.59,675.47,1317.63,877.29,,,,,1980.63,1892.86,598.65,579.35,,,453.36,536.08,,,469.99,557.05
GJ.937.jpg,diptera,train,3471.51,1175.05,461.91,24.6,286.46,225.79,1062.31,1538.66,798.65,1470.94,1080.11,,,,,2303.28,2242.53,808.21,783.9,,,,,,,,
GJ.938.jpg,diptera,train,2340.64,1006.17,410.55,220.71,174.85,257.97,883.26,1209.76,822.66,720.33,836.89,,,,,2113.55,2144.16,691.19,604.27,,,,,,,,
GJ.951.jpg,diptera,train,2567.98,934.73,424.23,15.15,136.47,182.95,841.85,1200.36,879.78,943.39,864.99,,,,,1912.59,1930.5,95.99,431.31,,,,,,,,
GJ.958.jpg,diptera,train,2727.36,1321.27,526.04,268.09,265.2,276.48,1171.19,1588.32,1054.77,613.0,1138.41,,,,,2546.95,2530.87,774.01,960.83,,,,,,,,
GJ.959.jpg,diptera,train,3520.98,1080.54,332.7,124.66,,,1118.99,1529.66,1042.39,1658.62,969.95,,,,,2209.23,2221.6,340.08,162.44,,,,,,,,
GJ.960.jpg,diptera,train,2132.88,958.16,368.97,203.19,207.01,190.13,822.71,1140.85,935.47,623.06,860.4,,,,,1979.99,1956.26,425.89,146.19,,,,,,,,
GJ.961.jpg,diptera,train,2856.03,980.06,341.42,47.31,,,905.08,1384.21,939.31,1130.4,906.69,,,,,2123.98,1992.55,196.88,542.26,,,,,,,,
GJ.962.jpg,diptera,train,3166.17,906.78,298.25,113.4,,,841.61,1322.22,865.54,1545.69,897.42,,,,,1909.24,1818.87,591.42,520.86,,,,,,,,
GJ.963.jpg,diptera,train,2857.89,,484.32,,,346.65,968.73,1450.66,1054.32,922.91,1015.11,,,,,2299.07,2234.88,718.79,440.02,,,,,,,,
GJ.968.jpg,diptera,train,2472.91,841.41,372.21,186.23,,177.92,744.41,1013.55,841.23,1087.15,702.23,,,,,1736.58,1804.32,152.42,334.35,,,,,,,,
GJ.973.jpg,diptera,train,2813.1,926.33,371.76,14.53,103.41,177.04,827.1,1189.6,872.44,1251.73,812.05,,,,,1884.71,1859.06,476.74,663.28,,,,,,,,
GJ.975.jpg,diptera,train,3257.85,995.14,320.77,57.47,109.24,102.87,896.59,1367.81,970.45,1569.27,890.27,,,,,2073.96,2077.37,311.48,680.84,,,,,,,,
GJ.976.jpg,diptera,train,2495.42,1079.44,375.43,242.48,206.31,191.68,899.9,1296.54,975.11,823.46,863.03,,,,,2110.29,2090.92,763.5,748.03,,,,,,,,
GJ.977.jpg,diptera,train,3872.63,1185.66,387.02,60.79,,205.08,1100.06,1592.0,1092.77,1893.6,1131.12,,,,,2393.73,2504.89,444.52,701.65,,,,,,,,
GL.6834.jpg,diptera,train,1539.99,534.71,220.36,136.79,35.83,37.9,488.99,676.42,609.3,643.2,489.08,,,,,1242.47,1252.09,412.88,408.41,,,336.21,390.4,,,334.33,409.77
GM.18863.jpg,diptera,train,4035.83,1695.41,682.65,565.68,,,1428.22,1699.14,1655.15,1654.03,1439.02,,,,,3615.81,3613.4,1294.51,1256.31,,,,,,,,
GV.12822.jpg,diptera,train,2820.46,891.0,520.03,270.66,130.3,111.94,766.45,1052.05,997.97,1248.38,814.84,,,,,2349.38,2285.3,872.81,788.93,,,599.83,318.56,,,623.38,470.79
GV.14188.jpg,diptera,train,2329.62,727.19,275.94,1.57,112.18,105.74,690.23,914.33,709.52,1139.35,690.68,,,,,2011.38,2041.04,424.17,603.49,,,554.11,532.4,,,548.32,530.88
GV.14203.jpg,diptera,train,2311.38,683.62,323.88,2.41,,139.28,622.97,791.31,523.1,1196.19,606.23,,,,,1556.22,1641.07,268.87,305.96,,,290.54,474.77,,,412.45,369.07
GV.14723.jpg,diptera,train,1889.54,657.71,222.04,67.16,,96.38,595.42,842.95,789.02,824.56,622.34,,,,,1306.68,1369.09,191.72,227.21,,,447.01,306.81,,,,
GV.14731.jpg,diptera,train,2235.78,679.98,236.94,176.52,68.61,76.53,568.63,907.76,678.64,1091.07,532.47,,,,,1763.94,1862.05,164.5,199.23,,,,,,,431.16,486.34
GV.37456.jpg,diptera,train,2051.37,674.52,350.57,3.47,111.59,132.0,586.11,831.15,509.71,869.65,687.93,,,,,2041.32,2018.13,510.98,95.52,,,,,,,,
GV.37482.jpg,diptera,train,2588.27,774.17,356.08,6.62,,104.75,668.3,1021.32,675.32,1210.88,612.16,,,,,2056.17,2079.47,247.57,324.86,,,,,,,459.22,456.75
GV.42964.jpg,diptera,train,,938.26,424.72,216.22,97.87,63.25,847.99,1327.96,,,828.32,,,,,2580.01,2538.11,999.95,893.08,,,,,,,,
GV.50738.jpg,diptera,train,3525.68,1404.56,620.49,310.18,,,1223.37,1566.37,1507.7,1338.81,1066.84,,,,,,,,,,,,,,,,
GV.54586.jpg,diptera,train,1569.09,744.61,233.75,169.13,,,576.68,877.63,1019.57,457.71,760.21,,,,,1051.23,1539.1,618.03,657.61,,,,,,,,
GV.55328.jpg,diptera,train,1676.56,514.4,238.04,138.07,118.52,121.15,421.92,567.5,427.04,871.02,411.42,,,,,1656.93,1729.67,523.48,536.26,,,405.0,444.14,,,374.83,418.88
GV.79386.jpg,diptera,train,1628.95,506.83,199.09,128.3,107.92,129.14,365.22,621.05,615.73,808.82,423.72,,,,,807.89,1383.44,364.09,449.85,,,,,,,,
GV.82969.jpg,diptera,train,2229.8,747.0,303.52,240.99,121.72,,677.12,971.35,924.25,954.93,636.13,,,,,2025.52,1710.09,770.48,696.21,,,512.83,488.26,,,526.02,530.15
GV.87095.jpg,diptera,train,2737.53,1176.16,593.38,286.75,88.68,71.35,1014.92,1304.58,1266.68,839.57,938.86,,,,,2397.37,2351.35,401.3,164.44,,,,,,,,
GV.9096.jpg,diptera,train,2024.8,655.14,317.74,122.59,158.11,153.62,477.55,811.35,811.64,895.7,581.02,,,,,1826.79,1790.76,530.19,510.7,,,,,,,,
GV.95151.jpg,diptera,train,2804.26,928.66,380.91,189.63,98.53,87.89,836.38,1119.97,1132.41,1303.38,756.47,,,,,2382.65,2374.26,458.91,228.14,,,,,,,,
GV.95163.jpg,diptera,train,3906.79,1156.92,750.73,250.79,160.04,159.85,1000.56,1401.93,1266.85,1754.13,1035.15,,,,,3623.77,3701.33,1216.47,1307.47,,,921.23,783.31,,,,
GV.95245.jpg,diptera,train,2724.18,257.22,524.21,145.81,141.57,101.19,788.98,1268.83,1037.72,931.15,815.34,,,,,2360.57,2419.31,848.33,881.1,,,648.91,586.7,,,,687.42
GV.95257.jpg,diptera,train,,1184.23,756.63,579.0,126.11,114.27,1102.63,,1165.76,,1264.67,,,,,3193.3,3176.89,1075.13,1045.43,,,819.26,849.44,,,680.67,824.99
HP.1.jpg,diptera,train,2403.92,,217.5,,79.58,112.75,404.55,645.31,315.0,1541.11,401.75,,,,,1461.47,1495.24,307.93,437.7,,,,,,,,
HP.10.jpg,diptera,train,1210.41,421.9,186.91,136.94,44.8,53.72,396.84,520.08,413.53,503.43,373.05,,,,,1053.82,1106.57,290.58,289.51,,,,,,,,
HP.11.jpg,diptera,train,1504.22,,352.57,,130.22,120.32,373.5,543.79,540.35,607.85,402.74,,,,,1268.74,1086.05,342.41,366.47,,,,,,,,
HP.114.jpg,diptera,train,1638.94,568.95,284.37,,,,590.15,709.07,744.54,645.5,557.63,,,,,1477.42,1495.7,482.92,471.37,,,,,,,,
HP.12.jpg,diptera,train,1383.49,495.85,238.54,110.9,89.16,110.42,373.77,581.42,570.34,563.53,426.94,,,,,1354.16,1078.76,383.44,280.03,,,,,,,,
HP.15.jpg,diptera,train,1622.48,,228.91,,,,447.27,627.92,710.06,765.65,414.98,,,,,1113.03,1354.12,263.09,335.4,,,,,,,,
HP.16.jpg,diptera,train,1271.53,424.98,150.4,113.58,,,286.1,518.52,411.15,602.62,304.62,,,,,679.8,1033.43,124.86,206.0,,,,,,,,
HP.17.jpg,diptera,train,1440.78,469.96,178.87,78.68,61.57,76.72,354.34,590.84,581.33,671.07,403.43,,,,,1331.66,1345.21,344.16,312.22,,,,,,,,
HP.18.jpg,diptera,train,2699.11,714.73,249.54,200.38,,129.3,591.35,879.91,463.98,1569.66,498.32,,,,,2000.86,1991.55,,,,,,,,,,
HP.21.jpg,diptera,train,1158.21,411.73,120.42,91.42,,,397.28,557.33,558.62,480.46,380.29,,,,,948.79,960.68,124.43,199.18,,,,,,,,
HP.217.jpg,diptera,train,1953.13,651.69,289.12,187.07,72.14,95.51,564.29,773.85,768.26,890.16,494.55,,,,,1464.19,1517.56,295.28,288.92,,,,,,,,
HP.218.jpg,diptera,train,1629.59,520.4,209.74,4.79,95.17,,487.52,688.75,630.55,731.1,501.44,,,,,1239.0,1179.74,327.75,302.1,,,,,,,,
HP.219.jpg,diptera,train,1595.39,615.0,136.66,199.26,,,508.57,746.2,,712.52,466.69,,,,,1304.18,1296.61,310.32,487.94,,,,,,,,
HP.22.jpg,diptera,train,976.5,321.44,140.38,,,82.71,300.9,402.88,,433.23,284.98,,,,,1116.36,1112.02,274.61,281.26,,,,,,,,
HP.220.jpg,diptera,train,1993.03,815.39,260.53,233.38,70.35,79.17,711.07,948.41,1013.01,784.1,661.28,,,,,1723.94,1670.92,94.16,151.23,,,,,,,,
HP.221.jpg,diptera,train,2106.45,815.72,108.0,105.76,,,746.21,1432.69,1198.41,565.76,798.5,,,,,2046.23,2019.19,530.61,508.11,,,,,,,,
HP.222.jpg,diptera,train,1589.71,294.12,148.76,,123.54,129.19,393.58,682.0,632.13,758.95,387.24,,,,,1245.73,1269.34,321.17,50.48,,,,,,,,
HP.224.jpg,diptera,train,1861.95,557.9,180.69,24.42,59.91,70.81,454.46,782.51,451.28,898.75,538.67,,,,,1163.0,1034.76,432.54,338.25,,,,,,,,
HP.225.jpg,diptera,train,2318.5,672.18,311.79,3.5,144.55,145.43,546.47,769.39,507.93,1237.32,582.75,,,,,1655.02,1257.32,165.47,419.28,,,,,,,,
HP.226.jpg,diptera,train,1736.67,545.77,190.78,2.07,,88.96,407.86,691.94,382.19,853.94,364.51,,,,,1107.19,862.94,365.52,247.41,,,,,,,,
HP.228.jpg,diptera,train,1896.65,645.03,299.42,147.5,94.56,107.49,533.26,801.67,753.08,795.56,600.12,,,,,1604.86,1122.4,314.35,245.72,,,,,,,,
HP.229.jpg,diptera,train,1778.89,650.95,166.66,139.98,271.04,277.55,523.51,717.47,890.85,894.76,537.56,,,,,1491.19,1445.77,479.26,561.57,,,,,,,454.0,336.17
HP.23.jpg,diptera,train,2242.3,710.51,350.6,146.14,195.55,161.59,553.38,839.9,884.31,1051.8,610.92,,,,,2098.61,2067.34,585.44,552.67,,,,,,,,
HP.230.jpg,diptera,train,2466.59,588.86,221.63,2.7,139.96,129.36,437.04,714.36,330.24,1530.6,514.6,,,,,1269.27,1279.16,160.04,82.38,,,,,,,,
HP.231.jpg,diptera,train,2611.02,621.35,344.62,2.39,141.68,137.75,496.25,733.61,357.25,1532.79,460.24,,,,,1588.15,1614.73,169.24,177.57,,,,,,,,
HP.232.jpg,diptera,train,2764.34,705.65,217.15,10.18,143.94,145.37,547.81,952.03,408.62,1595.16,517.74,,,,,1677.36,1694.11,296.52,162.79,,,,,,,,
HP.235.jpg,diptera,train,1832.42,627.37,259.4,160.63,,136.37,480.36,802.84,640.49,770.18,507.15,,,,,1254.39,1192.37,308.33,318.22,,,,,,,,
HP.237.jpg,diptera,train,2774.86,799.03,324.49,10.14,,,644.96,989.75,814.15,1460.62,624.52,,,,,2240.51,2179.13,85.63,280.65,,,,,,,,
HP.238.jpg,diptera,train,2820.8,974.12,320.91,273.34,84.66,94.24,794.91,1227.74,829.46,1272.14,727.08,,,,,2132.27,2075.55,282.56,294.13,,,,,,,,
HP.24.jpg,diptera,train,1525.59,431.44,245.62,2.48,54.67,71.08,388.22,601.93,379.14,678.04,379.9,,,,,1264.87,1319.1,149.77,201.64,,,,,,,,
HP.25.jpg,diptera,train,1422.97,514.15,207.12,105.55,114.41,119.57,396.66,616.49,598.34,599.36,409.7,,,,,1403.66,1394.75,393.83,434.77,,,,,,,,
HP.275.jpg,diptera,train,2002.29,738.5,270.79,3.26,126.32,123.03,524.93,873.79,,857.71,630.22,,,,,1802.42,1773.0,105.12,628.84,,,503.77,351.44,,,,
HP.277.jpg,diptera,train,1589.19,524.63,207.82,2.93,91.56,126.83,419.34,630.35,573.58,751.02,441.8,,,,,1103.91,1093.63,233.23,228.94,,,,,,,,
HP.278.jpg,diptera,train,,144.64,,5.07,103.19,,430.42,,363.41,874.38,461.72,,,,,1039.66,982.21,340.2,465.81,,,,,,,,
HP.28.jpg,diptera,train,1538.46,496.52,209.55,,105.77,97.47,414.84,642.04,534.0,686.87,421.62,,,,,1435.3,1413.88,443.93,420.25,,,,,,,,
HP.280.jpg,diptera,train,2841.13,902.96,362.54,276.01,220.35,,746.36,1214.27,1031.03,1264.32,714.34,,,,,2269.16,2257.61,866.74,,,,,,,,,
HP.29.jpg,diptera,train,1308.65,388.25,210.45,2.58,84.77,77.03,361.15,529.42,302.94,568.78,384.43,,,,,891.43,1104.89,208.3,266.56,,,,,,,,
HP.303.jpg,diptera,train,2382.06,723.76,290.61,120.05,,,562.14,1050.0,459.14,1041.45,668.88,,,,,1725.69,1741.56,419.08,482.0,,,,,,,,
HP.305.jpg,diptera,train,2260.37,562.82,175.62,10.47,,,598.52,1142.38,643.85,942.37,634.35,,,,,2039.85,2050.07,114.21,500.49,,,,,,,,
HP.306.jpg,diptera,train,1092.0,436.36,199.78,111.97,56.24,68.84,374.7,579.67,544.49,312.56,353.38,,,,,1082.15,1095.4,77.1,103.76,,,,,,,,
HP.307.jpg,diptera,train,2292.89,648.98,255.35,,,,559.7,953.48,683.59,1084.07,658.78,,,,,2099.02,2109.89,607.7,648.67,,,,,,,,
HP.309.jpg,diptera,train,1234.68,397.8,206.31,5.25,75.61,67.45,357.36,518.62,389.9,509.75,355.99,,,,,998.08,1028.24,171.04,220.92,,,,,,,,
HP.310.jpg,diptera,train,1897.43,466.34,269.66,8.1,98.05,106.05,389.97,631.29,299.83,996.47,371.92,,,,,1285.41,1266.27,134.64,48.97,,,,,,,,
HP.314.jpg,diptera,train,1552.94,524.16,274.01,,,105.39,407.97,713.62,528.18,565.3,428.87,,,,,1624.93,1615.73,467.03,435.79,,,,,,,,
HP.315.jpg,diptera,train,1578.89,560.35,246.99,88.09,116.35,,396.78,713.04,675.37,618.86,467.81,,,,,1180.05,1063.4,459.37,323.67,,,,,,,,
GJ.1112.jpg,diptera,val,3572.29,946.41,460.61,9.41,286.35,202.69,925.46,1519.27,877.53,1592.41,1028.22,,,,,2584.55,2560.44,928.14,927.93,,,,,,,,
GJ.1171.jpg,diptera,val,1628.04,759.01,465.04,145.93,69.93,71.51,646.88,871.97,651.82,291.02,642.05,,,,,1440.58,1353.5,267.63,471.79,,,,,,,,
GJ.1180.jpg,diptera,val,2739.43,1019.59,575.64,269.16,224.19,256.97,836.93,1248.34,878.51,915.46,894.12,,,,,2088.45,1989.13,543.29,691.66,,,,,,,,
GJ.2053.jpg,diptera,val,2074.76,753.1,412.69,3.45,202.45,185.82,725.98,985.36,858.14,676.71,648.24,,,,,1893.48,1922.86,448.3,333.53,,,,,,,,
GJ.2108.jpg,diptera,val,2778.19,959.51,443.97,2.4,131.85,,881.55,1177.06,902.18,1157.15,983.51,,,,,2435.79,2517.11,241.45,735.64,,,,,,,,
GJ.2113.jpg,diptera,val,3177.47,1018.7,494.42,6.12,124.73,147.83,872.93,1468.45,821.41,1214.6,976.56,,,,,2790.85,2803.75,920.14,906.21,,,,,,,,
GJ.2486.jpg,diptera,val,,268.59,145.51,1.72,59.22,59.03,212.99,285.97,334.81,,,,,,,557.93,,68.28,,,,,,,,,
GJ.2519.jpg,diptera,val,3487.22,1034.77,451.32,12.24,228.22,173.92,988.93,1478.56,980.64,1557.34,957.83,,,,,2429.53,2510.05,614.94,718.93,,,,,,,,
GJ.2542.jpg,diptera,val,2496.78,823.09,386.32,0.0,182.21,188.13,647.52,882.97,766.24,1227.5,701.93,,,,,1600.46,1570.35,400.02,735.39,,,,,,,,
GJ.2568.jpg,diptera,val,2154.79,771.67,338.36,187.84,121.28,171.97,584.05,799.81,940.6,1016.62,613.26,,,,,1746.79,2004.96,670.6,270.6,,,,,,,,
GJ.2777.jpg,diptera,val,,998.04,432.59,311.76,227.75,255.08,757.49,1152.26,1007.0,,745.27,,,,,2608.21,2615.68,175.95,366.95,,,,,,,,
GJ.2962.jpg,diptera,val,3769.62,1157.5,432.31,3.49,264.96,246.97,1160.46,1557.63,1100.62,1779.67,1119.06,,,,,2555.71,2601.9,216.81,791.72,,,,,,,,
GJ.3019.jpg,diptera,val,2719.5,866.85,383.8,107.13,104.91,172.65,801.8,1302.94,893.12,1032.75,810.21,,,,,2430.01,2456.83,451.32,521.55,,,,385.11,,,,
GJ.5952.jpg,diptera,val,2721.26,875.86,422.47,8.36,87.25,,907.93,1194.65,879.76,1104.13,865.71,,,,,1973.9,2326.12,321.45,543.0,,,,,,,,
GJ.5957.jpg,diptera,val,3394.08,1242.29,628.07,356.93,93.56,98.95,1113.52,1368.46,1398.75,1397.55,1031.61,,,,,2739.21,2767.38,1011.55,963.3,,,,,,,,
GJ.5962.jpg,diptera,val,2618.11,899.0,363.49,7.72,104.8,,834.06,1213.42,1128.35,1041.2,905.13,,,,,2062.63,2152.0,145.17,265.19,,,,,,,,
GJ.5970.jpg,diptera,val,3368.55,986.08,335.99,79.23,,,932.24,1445.46,,1587.1,1029.59,,,,,2929.24,3068.63,968.97,1163.18,,,,,,,,
GJ.5985.jpg,diptera,val,4059.53,1244.72,611.72,277.52,294.86,234.54,1142.32,1684.5,1242.13,1763.32,1132.12,,,,,2713.32,2932.18,672.49,1011.12,,,,,,,,
GJ.5993.jpg,diptera,val,4169.68,,341.4,123.57,,,1055.3,1680.81,1066.4,2147.48,998.89,,,,,2543.37,2567.1,678.12,770.27,,,,,,,,
GJ.6002.jpg,diptera,val,2461.56,886.88,512.44,203.14,149.8,208.05,798.43,1126.0,959.59,823.11,786.89,,,,,2106.6,2033.82,90.13,695.75,,,,,,,,
GJ.6007.jpg,diptera,val,3564.24,1152.68,445.43,63.4,186.51,106.76,1062.0,1562.96,1111.95,1555.84,1007.62,,,,,2332.4,2146.89,124.34,385.8,,,,,,,,
GJ.6010.jpg,diptera,val,2443.36,1013.83,452.66,209.11,191.27,228.12,753.11,1248.91,1099.36,741.79,875.08,,,,,2455.72,2524.35,375.67,632.26,,,,,,,737.1,782.79
GJ.6015.jpg,diptera,val,1817.64,761.73,311.99,178.65,181.01,151.49,566.18,943.84,856.7,561.8,584.65,,,,,2103.48,1971.5,361.59,654.03,,,,,,,,
GJ.6016.jpg,diptera,val,3716.24,1179.31,444.66,8.19,229.49,,1185.78,1642.28,1370.98,1629.29,1278.87,,,,,2932.98,2920.79,901.18,927.7,,,,,,,,
GJ.6020.jpg,diptera,val,3702.54,1300.13,621.41,368.42,,,996.97,1523.69,1336.69,1557.44,1020.61,,,,,2823.91,3173.74,157.48,1001.66,,,,,,,,
GJ.6031.jpg,diptera,val,2998.8,1023.64,336.74,21.47,,,967.03,1488.92,928.54,1173.14,913.69,,,,,2858.37,2921.65,718.97,988.85,,,,,,,,
GJ.6041.jpg,diptera,val,3529.38,503.19,518.22,,,163.77,1003.53,1478.4,1100.91,1532.76,1039.96,,,,,3315.59,3307.27,,1235.77,,,,,,,,
GJ.6052.jpg,diptera,val,3000.28,994.29,451.96,260.04,106.86,184.46,799.89,1173.83,802.24,1374.49,885.72,,,,,2741.82,2759.1,850.81,387.1,,,420.04,486.68,,,,
GJ.6059.jpg,diptera,val,,968.4,401.41,,,,986.74,1505.34,982.48,,996.65,,,,,,3068.43,,671.64,,,,,,,,
GJ.6062.jpg,diptera,val,3355.93,,479.22,,,279.7,982.92,1524.28,1183.96,1352.43,1057.89,,,,,3377.04,3522.29,1084.9,955.67,,,,,,,,
GJ.6130.jpg,diptera,val,,697.2,183.9,121.16,,,620.6,971.56,564.96,,744.36,,,,,1598.73,1549.52,519.02,466.29,,,,,,,,
GJ.7033.jpg,diptera,val,3488.36,1013.85,451.37,207.65,92.62,,936.38,1339.7,1051.14,1697.29,929.07,,,,,2993.9,2987.1,850.91,803.24,,,,,,,,
GJ.7508.jpg,diptera,val,2077.72,666.81,245.67,2.63,31.58,44.35,563.24,836.11,599.2,995.94,572.48,,,,,1778.19,1755.52,279.61,138.65,,,,,,,,
GJ.781.jpg,diptera,val,2966.96,911.68,395.85,13.13,,,771.7,1222.82,817.78,1348.3,863.42,,,,,2145.87,2268.04,665.19,370.31,,,,,,,,
GJ.783.jpg,diptera,val,3270.01,965.86,361.99,25.39,,,876.07,1394.38,970.07,1513.64,888.24,,,,,2172.17,2152.2,676.88,700.3,,,,,,,,
GJ.929.jpg,diptera,val,4298.21,1380.67,541.68,53.5,,,1277.85,1922.99,,1833.54,1499.87,,,,,2999.01,2897.92,1107.39,,,,,,,,,
GJ.939.jpg,diptera,val,2909.17,967.36,396.53,14.11,151.28,181.97,822.71,1290.67,780.23,1221.97,916.42,,,,,1862.71,1918.57,535.02,429.53,,,,,,,,
GJ.946.jpg,diptera,val,3071.13,916.96,303.72,63.67,,,871.43,1269.96,877.8,1497.45,897.88,,,,,1916.2,2010.1,158.64,94.44,,,,,,,,
GJ.947.jpg,diptera,val,3413.82,1140.77,409.53,46.0,,218.88,1115.53,1629.19,807.94,1375.1,1103.57,,,,,2043.12,2058.05,653.06,607.83,,,,,,,,
GJ.969.jpg,diptera,val,3166.83,966.34,429.42,142.74,,262.47,944.13,1393.07,913.29,1344.34,884.5,,,,,2027.57,1982.8,677.83,650.52,,,,,,,,
GV.42902.jpg,diptera,val,2412.89,667.71,352.09,177.2,47.66,58.32,578.49,873.64,699.08,1187.15,542.35,,,,,1719.08,1748.55,247.44,337.12,,,,,,,,
GV.42970.jpg,diptera,val,2633.9,866.35,388.94,213.26,161.53,123.65,687.39,1068.99,677.0,1175.97,652.84,,,,,2268.28,2294.3,679.72,564.82,,,,,,,,
GV.8146.jpg,diptera,val,2130.57,893.73,205.12,16.73,,,757.57,1195.59,979.98,729.86,824.06,,,,,2011.57,2017.9,674.28,570.97,,,,,,,,
HP.19.jpg,diptera,val,1129.0,,123.18,,,,231.08,391.23,297.57,614.6,233.93,,,,,744.56,734.05,83.82,77.01,,,,,,,,
HP.2.jpg,diptera,val,1406.25,399.79,186.34,0.79,97.09,97.71,291.07,465.55,256.65,754.36,276.78,,,,,1090.5,976.5,84.11,234.98,,,,,,,,
HP.205.jpg,diptera,val,1470.81,487.43,68.82,117.51,,,418.54,560.5,515.14,841.48,426.9,,,,,1265.42,1284.79,435.41,519.04,,,,,,,,
HP.223.jpg,diptera,val,1519.5,578.46,167.67,52.03,63.23,44.58,522.94,715.23,732.31,636.6,515.4,,,,,1024.03,1187.16,92.78,335.71,,,,,,,,
HP.279.jpg,diptera,val,1914.02,783.28,191.17,253.36,,,657.91,956.06,982.09,766.79,665.97,,,,,1674.57,1787.3,216.47,524.19,,,,,,,,
HP.30.jpg,diptera,val,1129.31,370.29,143.93,121.97,,75.19,320.04,475.42,358.29,509.96,310.12,,,,,,1011.92,330.62,333.32,,,,,,,,
GAVK.JKA13-4015.jpg,diptera,test,2793.49,912.51,510.66,4.22,372.3,335.63,816.14,1126.12,944.98,1156.72,847.72,,,,,2406.33,2457.18,596.4,623.16,,,,,,,,
GJ.1087.jpg,diptera,test,1921.32,591.55,190.93,35.03,,,518.56,669.1,551.89,1061.3,493.56,,,,,1274.06,1327.91,346.44,405.07,,,,,,,401.33,399.06
GJ.1126.jpg,diptera,test,3178.44,966.03,502.84,229.63,159.72,,948.57,1251.5,1012.14,1424.1,881.59,,,,,2336.75,2246.51,487.73,423.55,,,,,,,,
GJ.1162.jpg,diptera,test,2159.42,727.78,408.13,8.87,53.0,57.68,705.93,864.57,693.03,886.72,696.29,,,,,1338.16,1404.86,309.13,124.13,,,,,,291.35,,
GJ.1177.jpg,diptera,test,1854.72,697.79,316.98,10.41,,,645.72,881.88,650.36,655.85,655.1,,,,,1324.26,1335.35,511.45,446.9,,,,,,,,
GJ.1200.jpg,diptera,test,,997.54,315.88,80.03,,,911.87,1418.59,,,1091.08,,,,,2351.38,2627.32,644.47,965.75,,,,,,,,
GJ.1203.jpg,diptera,test,2767.56,1068.71,322.92,152.22,,,1135.0,1605.21,1226.73,839.43,1137.17,,,,,2736.1,2650.45,1001.25,941.72,,,,,,,,
GJ.1217.jpg,diptera,test,,1272.95,478.11,242.79,,,1322.87,1788.02,,,1343.82,,,,,3151.11,3141.74,,1089.56,,,320.97,355.08,,,,
GJ.1446.jpg,diptera,test,6029.17,2201.4,787.54,513.16,,,2020.85,2513.64,2361.54,2728.0,2144.61,,,,,4437.32,4543.19,1500.15,1481.77,,,,,,,,
GJ.1809.jpg,diptera,test,3828.54,1447.53,858.35,273.36,206.58,174.8,1352.11,1773.46,,1196.73,1380.85,,,,,2859.87,2605.31,1104.82,1013.25,,,,,,,,
GJ.2101.jpg,diptera,test,3573.92,1133.61,702.01,16.46,436.33,399.25,986.37,1264.64,929.79,1607.28,1103.6,,,,,1596.29,1908.32,243.74,185.56,,,,,,,,
GJ.2106.jpg,diptera,test,2566.74,1063.9,465.7,261.26,220.68,250.71,,1248.14,1424.61,852.9,865.22,,,,,3387.53,3514.95,635.97,846.57,,,,,,,,
GJ.2419.jpg,diptera,test,2990.03,971.14,410.22,155.26,69.09,87.26,849.46,1413.69,676.09,1166.12,767.26,,,,,2696.74,2766.19,672.74,825.1,,,,,,,,
GJ.2501.jpg,diptera,test,1757.89,685.76,353.82,167.28,172.56,144.39,629.0,812.19,832.99,591.88,527.11,,,,,1679.77,1624.76,404.78,541.34,,,,,,,,
GJ.2509.jpg,diptera,test,2579.91,755.9,267.1,26.89,143.83,,774.54,1112.99,717.59,1199.81,718.56,,,,,768.58,1155.93,141.95,309.57,,,,,,,,
GJ.2513.jpg,diptera,test,3622.16,1003.47,424.65,14.23,269.72,242.45,932.37,1366.57,1006.44,1830.94,915.09,,,,,2395.6,2439.54,489.17,269.92,,,,,,,,
GJ.2541.jpg,diptera,test,3078.13,999.85,388.21,249.98,188.88,221.71,817.49,1234.07,1104.41,1455.85,723.32,,,,,2949.04,2830.44,597.95,578.19,,,,,,,,
GJ.2597.jpg,diptera,test,3169.88,1016.63,497.11,2.44,123.52,161.77,992.21,1273.71,1043.08,1399.05,944.29,,,,,2354.73,2395.5,172.84,169.96,,,,,,,,
GJ.2820.jpg,diptera,test,2791.32,1002.42,478.43,292.14,354.24,119.36,748.46,1171.93,1035.82,1140.96,831.15,,,,,2414.15,2503.76,712.49,533.24,,,,,,,,
GJ.5936.jpg,diptera,test,4060.11,1260.69,599.75,216.65,237.0,220.46,1167.89,1810.51,1011.48,1649.85,1069.15,,,,,3457.34,3527.31,773.79,714.07,,,,,,,,
GJ.5956.jpg,diptera,test,2275.11,857.58,408.56,252.08,,62.32,744.84,1054.2,969.46,812.36,723.58,,,,,1893.79,1833.46,196.75,221.43,,,,,,,,
GJ.5964.jpg,diptera,test,3039.87,793.95,262.94,48.8,,,692.36,1089.22,864.76,1687.71,812.82,,,,,2212.33,2093.07,244.99,189.6,,,,,,,267.63,457.31
GJ.5977.jpg,diptera,test,3859.97,896.58,441.37,,,198.49,1023.94,1402.51,985.66,2016.09,1032.21,,,,,2459.74,2524.23,,774.72,,,,,,,658.79,
GJ.5980.jpg,diptera,test,4803.37,1418.74,520.55,179.52,224.5,182.26,1399.95,1989.56,1297.42,2293.26,1352.61,,,,,3133.5,3126.56,839.43,926.91,,,,,,,,
GJ.5984.jpg,diptera,test,4090.13,1169.97,526.66,60.97,167.11,235.88,1093.71,1619.48,1071.19,1943.99,1131.65,,,,,2380.21,2372.4,480.54,716.25,,,,,,,,
GJ.6001.jpg,diptera,test,2815.09,1038.92,591.95,244.79,227.52,165.42,922.25,1271.82,1047.98,951.32,942.34,,,,,1693.54,2450.47,434.54,326.06,,,,,,,,
GJ.6021.jpg,diptera,test,3067.25,1129.5,383.63,332.06,,,1053.76,1383.33,1280.52,1300.28,1025.69,,,,,2690.22,2760.31,919.04,920.25,,,,,,,430.11,566.16
GJ.6039.jpg,diptera,test,3126.55,1084.79,471.13,32.63,,,973.09,1390.77,1033.6,1264.65,991.81,,,,,3032.58,3017.18,535.24,1057.21,,,,,,,,
GJ.6047.jpg,diptera,test,,1173.58,606.75,255.08,,,1036.35,1632.34,,,927.87,,,,,3215.35,3579.57,1128.71,496.3,,,,,,,627.71,724.81
GJ.6055.jpg,diptera,test,3313.09,1159.91,674.98,2.87,133.24,153.25,998.51,1302.39,924.31,1335.73,987.71,,,,,3365.9,3381.25,556.45,775.13,,,,,,,,
GJ.6057.jpg,diptera,test,,1026.2,462.59,207.16,128.38,113.42,984.24,1427.23,,,981.77,,,,,2940.73,3135.35,785.27,180.1,,,,,,,,
GJ.6064.jpg,diptera,test,4020.02,1214.73,628.15,5.76,116.54,101.54,1217.51,1506.56,1206.84,1885.31,1141.25,,,,,3546.27,3514.52,810.47,849.11,,,,,,,,
GJ.6071.jpg,diptera,test,,1158.52,459.01,5.64,129.73,164.01,1027.31,1478.88,,,1046.79,,,,,3344.46,3313.5,724.34,940.92,,,823.54,839.84,,,,
GJ.6276.jpg,diptera,test,3491.49,1004.87,434.92,195.62,,,880.31,1261.4,799.23,1795.17,957.5,,,,,2489.98,2404.37,685.23,756.49,,,,,,,,
GJ.6812.jpg,diptera,test,2629.22,885.35,343.0,,125.7,76.46,730.56,1135.46,829.91,1150.76,799.59,,,,,2449.44,2615.19,498.42,717.62,,,,,,,,
GJ.6851.jpg,diptera,test,2560.43,857.44,349.25,1.57,,,789.88,1174.02,870.29,1037.16,896.92,,,,,1523.74,2092.42,776.67,351.26,,,,,,,,
GJ.925.jpg,diptera,test,3461.97,1320.9,550.12,290.23,245.38,305.92,1241.85,1924.55,1373.99,987.3,1223.13,,,,,2732.34,2995.23,831.01,1068.93,,,,,,,,
GJ.972.jpg,diptera,test,2979.08,884.32,341.54,57.38,,,786.11,1132.6,809.83,1504.94,758.57,,,,,1843.57,1869.68,242.09,213.11,,,,,,,,
GV.37459.jpg,diptera,test,1919.62,617.09,274.33,153.6,100.44,114.63,513.83,805.38,691.33,839.9,505.74,,,,,1812.69,1801.64,554.69,590.09,,,419.87,386.84,,,373.16,317.36
GV.95146.jpg,diptera,test,2736.11,810.98,276.59,14.85,103.78,111.82,740.39,1060.47,747.39,1399.05,758.71,,,,,2051.75,2477.79,198.72,362.62,,,,,,,,
HP.13.jpg,diptera,test,1622.83,,261.05,,93.64,104.74,395.47,626.38,472.01,735.41,427.18,,,,,1159.22,959.19,207.41,235.96,,,,,,,,
HP.14.jpg,diptera,test,1665.79,688.25,315.55,152.79,194.34,193.3,595.87,747.05,746.36,603.18,605.78,,,,,1461.11,1282.5,414.86,451.9,,,,,,,,
HP.206.jpg,diptera,test,2572.59,948.64,188.34,292.68,,,744.14,1171.61,1261.89,1212.64,756.11,,,,,2357.03,2392.61,213.62,126.47,,,,,,,,
HP.207.jpg,diptera,test,2049.84,712.72,225.98,238.0,131.35,77.65,585.89,1049.43,773.51,774.43,587.93,,,,,1776.09,1971.33,521.19,61.7,,,,,,,,
HP.227.jpg,diptera,test,2319.81,804.36,310.26,163.61,178.95,116.13,615.58,921.67,889.92,1087.88,606.74,,,,,1885.77,1926.37,319.21,386.83,,,,,,,,
HP.27.jpg,diptera,test,1538.92,494.38,242.36,,,162.58,389.41,608.31,559.41,688.25,442.24,,,,,1367.25,883.73,360.61,377.69,,,,,,,,
HP.31.jpg,diptera,test,1509.7,446.72,239.03,1.87,74.16,65.38,415.88,593.79,369.72,676.88,445.44,,,,,1278.37,1270.34,354.75,371.01,,,,,,,,
HP.313.jpg,diptera,test,1987.62,594.7,257.07,119.67,149.14,114.26,433.48,752.83,660.48,977.72,441.19,,,,,1584.67,1075.2,475.48,521.32,,,,,,,,
HP.316.jpg,diptera,test,1797.72,125.48,295.83,,93.22,,376.1,713.16,305.62,788.72,419.13,,,,,1157.45,1186.55,184.72,281.53,,,,,,,,
Afranthidium_carduele_F_001.jpg,hymenoptera,train,2726.35,1169.22,396.12,688.11,852.63,527.76,1221.62,1032.28,1199.82,1297.95,847.08,,1231.13,,58.45,1943.19,2005.9,348.64,139.98,,,,,,,457.35,
Afranthidium_schulthessii_F_001.jpg,hymenoptera,train,2353.3,988.51,355.11,662.01,376.61,522.42,1042.16,881.27,999.57,1116.91,873.3,1052.43,1375.53,233.14,191.49,1652.52,1757.31,304.64,78.7,,,,,,,451.38,547.88
Afranthidium_schulthessii_M_001.jpg,hymenoptera,train,2965.46,1249.4,499.89,775.4,,638.46,1241.67,999.77,1242.26,1465.81,1132.88,481.86,511.59,200.36,243.71,1491.78,1435.75,115.39,186.93,,,,,,,,
Aglaoapis_tridentata_F_002.jpg,hymenoptera,train,3722.52,1101.9,831.7,695.5,874.83,954.68,1147.16,1129.28,1128.96,1761.54,1003.17,,,,,2367.97,2499.93,217.14,449.95,,,,,,,,
Aglaoapis_tridentata_M_002_grey.jpg,hymenoptera,train,2629.22,866.76,325.53,,968.69,956.02,1032.77,928.18,862.72,1375.51,771.48,,,,,1597.28,1756.16,344.25,205.18,,,541.23,481.94,,,458.79,
Amegilla_albigena_M_001.jpg,hymenoptera,train,2387.0,1077.36,514.27,645.28,926.5,975.91,946.05,799.28,1164.74,1073.44,1055.37,,,,,1724.04,1724.09,324.88,313.41,,,,,,,,
Amegilla_canifrons_F_001.jpg,hymenoptera,train,3216.31,1156.49,621.07,767.5,733.17,737.48,1299.95,1052.66,,1542.58,1220.42,,,,,2381.4,2315.2,704.65,771.23,,,,,,,,
Amegilla_canifrons_M_001.jpg,hymenoptera,train,2536.76,995.74,375.67,578.82,873.99,,1146.72,888.78,1175.52,1272.31,,,1230.25,,105.66,,1808.69,,387.32,,,651.56,900.12,,,566.14,871.22
Amegilla_fasciata_F_002_grey.jpg,hymenoptera,train,2819.15,1048.86,397.57,616.46,721.4,400.35,1181.6,1140.04,1184.08,1281.54,934.02,1435.07,1197.53,440.11,204.56,2066.66,1999.23,323.23,316.83,,,,,,,,
Amegilla_fasciata_M_001.jpg,hymenoptera,train,2282.48,898.71,362.06,485.18,937.92,,891.0,678.31,1000.09,1242.11,934.17,1170.12,668.34,372.35,354.38,1682.1,1151.44,588.04,460.37,,,469.81,609.73,,,518.32,767.96
Amegilla_garrula_M_001.jpg,hymenoptera,train,3077.38,1041.83,776.22,598.63,1030.44,910.91,1329.41,1003.81,1242.22,1297.35,1033.4,1258.42,,200.43,,1762.13,1581.83,439.02,686.32,,,,,,,,
Amegilla_ochroleuca_F_001.jpg,hymenoptera,train,2590.08,984.36,534.17,585.34,283.87,700.18,1207.36,944.13,,1111.78,1092.85,,,,,1932.54,1286.16,649.66,683.67,,,,,,,,
Amegilla_ochroleuca_M_001.jpg,hymenoptera,train,2563.81,1010.42,380.7,586.69,807.78,960.22,1174.13,1020.11,1215.67,1162.99,1032.31,1289.11,,80.68,,1967.4,1984.87,112.37,288.82,,,,,,,,
Amegilla_quadrifasciata_F_001.jpg,hymenoptera,train,2794.93,1145.08,378.64,698.51,,529.26,1306.84,1145.59,1377.6,1270.69,1166.08,,,,,1921.03,2102.26,852.27,745.5,,,,,,,,
Amegilla_salviae_F_001.jpg,hymenoptera,train,2250.58,869.68,332.65,459.04,396.93,387.7,971.84,749.59,967.21,1168.35,767.56,1059.24,1090.55,296.89,279.41,1603.35,1467.04,137.45,587.51,,,,,,,,
Amegilla_savignyi_F_001.jpg,hymenoptera,train,2565.28,1098.93,405.2,690.45,457.29,623.64,1306.89,1143.09,1331.61,1016.99,1054.1,1229.76,1275.48,110.34,91.81,2071.47,1982.03,322.26,74.22,,,,,,,,
Amegilla_savignyi_M_001.jpg,hymenoptera,train,2747.75,1108.89,397.38,684.7,999.54,1099.85,1278.88,1148.98,1322.72,1201.39,1046.38,,1175.78,,130.48,1926.7,2073.5,476.87,238.4,,,,,,,540.23,541.91
Ammobates_armeniacus_F_001.jpg,hymenoptera,train,4109.51,1310.97,699.4,820.17,872.89,906.12,1437.13,1318.74,1420.22,2091.37,1217.78,,,,,2731.73,2813.28,330.66,681.8,,,,,,,,
Ammobates_dusmeti_F_001.jpg,hymenoptera,train,4106.4,1126.34,635.43,779.98,1224.85,,1306.47,1306.47,1208.85,2164.5,1142.94,2029.29,,281.01,,2689.05,2652.76,312.78,537.98,,,,,,,,
Ammobates_mavromoustakisi_F_001.jpg,hymenoptera,train,3550.44,1078.73,709.2,643.42,1175.76,1308.86,1301.63,1218.88,1255.96,1622.35,974.3,,,,,2450.28,2272.55,400.03,525.6,,,,,,,561.93,650.62
Ammobates_mavromoustakisi_M_001.jpg,hymenoptera,train,2907.63,870.69,465.88,,731.94,726.15,1117.65,1073.35,,1368.4,844.71,,,,,1864.9,1940.41,768.39,580.73,,,,,,,354.04,
Ammobates_muticus_F_001.jpg,hymenoptera,train,3045.19,938.95,668.72,600.08,516.32,663.85,1031.56,907.07,1025.97,1469.4,653.69,1590.7,,344.28,406.57,,2113.05,707.18,736.96,,,,,,,,
Ammobates_muticus_M_001.jpg,hymenoptera,train,2855.86,918.03,546.65,583.78,897.31,897.75,1006.17,1065.99,996.13,1243.22,682.79,1765.49,1699.88,415.46,342.88,2494.09,2387.38,687.08,817.31,1555.34,405.37,519.58,630.38,1376.81,497.67,339.33,539.81
Ammobates_opacus_F_001.jpg,hymenoptera,train,3852.04,1230.31,791.7,738.09,494.06,1087.33,1449.79,1469.17,1356.77,1591.18,915.28,,,,,2718.12,2734.07,923.59,511.58,,,610.83,822.0,,,,
Ammobates_oraniensis_F_001.jpg,hymenoptera,train,2749.23,895.88,422.6,561.54,901.91,921.81,1070.02,1014.6,979.53,1312.03,702.09,,,,,2123.41,2112.98,249.31,712.3,,,,623.84,,,,
Ammobates_oraniensis_M_001.jpg,hymenoptera,train,2580.06,,434.61,,751.27,709.73,,909.69,956.93,1235.76,643.1,1408.05,,253.68,,2134.2,2179.09,225.79,616.6,,,,648.2,,,,729.88
Ammobates_punctatus_M_001.jpg,hymenoptera,train,4078.03,1274.62,618.18,,892.7,1279.18,1524.06,1537.83,1525.53,1922.02,1488.75,2041.58,2118.54,813.79,549.22,,985.66,1035.37,,,,,,,,,
Ammobates_rufiventris_F_001.jpg,hymenoptera,train,2509.86,786.64,593.17,472.86,925.18,878.16,987.09,929.29,,987.41,568.88,,,,,2136.0,1955.24,227.22,407.78,,426.82,,,,,,
Ammobates_rufiventris_M_001.jpg,hymenoptera,train,3398.83,938.06,541.98,594.11,957.43,1253.45,1280.05,1258.29,1159.53,1598.56,786.45,1714.29,1869.84,447.33,,2740.91,2617.66,464.64,352.57,,,287.13,,,,,
Ammobates_sanguineus_M_001.jpg,hymenoptera,train,3321.31,938.51,768.2,562.7,919.85,948.87,1077.2,1228.41,934.19,1324.7,682.93,,,,,2210.1,2267.64,343.78,379.2,,,,,,,,
Ammobates_similis_F_001.jpg,hymenoptera,train,2756.55,853.21,538.1,540.33,1016.56,894.94,1019.22,1054.88,954.11,1163.57,660.27,,,,,2056.79,2042.89,184.94,478.33,,,430.2,,,,,
Ammobates_similis_M_001.jpg,hymenoptera,train,3702.68,963.36,835.04,508.8,966.35,1162.52,1162.79,1230.68,1060.98,1636.97,762.85,,,,,2539.14,2515.19,435.37,,,,,,,,,798.01
Ammobates_verhoeffi_M_001.jpg,hymenoptera,train,2337.62,821.72,428.01,,961.32,962.13,950.19,865.03,,1044.58,585.09,,,,,1938.24,1987.77,,246.51,,,238.75,,,,,
Ammobates_vinctus_F_001.jpg,hymenoptera,train,2585.28,840.21,600.96,559.03,869.13,911.18,957.38,936.0,892.76,1048.32,595.59,,,,,1978.75,2025.14,,173.68,,,,,,,,
Ammobates_vinctus_M_001.jpg,hymenoptera,train,3482.23,1042.13,598.22,600.04,850.93,946.28,1233.71,1211.3,1224.43,1672.7,809.76,,1922.57,,,2358.36,2654.1,268.35,,,,,,,,,
Ammobatoides_abdominalis_F_001.jpg,hymenoptera,train,2515.1,791.54,550.37,440.26,787.71,926.06,864.24,953.34,927.63,1011.39,667.68,1294.13,1319.49,413.22,477.79,1811.3,1933.03,919.59,713.46,,,437.73,592.7,,,454.82,643.25
Ammobatoides_scriptus_F_001.jpg,hymenoptera,train,2787.0,974.69,476.88,545.5,1041.45,1100.71,,1022.24,1075.68,1287.88,753.33,,,,,2121.1,2108.23,697.22,662.09,,,,370.35,,,,
Ammobatoides_scriptus_M_001.jpg,hymenoptera,train,2447.58,801.17,287.54,306.05,630.01,435.51,921.84,1016.21,852.53,1143.83,642.34,,,255.55,283.08,,2012.36,,588.71,,,,,,,,
Ancyla_asiatica_M_001.jpg,hymenoptera,train,,966.97,351.49,498.96,437.13,422.39,1112.28,1091.17,,,709.92,,,,,2221.48,2212.14,435.97,479.13,,,580.16,,,,,
Ancyla_cretensis_M_001.jpg,hymenoptera,train,2081.69,774.4,389.31,382.43,,688.56,,695.08,770.66,997.31,,,,264.33,,1676.1,,,321.46,,,,,,,,
Ancyla_holtzi_M_001.jpg,hymenoptera,train,,1004.34,205.66,489.86,974.45,,1111.68,1032.78,698.79,,704.25,,,,,1993.21,1955.25,659.88,,,,,,,441.06,250.1,
Andrena_aberrans_F_001.jpg,hymenoptera,train,3340.92,1032.35,336.89,659.31,936.6,970.31,,1296.04,1151.21,1707.99,767.05,2093.25,,,,2754.38,2707.15,579.63,832.96,,,,,,,679.71,559.91
Andrena_aberrans_M_001.jpg,hymenoptera,train,3873.78,1078.91,689.21,739.48,1295.96,,,1192.0,1106.87,1992.57,725.81,,2089.55,,,2781.26,2462.91,222.44,,,,,2317.58,,,,
Andrena_abjecta_M_001.jpg,hymenoptera,train,3442.28,1064.98,485.22,740.53,1242.7,1408.4,,1162.06,,1794.99,730.23,,,,351.7,3061.28,3024.96,,452.09,,,694.25,,,,,
Andrena_abrupta_F_001.jpg,hymenoptera,train,,917.46,309.29,620.32,785.11,,836.2,1040.84,999.9,,614.34,1528.31,1400.83,,326.97,2042.85,,607.19,,,,643.85,625.35,,,546.54,450.18
Andrena_abrupta_M_001.jpg,hymenoptera,train,2759.79,877.94,306.13,605.26,,818.18,780.87,965.86,860.09,1487.81,556.51,1292.39,1319.03,360.33,,1721.64,1782.98,577.9,569.74,,,443.17,,,,574.46,584.81
Andrena_acerba_F_001.jpg,hymenoptera,train,3652.83,1117.0,234.12,,1048.69,823.84,1126.96,1402.71,1173.2,2016.0,731.8,,,,,2861.35,2497.46,276.33,504.72,,,,,,,,
Andrena_acerba_M_001.jpg,hymenoptera,train,2976.12,964.33,295.71,,,1004.0,914.11,1226.14,,1454.26,624.38,,,,,2535.8,2591.19,412.96,156.74,,,,,,,,
Andrena_aciculata_F_001.jpg,hymenoptera,train,2788.81,763.25,487.1,507.61,739.68,848.69,734.94,969.2,774.09,1332.51,545.14,1488.91,1330.77,158.57,390.52,1463.64,1555.56,206.27,567.58,,,556.9,618.26,,,,667.75
Andrena_aciculata_M_001.jpg,hymenoptera,train,3270.78,941.74,731.65,679.83,1085.38,1116.3,,1008.53,852.08,1530.6,,,,,,,,467.24,,,,,,,,,
Andrena_acuta_M_001.jpg,hymenoptera,train,,747.55,254.24,446.94,1066.66,478.13,682.71,868.75,647.52,,498.29,,,,,1984.06,1985.06,140.08,480.67,,,,,,,,
Andrena_aegyptiaca_cannabina_F_001.jpg,hymenoptera,train,2670.9,739.55,370.1,521.16,689.57,613.18,735.88,972.26,764.91,1328.55,785.54,,1486.87,,,1912.45,1949.06,635.92,520.52,,,575.02,,,,578.01,
Andrena_aegyptiaca_cannabina_M_001.jpg,hymenoptera,train,2400.71,774.46,323.98,432.19,825.66,663.92,764.89,980.88,698.72,1095.85,856.7,1032.97,1451.89,356.63,443.46,1424.82,,637.26,647.54,1604.71,476.9,427.27,700.55,,,425.94,
Andrena_aeneiventris_F_001.jpg,hymenoptera,train,,983.03,281.1,597.77,663.9,809.92,,1199.71,866.45,,535.12,,1573.15,,534.23,2210.81,2166.84,413.81,633.08,,,553.03,602.03,,446.4,395.94,
Andrena_aeneiventris_M_001.jpg,hymenoptera,train,2817.8,1012.3,360.9,654.47,1325.24,1219.46,876.93,1073.4,923.23,1383.51,644.61,1282.39,874.64,636.53,493.17,1800.98,1247.77,723.76,687.42,1531.09,344.45,548.13,638.51,1865.64,403.92,602.19,859.53
Andrena_aerinifrons_F_001.jpg,hymenoptera,train,,805.71,297.98,485.09,604.0,654.57,,978.34,,,496.63,,1677.92,,,1901.54,2162.07,,,,,481.07,303.72,,,377.16,292.44
Andrena_afrensis_F_001.jpg,hymenoptera,train,2875.11,1028.29,260.79,608.98,,1099.4,1134.47,1449.48,,1164.84,761.7,,,,,3081.95,3106.87,,,,,,,,,699.06,
Andrena_afrensis_M_001.jpg,hymenoptera,train,,1047.34,233.14,661.94,1398.91,1378.02,,1399.7,1114.37,,1000.61,,,,,2761.53,2890.24,,,,,,,,607.95,762.05,
Andrena_afzeliella_F_001.jpg,hymenoptera,train,3173.27,1159.87,341.81,687.56,,840.49,,1390.97,1175.23,1440.48,783.94,,,506.82,327.52,2672.16,2679.9,508.12,253.72,,,,,,,,449.09
Andrena_afzeliella_M_001.jpg,hymenoptera,train,3133.13,996.14,315.35,665.92,976.42,734.87,,1160.33,,1657.45,702.19,,,,,2431.5,2412.87,777.79,693.56,,,667.2,666.01,,,702.4,813.76
Andrena_agilissima_F_001.jpg,hymenoptera,train,,788.35,165.54,476.15,,,,1071.32,840.53,,583.91,,,,,2406.76,2406.31,,,,,526.73,,,,667.65,403.9
Andrena_agilissima_M_001.jpg,hymenoptera,train,,942.23,217.62,597.95,1252.46,1243.0,,1257.92,1017.26,,629.26,,,,248.34,2599.21,2597.57,,,,,,,,,,
Andrena_albopunctata_F_001.jpg,hymenoptera,train,2753.73,964.19,204.69,,744.18,781.0,1073.0,1206.6,1204.02,1342.44,698.24,1987.41,1698.81,559.37,528.19,2583.64,,697.71,,1878.99,456.72,788.55,633.71,,,684.57,348.89
Andrena_alfkenelloides_M_001.jpg,hymenoptera,train,1480.27,411.26,247.8,306.36,304.26,420.52,355.2,481.44,355.28,751.03,301.8,716.12,,154.8,,1106.68,1060.55,317.56,353.63,,,,,,,,
Andrena_allosa_F_001.jpg,hymenoptera,train,2260.18,795.48,207.61,531.75,842.31,850.53,793.7,935.6,861.13,1116.97,577.96,1562.81,,450.22,,2193.72,2179.46,552.21,579.58,1754.48,481.51,577.02,695.95,1751.32,524.23,596.36,630.73
Andrena_alluaudi_F_001.jpg,hymenoptera,train,2202.42,825.41,373.9,603.07,687.84,649.35,735.44,970.28,803.51,858.24,585.94,1492.16,1165.7,352.37,357.62,2175.06,1773.89,575.76,538.48,1391.4,308.38,552.73,530.29,1451.85,410.78,535.27,505.79
Andrena_alluaudi_M_001.jpg,hymenoptera,train,1984.6,765.07,285.53,519.69,213.52,149.06,655.66,857.6,660.98,841.47,533.1,1276.88,1162.19,318.57,375.62,1793.1,1678.14,489.84,554.42,,438.22,316.44,,,411.85,295.59,
Andrena_alma_F_001.jpg,hymenoptera,train,1470.71,517.11,178.64,347.77,279.17,196.55,435.95,551.85,407.25,740.22,362.28,714.58,725.32,303.77,268.73,1144.23,1239.33,,,,,,,722.87,233.79,294.22,194.86
Andrena_alutacea_F_001.jpg,hymenoptera,train,3589.22,1128.24,455.47,823.86,1129.82,969.49,905.7,1263.86,1141.4,1869.88,722.62,,2221.16,,517.35,2763.98,3144.95,,513.04,2246.42,458.24,699.21,1088.97,2574.44,813.39,626.89,1134.15
Andrena_amieti_F_001.jpg,hymenoptera,train,3190.97,900.4,493.65,603.33,778.54,742.34,752.8,1195.31,951.24,1502.01,639.92,,,,,2667.0,2419.31,517.67,,1096.17,515.63,344.0,236.54,1304.57,524.64,416.79,363.13
Andrena_amieti_M_001.jpg,hymenoptera,train,2706.55,886.67,296.93,608.77,1075.85,988.84,754.23,1053.51,800.63,1356.12,587.14,,,,,2239.59,2420.01,299.31,372.32,1823.33,537.01,567.18,719.14,1977.41,550.6,622.61,804.2
Andrena_ampla_F_001.jpg,hymenoptera,train,2327.8,809.2,285.03,548.83,863.47,877.26,727.77,968.77,648.69,1073.99,519.11,,,,,2265.06,2154.86,632.46,,1393.31,238.5,679.51,475.3,,448.72,517.87,
Andrena_ampla_M_001.jpg,hymenoptera,train,,964.77,361.53,604.7,1186.5,1235.61,,,,,561.66,,,,,2546.79,2563.86,388.78,777.01,1834.67,409.12,779.58,645.97,2086.59,507.67,786.42,792.51
Andrena_anatolica_F_001.jpg,hymenoptera,train,3294.29,851.82,587.18,563.77,404.69,830.11,811.02,948.27,872.5,1758.84,574.53,,,,,1791.51,1812.36,375.99,,,,561.4,761.2,,,,818.99
Andrena_angustior_F_001.jpg,hymenoptera,train,2800.02,911.21,337.21,594.36,930.52,922.43,754.84,1083.04,977.81,1379.76,641.39,1929.54,1824.12,498.1,498.82,2571.83,2558.72,710.32,647.78,1644.66,518.64,595.13,530.89,1674.16,555.05,636.77,482.34
Andrena_anthrisci_M_001.jpg,hymenoptera,train,2518.09,772.43,304.35,381.38,510.71,1077.78,698.74,947.46,736.8,1266.29,547.2,1659.21,1232.85,221.9,403.21,2137.79,1878.52,200.17,377.86,1416.63,435.45,497.82,483.36,1256.82,443.13,422.18,391.51
Andrena_antigana_M_001.jpg,hymenoptera,train,2750.69,880.03,276.46,,876.09,1156.76,830.4,1023.67,822.92,1450.57,548.86,,,,,2082.17,2325.54,246.68,,1913.65,372.39,664.73,876.53,1762.34,465.12,602.36,694.85
Andrena_antonellae_F_001.jpg,hymenoptera,train,3582.07,1295.04,628.86,854.79,1167.78,1006.13,1047.88,1468.63,1195.51,1484.58,862.84,,,,573.11,2819.07,,272.71,,,,697.26,381.25,1703.74,547.32,638.21,518.22
Andrena_antonellae_M_001.jpg,hymenoptera,train,3647.42,1299.26,508.95,881.28,1620.53,1621.97,854.06,1326.37,1122.07,1812.1,770.27,,,,,,,,,1695.41,510.29,658.02,527.09,1883.6,569.63,697.16,616.82
Andrena_apicata_M_001.jpg,hymenoptera,train,2546.86,946.15,426.56,,1077.75,837.7,666.11,864.26,815.41,1256.04,568.31,,1553.58,,463.46,2688.99,2724.03,395.2,,,,,,,,,
Andrena_apiformis_F_001.jpg,hymenoptera,train,3118.71,1026.68,343.83,611.62,,,851.12,1223.99,992.58,1550.89,765.67,,,,,2664.22,2615.13,741.43,598.42,1209.02,467.5,420.41,321.11,,,,
Andrena_apiformis_M_001.jpg,hymenoptera,train,3278.27,941.13,307.33,,690.09,715.87,,1037.22,922.21,1933.72,655.04,,,,,2258.81,2426.41,,,,,,,,,,
Andrena_argentata_F_001.jpg,hymenoptera,train,3446.99,905.34,579.15,584.06,817.5,838.47,760.5,1105.28,1004.52,1762.57,646.48,,,,,2545.97,2506.29,679.33,703.34,,,,,,,,
Andrena_argentata_M_001.jpg,hymenoptera,train,2596.59,881.86,383.45,620.84,990.11,1052.76,723.04,983.63,971.2,1229.51,589.31,1343.57,1445.07,419.74,521.69,1903.18,1987.57,327.41,730.01,1443.58,436.92,466.4,540.27,1412.72,402.16,455.55,555.01
Andrena_asperrima_F_001.jpg,hymenoptera,train,3007.65,1038.8,270.93,621.99,990.36,1015.0,784.59,1277.96,1018.47,1458.76,705.31,,,,,2512.09,2773.6,,,,364.11,,,1861.64,487.14,727.59,646.91
Andrena_asperrima_M_001.jpg,hymenoptera,train,3507.0,1125.76,307.16,665.33,,1460.52,876.26,1425.55,1094.39,1774.29,717.43,,,,,2864.95,3215.72,,,,,803.58,871.89,,,,
Andrena_asperula_M_001.jpg,hymenoptera,train,2900.1,772.86,663.78,562.98,1007.05,1024.51,557.76,833.29,782.09,1403.03,487.06,,,,,2341.88,2392.39,257.81,393.08,,,,479.59,,,572.31,724.12
Andrena_assimilis_F_001.jpg,hymenoptera,train,2953.3,819.68,565.0,529.36,742.8,793.24,739.24,989.81,938.65,1398.49,608.41,1236.61,1330.21,403.51,483.59,1983.56,2012.12,485.25,538.09,,,601.56,684.64,,,579.17,655.03
Andrena_astica_F_001.jpg,hymenoptera,train,2622.18,856.84,310.47,,980.75,925.28,752.1,972.91,,1338.8,609.28,,,,,2464.72,2494.48,512.41,489.43,,454.83,790.92,,,421.1,776.1,
Andrena_astica_M_001.jpg,hymenoptera,train,2851.85,866.4,390.04,500.91,865.72,1105.11,696.99,1091.85,817.03,1369.96,599.66,1918.82,1925.53,456.54,,2612.01,2564.78,729.28,669.23,1894.36,349.11,953.68,591.57,2100.59,449.69,756.2,894.7
Andrena_athenensis_M_001.jpg,hymenoptera,train,3599.66,918.66,433.17,321.17,1015.16,1360.57,847.62,1288.67,924.14,1877.82,674.75,,2338.74,,503.61,3192.14,3169.07,309.16,,,551.04,310.16,,,,,
Andrena_atrata_M_001.jpg,hymenoptera,train,3292.51,941.59,400.32,613.53,1063.57,993.46,722.5,1258.07,881.34,1634.11,567.15,,,,,2555.45,2367.35,742.94,,,,646.26,876.34,,,617.23,540.75
Andrena_barbareae_M_001.jpg,hymenoptera,train,3245.71,966.72,388.36,746.48,1251.59,1288.7,828.11,1181.12,1074.44,1676.24,726.52,,,,,2936.79,2956.69,497.3,512.11,,,748.72,800.62,,,,
Andrena_barbilabris_F_001.jpg,hymenoptera,train,2366.22,725.22,302.44,497.91,620.81,640.81,660.93,857.97,818.5,1205.81,554.67,1458.86,1519.92,,298.6,1982.84,2075.05,535.13,381.87,1150.75,354.18,489.44,307.13,,431.92,488.92,
Andrena_barbilabris_M_001.jpg,hymenoptera,train,2969.41,850.53,320.6,571.94,1197.52,1086.8,631.36,1040.06,822.14,1608.75,556.12,,,275.08,,2486.9,2453.9,,,1140.66,452.46,382.84,305.37,1616.15,447.09,550.7,618.37
Andrena_batava_F_001.jpg,hymenoptera,train,3355.48,906.46,420.24,618.42,857.63,646.48,783.58,1013.45,1077.74,1921.8,741.04,1851.99,1766.87,224.56,380.56,2659.05,2663.47,,,,,,,,,,
Andrena_batava_M_001.jpg,hymenoptera,train,2398.68,753.54,542.29,548.41,825.36,985.15,619.53,745.01,679.78,1111.38,475.23,1373.54,1481.63,379.08,335.38,2094.39,1896.43,369.66,223.72,1494.96,356.3,485.55,653.11,1471.34,390.39,457.88,623.07
Andrena_bayona_F_007.jpeg,hymenoptera,train,1217.82,437.99,137.53,273.62,221.22,,316.14,481.2,404.59,599.09,287.04,,,103.58,,767.79,717.19,194.21,,,,,332.99,,,,325.63
Andrena_bayona_M_001.jpg,hymenoptera,train,3220.79,,349.82,667.52,840.63,1244.69,735.66,1256.44,877.11,1614.53,647.46,,,,,2489.75,2518.52,,579.86,,995.63,,,1898.96,885.27,450.73,562.97
Andrena_bayona_M_008.jpeg,hymenoptera,train,1515.93,454.13,285.2,323.27,538.13,306.0,297.88,504.82,395.9,725.92,285.78,652.48,,91.23,,944.8,932.27,203.59,105.54,,,,366.32,,,296.07,359.46
Andrena_benoisti_F_001.jpg,hymenoptera,train,3686.46,1177.6,661.39,,1140.84,1135.4,941.7,1357.63,1194.94,1667.44,789.7,,2162.22,269.13,222.24,3039.19,3035.1,395.18,483.96,1911.39,560.49,845.47,505.43,,572.2,,
Andrena_benoisti_M_001.jpg,hymenoptera,train,3006.87,905.37,432.61,576.8,,1270.29,,1071.56,953.1,1502.71,620.36,1743.31,1872.66,414.11,678.86,2519.99,2403.38,670.83,771.48,1762.5,382.12,635.7,744.67,1753.89,481.03,589.58,683.28
Andrena_bicolor_M_001.jpg,hymenoptera,train,2413.75,817.97,460.38,553.32,974.97,1076.59,578.99,979.53,818.53,973.83,554.28,1818.94,,,,2190.52,2276.82,711.27,,,,553.06,,,,453.57,
Andrena_bicolorata_F_001.jpg,hymenoptera,train,3776.05,1230.01,754.19,679.15,871.97,,839.66,1238.33,1275.64,1783.53,907.62,2213.21,,,,2484.31,2592.59,,1029.74,,,,,,,,
Andrena_biguttata_F_001.jpg,hymenoptera,train,3687.12,1020.6,780.84,660.6,613.17,765.99,690.69,1015.88,1059.1,1890.4,874.33,,,,,2248.27,2251.59,224.39,162.37,,,,,1676.25,788.08,555.62,332.55
Andrena_biguttata_M_001.jpg,hymenoptera,train,3981.95,1090.64,852.49,724.88,872.65,709.21,720.18,1124.66,1060.52,2004.8,648.44,,,,,2455.57,2368.64,527.87,,,,,,,,,
Andrena_bisulcata_F_001.jpg,hymenoptera,train,2889.55,842.67,635.64,608.67,658.11,844.66,540.34,887.32,759.23,1366.59,,,,,,2022.08,,580.09,635.9,,,778.23,552.07,,,,
Andrena_bisulcata_M_001.jpg,hymenoptera,train,3684.01,1262.23,580.81,677.11,1478.03,1361.2,,1329.95,1068.92,1773.25,785.67,,,183.46,,3108.5,3171.31,197.22,484.89,1493.49,585.22,484.44,423.83,,544.49,,
Andrena_blanda_M_001.jpg,hymenoptera,train,,1107.01,,789.77,463.54,538.0,,1072.23,1104.91,1785.99,,,1991.15,,238.08,2826.04,,708.05,304.23,,408.63,,,,,,
Andrena_boyerella_F_001.jpg,hymenoptera,train,3445.69,1027.12,581.15,673.43,491.18,702.81,765.58,1096.77,1121.13,1767.77,689.92,,,,,2232.12,2495.29,,719.97,1797.24,449.99,786.7,560.55,,456.38,622.84,
Andrena_boyerella_M_001.jpg,hymenoptera,train,2830.12,939.11,477.71,,865.25,823.48,687.02,989.22,896.11,1363.19,592.81,1740.6,,439.27,,2409.39,2339.08,692.34,607.36,,499.83,,,,451.36,,
Andrena_braunsiana_M_001.jpg,hymenoptera,train,1632.16,480.57,267.21,315.86,,486.4,320.64,484.62,448.45,880.33,285.16,861.31,909.66,211.17,192.73,1217.53,1215.68,107.86,,,,220.2,155.38,,,,
Andrena_brumanensis_F_001.jpg,hymenoptera,train,3134.61,976.65,496.9,571.18,889.75,832.73,790.93,1212.45,913.79,1425.26,648.22,,1693.15,,,2007.71,2127.83,197.33,172.45,,,667.35,861.4,,,,729.03
Anthidiellum_breviusculum_F_001.jpg,hymenoptera,train,3157.09,1171.35,703.59,780.3,,580.79,1090.52,1037.99,,1415.51,,,,,,,,,,,,,,,,,
Anthidiellum_breviusculum_M_001.jpg,hymenoptera,train,1643.66,668.53,233.03,400.2,,,655.45,693.59,766.78,717.04,630.37,,,,,,,,,663.38,92.75,333.29,237.34,,,363.24,
Anthidiellum_strigatum_F_001.jpg,hymenoptera,train,3053.11,1416.53,224.19,904.48,,,1268.81,1288.8,1556.32,1540.11,1222.09,,,,,,,,,,,,,,,,
Anthidiellum_strigatum_M_001.jpg,hymenoptera,train,2309.65,932.49,268.33,611.64,701.46,677.81,894.8,876.22,1079.96,1165.1,873.1,,,,150.01,2235.79,2241.02,316.79,91.57,,,,,,,,
Anthidiellum_troodicum_F_001.jpg,hymenoptera,train,3044.3,1092.63,776.13,714.77,,,1018.72,1014.33,1259.38,1253.84,952.47,,,,,,,,,,,,,,,,
Anthidium_caspicum_F_001.jpg,hymenoptera,train,1772.9,680.14,214.34,390.37,406.51,292.0,581.15,690.42,885.49,868.14,554.81,,,,,,,,,,396.73,354.32,,,276.8,461.73,
Anthidium_caspicum_M_001.jpg,hymenoptera,train,1931.83,580.22,277.76,315.55,411.72,280.2,515.23,594.47,773.75,1059.59,490.91,,,,,,,,,1017.11,399.75,468.8,148.56,971.46,415.66,400.7,155.1
Anthidium_diadema_F_001.jpg,hymenoptera,train,892.64,371.38,106.09,223.1,,109.76,301.99,301.57,401.64,484.98,334.0,,,,,659.48,655.89,76.92,71.16,,,,243.51,,,,246.94
Anthidium_diadema_M_001.jpg,hymenoptera,train,1017.16,338.87,156.41,201.22,231.94,185.58,294.31,324.35,384.39,536.39,275.57,,,32.12,60.58,,,85.53,,,,,,,,,
Anthidium_florentinum_F_001.jpg,hymenoptera,train,3251.24,1201.08,299.01,699.03,432.72,,1044.62,1369.69,1332.78,1582.53,1003.06,,,,,2419.34,,856.15,898.43,1836.36,312.31,720.84,803.2,,,622.62,
Anthidium_florentinum_M_001.jpg,hymenoptera,train,2628.89,969.43,271.83,488.9,955.24,619.62,1007.53,1207.56,1105.72,1149.5,1021.45,,,,,2020.2,2208.37,437.79,757.57,,,,,,,,
Anthidium_loti_F_001.jpg,hymenoptera,train,2161.81,425.19,495.2,433.41,503.74,,598.34,796.84,848.53,869.77,585.94,,,,,,,,,,,439.86,,,,455.58,
Anthidium_manicatum_F_001.jpg,hymenoptera,train,2372.94,945.47,372.32,586.7,551.69,488.54,833.73,988.22,1041.97,1012.41,813.81,,,,,2359.28,2305.43,535.49,339.84,,,,,,,,
Anthidium_manicatum_M_001.jpg,hymenoptera,train,2299.25,878.48,294.88,514.19,595.15,694.53,883.46,902.62,1040.8,1101.74,806.96,1422.52,,229.59,152.4,1987.6,2010.74,94.06,90.89,,,,,,,,
Anthidium_melanopygum_M_001.jpg,hymenoptera,train,2618.18,982.13,404.35,518.5,954.66,930.2,841.44,861.9,1035.69,1351.93,770.96,,418.22,,262.51,2062.16,2100.7,670.17,188.2,,,530.17,735.45,,,,
Anthidium_montanum_M_001.jpg,hymenoptera,train,3002.53,864.63,595.86,544.91,726.77,778.0,912.65,949.32,1035.93,1457.35,809.67,,,,,1617.9,,309.02,,,,510.52,,,,,
Anthidium_punctatum_F_001.jpg,hymenoptera,train,,1488.07,,,,964.02,1221.52,1426.96,1546.8,1491.38,1078.17,,,,,,,,,,,,735.85,,,,
Anthidium_punctatum_M_001.jpg,hymenoptera,train,2871.18,1170.67,408.35,806.38,979.32,503.45,1049.93,1138.7,1250.9,1324.13,976.49,1685.79,,296.63,234.67,2288.08,2327.28,230.4,572.74,,,,,,,,
Anthidium_septemspinosum_F_001.jpg,hymenoptera,train,1515.26,476.5,376.41,288.11,393.43,429.65,412.82,393.03,555.08,745.82,390.52,,,,,1137.94,1095.62,280.39,360.52,,,,380.36,,,284.85,403.04
Anthidium_septemspinosum_M_001.jpg,hymenoptera,train,2692.88,749.52,542.68,402.95,,713.73,751.95,742.19,920.52,1408.0,685.17,,,,,,,,,,,,,,,,
Anthidium_taeniatum_F_001.jpg,hymenoptera,train,2473.96,889.45,622.05,540.44,,,690.59,707.33,,1144.58,653.17,,,,,1444.29,,248.08,,,,,,,,,
Anthidium_taeniatum_M_001.jpg,hymenoptera,train,2551.04,830.8,659.34,487.63,665.79,677.15,680.96,622.82,851.61,1268.88,637.62,,,,,1371.89,,,,,,,,,,,
Anthidium_undulatum_F_001.jpg,hymenoptera,train,3834.25,1391.3,974.08,857.29,934.17,974.17,1126.42,1133.4,1556.02,1726.78,1100.5,,,,,,,,,,,,,,,,
Anthidium_wuestneii_F_001.jpg,hymenoptera,train,2823.93,1199.69,444.52,600.86,783.01,467.14,917.9,883.5,1199.42,1495.91,880.77,,,,,,,,,,,,,,,,
Anthidium_wuestneii_M_001.jpg,hymenoptera,train,2618.5,921.92,290.65,453.76,,,740.52,871.35,1038.52,1456.5,734.86,,,,,,,,,,,,,,,,
Ceylalictus_variegatus_F_001.jpg,hymenoptera,train,814.91,231.32,140.12,107.78,,207.31,188.81,267.64,278.24,407.14,159.05,,,,,618.06,435.42,50.11,194.99,,,,,,,,
Ceylalictus_variegatus_M_001.jpg,hymenoptera,train,1047.8,286.76,148.5,170.99,460.61,418.49,263.65,393.6,271.1,505.69,216.5,,,218.92,174.62,768.04,702.8,273.03,228.13,,,,,479.53,133.21,154.1,192.22
Chelostoma_aegaeicum_F_001.jpg,hymenoptera,train,4283.46,979.66,963.05,667.96,885.22,871.67,1026.99,1449.68,,1870.73,754.44,,,,,2724.19,2854.23,,494.98,,,,,,,,
Chelostoma_campanularum_M_001.jpg,hymenoptera,train,3138.78,814.4,336.31,488.68,863.14,683.75,,1268.72,760.64,1533.76,608.18,1680.83,1720.43,461.18,470.47,1900.11,1924.94,431.7,481.39,,,,,,,,
Chelostoma_comosum_M_001.jpg,hymenoptera,train,3199.46,855.82,467.2,563.37,,1002.49,835.53,1177.75,817.83,1554.51,626.54,,,,,2534.17,2586.27,208.51,,,,,,,,518.62,457.69
Chelostoma_distinctum_F_001.jpg,hymenoptera,train,2548.17,819.03,404.6,,770.97,613.76,764.12,953.04,673.07,1190.52,547.46,,1380.42,,,1430.78,1888.03,,690.48,,,301.25,,954.81,270.81,351.15,332.85
Chelostoma_distinctum_M_001.jpg,hymenoptera,train,2980.58,687.32,467.41,456.51,724.61,537.18,,1061.45,662.12,1451.72,568.66,1520.49,1543.49,251.81,,1995.19,1830.75,249.38,,,,315.92,,,,,
Chelostoma_edentulum_M_001.jpg,hymenoptera,train,3102.42,751.34,574.11,490.05,887.72,824.86,,1069.16,746.54,1459.16,588.46,1845.27,,376.77,,,,507.82,245.98,,,,,,,,
Chelostoma_emarginatum_M_001.jpg,hymenoptera,train,4022.19,946.23,752.87,635.49,,,1010.21,1559.66,,1709.66,714.91,2277.15,,474.13,,3129.9,3101.72,564.2,627.62,,,618.64,,,,571.91,
Colletes_abeillei_M_001.jpg,hymenoptera,train,2880.76,882.21,293.84,578.31,1121.22,989.26,1031.44,1081.41,901.94,1505.51,782.35,1511.12,1431.9,,,2190.84,2131.98,474.85,279.06,,,538.42,461.23,,,491.05,343.68
Colletes_acutiformis_F_001.jpg,hymenoptera,train,3270.93,920.47,492.76,,507.73,501.54,,1072.78,841.08,1705.4,748.89,,1418.96,,,2126.52,2006.7,328.87,,,,,,,,,
Colletes_acutus_F_001.jpg,hymenoptera,train,,,,,615.54,673.42,,1146.11,1114.86,1727.93,971.47,1826.31,1797.64,470.64,,2366.14,2238.39,321.23,208.19,,,639.57,618.65,,,776.37,751.45
Colletes_acutus_M_001.jpg,hymenoptera,train,2743.68,848.69,316.26,590.51,,863.13,,971.58,874.24,1455.84,808.62,,,,,2061.79,1992.79,,,,,571.35,765.08,,,579.4,748.43
Colletes_albomaculatus_F_001.jpg,hymenoptera,train,2599.98,758.13,385.13,513.65,561.94,540.65,898.08,960.78,835.68,1254.07,686.71,,,,,2149.72,,183.8,321.56,,,374.04,649.71,,,392.44,624.12
Colletes_albomaculatus_M_001.jpg,hymenoptera,train,2004.49,653.6,197.76,448.43,611.3,790.57,756.78,841.69,721.15,965.04,654.42,,,,,1741.61,1609.45,121.31,140.98,,,382.46,475.62,,,320.04,560.74
Colletes_anceps_F_001.jpg,hymenoptera,train,4257.56,1412.0,404.01,763.37,1072.81,998.93,1566.44,1677.21,,2176.34,1234.5,2175.65,,,,3093.4,3146.3,539.95,621.28,,,,,,,,
Colletes_brevigena_M_001.jpg,hymenoptera,train,1840.67,702.93,246.73,505.57,823.6,836.1,542.41,787.01,710.96,806.93,578.47,707.03,1114.49,351.34,373.94,850.26,1323.48,384.17,401.29,,,507.5,217.94,,,421.92,356.0
Colletes_canescens_F_001.jpg,hymenoptera,train,3828.97,1108.81,679.97,661.67,508.19,698.66,840.41,1341.87,1064.12,1807.13,861.42,,2018.55,,,2496.34,2386.31,781.32,617.61,,,,,,,,
Colletes_canescens_M_001.jpg,hymenoptera,train,2481.3,821.52,424.52,529.32,1197.65,1158.1,624.92,939.9,802.83,1116.88,645.8,1464.4,1505.18,408.5,422.84,2041.12,1796.91,230.84,310.19,,,521.94,477.23,,,475.13,376.0
Colletes_carinatus_F_001.jpg,hymenoptera,train,2956.0,950.25,308.97,524.96,700.63,468.39,735.48,1059.8,938.0,1587.24,726.14,1720.69,1768.24,305.52,402.77,2236.27,2175.91,215.59,88.41,,,592.89,779.6,,,,
Colletes_cariniger_M_001.jpg,hymenoptera,train,3288.53,883.4,273.74,597.42,905.99,968.74,762.37,1067.91,927.33,1946.88,735.08,1879.63,1809.39,264.87,199.73,2284.63,2008.37,79.48,126.89,,,,,,,,
Colletes_caskanus_F_001.jpg,hymenoptera,train,2419.92,929.91,362.67,593.75,728.04,510.94,814.15,1079.32,821.62,977.93,1005.87,1835.96,1655.13,202.47,66.28,1898.12,1344.42,241.43,605.81,,744.48,,,,674.76,,
Colletes_caskanus_M_001.jpg,hymenoptera,train,2817.0,819.83,371.77,,1053.19,977.13,659.87,982.9,931.95,1462.33,632.1,1680.4,1883.13,542.08,416.96,2381.87,2377.74,335.66,218.7,,,645.63,563.3,,,,
Colletes_caspicus_F_001.jpg,hymenoptera,train,3177.52,1010.59,475.22,559.45,697.11,758.3,980.72,1175.65,976.82,1526.65,775.56,1705.06,1751.65,400.21,437.86,1949.37,1891.8,240.69,203.9,,,,,,,,
Colletes_chengtehensis_F_001.jpg,hymenoptera,train,3032.23,1020.39,345.88,551.13,686.51,543.64,907.74,1224.95,1113.56,1461.39,826.5,1766.62,1827.47,380.25,463.64,2030.1,2334.79,77.15,347.42,,,378.26,832.14,,,593.52,857.2
Colletes_collaris_F_001.jpg,hymenoptera,train,3051.05,985.22,507.36,584.4,733.59,488.87,776.11,1116.67,1024.19,1427.02,828.55,1807.34,1832.59,352.57,510.2,2208.66,2350.64,359.21,403.87,,,549.37,703.3,,,652.04,769.32
Colletes_collaris_M_001.jpg,hymenoptera,train,3347.69,1025.97,284.91,640.72,986.21,961.51,730.31,1068.01,1024.44,1994.76,782.43,1568.0,1694.69,409.44,344.05,2191.12,2313.13,147.98,556.22,,,702.08,376.13,,,,1030.3
Colletes_conradti_M_001.jpg,hymenoptera,train,3758.47,1119.45,483.94,651.45,1316.52,1232.74,884.08,1437.9,1159.62,1836.63,885.54,,2186.7,,153.29,2588.05,2205.75,438.85,307.9,,,,,,,,
Colletes_creticus_F_001.jpg,hymenoptera,train,4130.72,1224.74,922.63,712.8,720.33,676.76,957.95,1360.0,1228.92,1848.09,951.4,2177.97,2106.25,580.3,311.57,2746.43,2541.51,578.41,54.29,,,790.52,869.41,,,962.98,1048.79
Colletes_creticus_M_001.jpg,hymenoptera,train,3266.52,1113.83,419.66,758.37,846.73,1295.81,962.8,1250.83,1033.34,1596.03,913.01,1806.51,1925.42,117.36,255.87,2431.61,2473.7,111.7,92.7,,,,,,,,921.37
Colletes_cunicularius_F_001.jpg,hymenoptera,train,3015.35,856.66,349.48,531.33,690.33,810.87,904.76,1117.01,1088.59,1548.86,823.19,,1451.42,,633.43,2239.89,1608.72,402.24,568.35,,,,,,,521.35,588.25
Colletes_cunicularius_M_001.jpg,hymenoptera,train,1683.83,468.77,196.59,338.39,568.58,557.64,437.28,633.17,616.1,854.07,494.46,1010.32,988.29,221.62,250.73,1244.9,1259.01,302.73,284.35,,,299.28,319.69,,,313.84,308.72
Colletes_cyprius_F_001.jpg,hymenoptera,train,3726.21,1197.7,405.2,688.79,908.93,857.57,966.38,1323.59,1200.49,1997.41,920.37,2152.53,2162.0,353.87,491.55,2687.78,2639.21,276.37,85.82,,,,,,,,
Colletes_cyprius_M_001.jpg,hymenoptera,train,2434.91,742.63,319.91,322.37,1024.86,995.38,663.81,832.2,754.37,1282.81,644.12,1439.42,1417.02,441.88,244.63,1750.54,1829.51,175.04,333.43,,,448.27,566.56,,,415.91,644.15
Colletes_daviesanus_F_001.jpg,hymenoptera,train,2308.99,795.86,256.46,493.97,545.48,,624.43,814.17,799.83,1238.36,631.33,1278.31,1302.55,296.77,383.81,842.55,1689.63,252.9,367.17,,,504.48,366.74,,,474.85,265.49
Colletes_daviesanus_M_001.jpg,hymenoptera,train,2074.49,726.71,305.63,498.11,731.54,680.38,574.25,663.0,662.03,1105.86,542.77,1206.99,1250.92,163.82,146.12,1651.51,1676.12,105.84,234.74,,,,,,,,
Colletes_dimidiatus_M_001.jpg,hymenoptera,train,2746.14,931.88,294.33,625.44,370.21,,903.94,1065.68,1033.23,1386.13,873.04,1870.85,1749.43,566.24,226.68,937.48,733.76,209.13,330.63,,,,,,,,
Colletes_dinizi_F_001.jpg,hymenoptera,train,2140.86,711.77,309.01,366.99,348.32,417.78,601.17,839.0,705.8,992.84,624.94,1216.54,1246.0,211.55,357.18,1586.61,1601.52,317.93,120.0,,,562.73,,,,475.09,
Colletes_dinizi_M_001.jpg,hymenoptera,train,1616.1,601.87,224.12,368.94,592.17,216.24,419.96,581.73,494.05,810.25,446.94,749.03,917.32,158.4,,1182.71,1197.08,130.12,243.34,,,,,,,,
Colletes_dusmeti_F_001.jpg,hymenoptera,train,2723.65,867.94,357.53,448.77,,692.27,1038.73,1072.44,919.7,1293.68,765.32,1359.74,1417.73,315.49,328.9,1224.19,,222.78,400.59,1436.55,466.26,415.9,554.39,1525.11,546.27,436.05,542.79
Colletes_dusmeti_M_001.jpg,hymenoptera,train,2209.35,770.0,278.19,477.88,,868.47,796.85,750.94,680.26,1180.22,682.21,,,,,1642.69,1651.53,373.11,156.97,,,,,,,,
Colletes_eous_M_001.jpg,hymenoptera,train,2155.46,811.57,204.13,495.53,916.07,921.47,596.94,803.01,748.11,1148.32,614.06,,,,,1786.49,1810.8,422.87,415.86,,,399.32,469.84,,,386.33,481.64
Colletes_escalerai_F_001.jpg,hymenoptera,train,3179.29,1100.97,478.61,739.6,644.18,776.11,1033.4,1109.09,1083.24,1591.59,830.84,,,,301.55,2478.06,2459.11,425.24,201.46,,,,,,,,
Colletes_escalerai_M_001.jpg,hymenoptera,train,3378.32,1050.0,378.06,761.5,1068.73,1092.25,997.89,1283.38,918.86,1716.88,757.0,,,,,2199.53,2284.58,485.97,813.38,,,657.81,799.15,,,,
Colletes_floralis_M_001.jpg,hymenoptera,train,3405.29,693.96,512.7,,1126.82,241.85,1002.96,1048.58,858.42,1844.01,699.21,1622.73,1650.54,,353.71,1963.66,2046.33,167.99,448.26,,,,,,,531.64,602.98
Colletes_fodiens_M_001.jpg,hymenoptera,train,2297.12,734.58,238.26,489.26,725.22,549.88,741.8,764.45,633.15,1294.4,530.1,,,,,1305.06,1418.66,364.42,379.88,,,,,,,,
Colletes_foveolaris_F_001.jpg,hymenoptera,train,2341.1,764.36,313.05,522.14,568.9,433.73,674.41,902.45,764.29,1125.6,634.26,,1313.14,,285.1,1456.14,1438.84,157.26,288.07,,,,,,,,
Colletes_gallicus_F_001.jpg,hymenoptera,train,2706.64,889.71,333.86,536.84,740.83,697.55,706.92,1006.73,919.94,1366.05,693.36,,1627.92,,397.21,2075.12,2157.95,458.36,398.4,,,,745.5,1413.73,281.39,512.92,619.43
Colletes_gallicus_M_001.jpg,hymenoptera,train,2424.82,892.98,299.37,560.57,1007.9,949.54,754.93,1002.67,805.8,1122.78,712.67,1595.94,1278.58,507.51,383.46,2250.74,1292.71,520.23,472.42,1058.49,343.83,467.65,247.0,1076.75,432.66,375.24,268.85
Colletes_graeffei_M_001.jpg,hymenoptera,train,4135.84,1123.24,832.53,679.09,836.61,988.99,1255.26,1349.08,1182.05,1954.23,975.6,,2068.81,,503.48,2170.06,2258.39,369.13,475.22,,458.99,734.21,,2055.4,502.7,734.22,818.48
Colletes_halophilus_M_001.jpg,hymenoptera,train,2482.8,948.58,335.82,616.11,600.2,1155.37,912.36,1023.12,873.21,1123.86,717.92,,,,,2057.27,2150.58,603.98,587.94,,,,,,,,
Dasypoda_albimana_F_001.jpg,hymenoptera,train,,294.89,,187.85,249.03,247.42,258.54,385.84,354.21,556.24,251.24,707.01,685.05,133.12,29.57,898.61,930.9,227.22,234.91,788.53,163.38,201.63,423.52,807.9,167.89,241.13,398.87
Dasypoda_albimana_M_001.jpg,hymenoptera,train,1119.14,337.55,101.61,,336.33,,383.06,407.61,369.5,609.92,322.42,683.34,,123.77,,884.83,929.92,96.59,313.52,819.38,186.61,238.08,394.69,838.43,198.73,244.77,394.94
Dasypoda_argentata_M_001.jpg,hymenoptera,train,1117.23,278.96,66.58,171.13,181.9,309.86,372.73,488.3,362.86,562.35,281.89,644.88,628.03,174.09,164.26,926.2,813.68,251.31,265.63,926.68,189.92,304.82,431.94,923.52,192.9,291.9,438.73
Dasypoda_braccata_F_001.jpg,hymenoptera,train,1246.65,304.04,169.17,98.13,229.43,183.7,469.57,437.46,376.43,640.01,298.26,,,,73.63,947.11,956.55,200.18,111.38,880.2,155.77,334.83,389.6,819.08,179.63,247.43,392.02
Dasypoda_cingulata_F_001.jpg,hymenoptera,train,2983.63,819.08,315.19,,311.35,690.79,1203.83,1089.53,1172.56,1578.91,884.02,1662.49,1273.94,288.08,383.94,2199.45,1868.1,728.71,570.45,,547.89,,,2084.54,539.55,698.37,846.62
Dasypoda_crassicornis_M_001.jpg,hymenoptera,train,928.54,295.61,129.66,168.99,319.41,374.9,294.4,330.24,333.84,468.64,269.01,,,86.71,,793.49,818.96,193.6,82.28,,,187.16,206.64,,,,
Dasypoda_dusmeti_F_001.jpg,hymenoptera,train,1047.85,250.41,148.41,158.6,130.6,195.37,203.95,299.08,295.25,600.36,198.84,597.97,602.65,127.22,126.33,787.56,807.25,215.57,221.81,,,237.01,243.98,,,217.49,275.92
Dasypoda_dusmeti_M_001.jpg,hymenoptera,train,,340.28,,,387.39,235.86,301.76,502.96,360.83,685.02,297.62,,751.2,,156.85,1087.49,880.98,295.04,237.45,,,,,,,,
Dasypoda_frieseana_F_001.jpg,hymenoptera,train,1121.65,302.16,67.55,179.34,252.03,285.83,343.38,476.02,367.82,578.08,286.58,,,,,901.41,937.01,75.67,112.63,792.99,145.37,235.15,412.47,842.45,158.6,281.13,402.72
Dasypoda_hirtipes_F_001.jpg,hymenoptera,train,2733.23,771.78,190.5,537.17,586.23,628.94,889.82,1066.65,865.43,1476.07,710.1,1592.97,1614.73,151.69,260.59,2218.06,2218.81,626.12,157.25,,,515.54,971.95,1923.89,378.27,654.66,890.96
Dasypoda_hirtipes_M_001.jpg,hymenoptera,train,2944.74,754.34,369.35,434.24,776.94,960.2,857.63,976.73,809.98,1598.66,716.13,1701.92,,93.36,,2253.07,2273.59,162.78,596.32,,,,,,,,
Dasypoda_iberica_F_001.jpg,hymenoptera,train,982.55,255.66,133.32,170.96,227.87,210.82,252.56,303.11,327.92,546.12,241.58,502.3,508.66,111.66,119.13,713.24,726.28,209.3,207.13,,,161.67,318.18,,,166.17,303.03
Dasypoda_iberica_M_001.jpg,hymenoptera,train,1080.75,304.95,86.38,182.27,299.26,324.16,305.98,393.67,376.75,600.69,312.14,505.62,541.22,53.53,63.56,809.66,702.0,191.79,244.72,,,204.36,282.74,,,209.87,
Dasypoda_michezi_M_001.jpg,hymenoptera,train,1211.22,332.18,106.2,202.2,401.66,416.02,372.61,406.51,363.19,698.52,276.79,401.6,634.44,108.33,132.59,679.55,772.13,121.06,228.48,,,228.25,,,,245.22,386.73
Dasypoda_morawitzi_F_001.jpg,hymenoptera,train,,1016.71,335.45,665.75,819.92,742.13,1083.95,1244.59,,,816.19,,,,,2529.0,2488.1,357.01,349.28,,,,,,,,
Dasypoda_morawitzi_M_001.jpg,hymenoptera,train,1222.86,322.24,151.72,211.61,406.95,417.23,,442.54,346.58,628.59,,,,,,948.47,,261.9,266.24,,,,,,,,
Dasypoda_morotei_M_001.jpg,hymenoptera,train,940.07,264.67,102.14,160.52,361.09,353.53,270.37,383.86,319.64,454.08,231.18,,,160.41,106.68,803.03,815.31,229.53,177.33,,,,,,,,
Dasypoda_panzeri_F_001.jpg,hymenoptera,train,3702.8,1080.79,468.16,620.74,725.73,795.81,1018.52,1307.63,1211.9,1927.01,929.14,,,227.83,200.99,2598.84,2679.71,200.63,282.49,,,,,,,,
Dasypoda_pyriformis_F_001.jpg,hymenoptera,train,1585.03,433.98,210.03,271.9,380.45,306.55,386.97,571.79,503.94,803.21,367.16,,,,,1315.61,1319.49,125.92,132.21,,,223.99,,,,223.99,
Dasypoda_pyriformis_M_001.jpg,hymenoptera,train,1341.96,431.17,259.65,277.69,,,478.46,578.83,516.65,503.49,,,,,,1417.0,,346.21,388.62,,,,,,,273.18,
Dasypoda_pyrotrichia_F_001.jpg,hymenoptera,train,1488.41,397.95,137.22,270.66,329.53,322.71,489.53,614.49,527.56,736.71,388.0,,,84.88,225.19,1234.86,1193.83,140.67,69.21,,,,,,,,
Dasypoda_pyrotrichia_M_001.jpg,hymenoptera,train,1067.43,311.6,146.16,204.39,419.94,358.15,316.86,446.63,403.78,474.64,299.61,587.59,653.47,110.77,120.71,790.01,764.72,241.79,240.29,,,203.75,284.69,,,214.03,279.81
Dasypoda_spinigera_M_001.jpg,hymenoptera,train,1110.99,290.43,152.95,181.39,,,313.06,423.87,370.72,534.17,265.88,674.5,,165.61,,897.46,931.56,269.51,268.91,,,306.16,484.86,,,346.98,497.43
Dasypoda_suripes_F_001.jpg,hymenoptera,train,1560.99,,183.28,,251.99,182.54,460.77,486.68,480.0,891.03,330.04,,,,,1149.79,1142.82,320.35,134.47,,,370.48,,,,286.21,462.24
Dasypoda_suripes_M_001.jpg,hymenoptera,train,1658.82,409.93,143.69,260.56,407.26,525.8,524.72,668.32,509.25,846.81,360.18,994.1,,231.96,,1346.08,1357.16,386.6,330.57,,,,,,,,
Dasypoda_toroki_F_001.jpg,hymenoptera,train,1279.88,358.52,180.54,228.08,329.88,325.02,420.62,403.53,415.13,695.81,301.32,507.93,648.29,135.28,125.12,749.09,877.58,154.92,232.98,,356.08,,,,294.88,,
Dasypoda_toroki_M_001.jpg,hymenoptera,train,1493.11,407.25,153.61,249.12,,,462.54,586.34,478.11,753.16,340.98,882.0,774.09,232.53,218.45,1120.9,1168.65,250.13,176.9,,,,,,,,
Dasypoda_visnaga_F_001.jpg,hymenoptera,train,1054.55,241.4,192.28,161.56,196.45,191.2,296.02,326.81,300.9,535.46,220.99,,552.66,,160.41,,783.23,,217.72,688.31,169.86,218.18,300.27,677.19,166.99,177.08,333.12
Dasypoda_visnaga_M_001.jpg,hymenoptera,train,1041.89,221.51,126.72,151.76,235.26,218.55,258.4,302.62,272.17,612.55,,,567.64,,160.99,,805.91,,216.05,,,207.82,288.13,,,143.29,310.05
Dufourea_alpina_F_001.jpg,hymenoptera,train,1824.1,553.04,438.53,387.77,330.21,452.62,669.75,788.85,629.16,596.72,446.85,,,,,1598.64,1655.3,296.14,352.99,,,,,,,,
Dufourea_alpina_M_001.jpg,hymenoptera,train,3135.84,713.39,635.01,497.88,995.88,1042.86,851.32,977.6,677.64,1523.23,661.16,1585.88,,388.74,,2022.17,1962.89,578.73,619.31,1373.61,420.19,514.84,438.59,952.17,364.05,489.26,98.86
Dufourea_cypria_F_001.jpg,hymenoptera,train,3331.34,781.33,668.15,501.88,,645.69,805.22,1170.87,831.45,1492.33,,,,442.41,192.06,2274.46,,470.73,475.23,953.58,191.58,349.24,412.76,,,507.14,540.0
Dufourea_cypria_M_001.jpg,hymenoptera,train,3137.42,777.91,1047.88,358.11,2031.64,1916.95,997.88,1403.95,702.52,685.6,,,,,,,,,398.25,,,,,,,,
Dufourea_gaullei_F_001.jpg,hymenoptera,train,,899.12,401.83,668.7,615.21,673.74,1057.3,,,,609.44,,,,,2376.79,2348.77,707.4,712.99,1487.31,337.3,536.23,613.78,,,520.0,
Dufourea_gaullei_M_001.jpg,hymenoptera,train,3243.98,1053.51,758.57,746.8,692.77,1201.31,957.05,1155.93,640.01,1329.48,665.61,1398.52,,376.92,461.78,2074.39,2014.27,335.07,330.2,,,,,,,,
Dufourea_inermis_F_001.jpg,hymenoptera,train,3240.3,909.64,513.48,642.17,593.3,715.61,1117.25,1244.48,972.38,1482.34,634.69,,1988.27,,,1908.77,2515.4,542.06,711.17,,495.61,,,,,,
Dufourea_iris_F_001.jpg,hymenoptera,train,1750.42,387.7,232.08,285.66,385.99,438.14,479.37,640.68,564.39,877.66,391.1,,,,,1176.85,1254.17,168.55,173.15,,,,,,,,
Dufourea_longiglossa_F_001.jpg,hymenoptera,train,3228.47,1133.98,610.03,768.09,878.54,581.78,1404.16,1507.89,1352.77,1110.55,963.69,,,,359.04,2935.78,2880.44,453.26,351.04,,,,,,,,
Dufourea_longiglossa_M_001.jpg,hymenoptera,train,2119.16,462.38,506.09,261.78,487.56,512.05,588.32,663.82,550.84,949.25,452.36,,,66.01,106.75,1306.74,1292.05,85.6,113.98,,,,,,,349.63,260.74
Dufourea_merceti_M_001.jpg,hymenoptera,train,4020.04,936.2,791.91,612.41,1225.5,1298.58,977.05,1453.13,915.03,1775.0,874.63,1951.46,1741.39,113.86,141.82,2628.1,2476.2,393.97,361.93,,,562.07,,,,825.76,715.72
Dufourea_paradoxa_F_001.jpg,hymenoptera,train,3592.27,1011.83,968.97,695.37,517.4,904.43,1105.92,1328.63,1101.63,1294.68,902.45,2151.99,2287.0,228.77,118.41,2725.28,2961.11,436.38,265.64,,,503.55,571.02,,,351.59,
Dufourea_paradoxa_M_001.jpg,hymenoptera,train,2774.79,685.78,276.04,426.04,1233.28,1158.36,792.48,1001.75,654.51,1497.01,566.77,1372.96,1542.18,,293.98,2026.98,1925.22,403.75,155.73,,,,,,,,
Dufourea_similis_F_001.jpg,hymenoptera,train,3943.03,1019.34,764.65,736.48,853.46,906.07,1128.69,1295.99,1163.21,1882.38,798.32,,,,,2651.8,2775.77,966.98,744.32,,,,,,,,
Dufourea_similis_M_001.jpg,hymenoptera,train,2624.65,970.94,564.34,715.84,1473.97,1394.45,992.15,1193.92,840.96,866.39,734.94,,,,,2620.61,2215.14,395.22,295.51,,,,,,,,
Dufourea_styx_F_001.jpg,hymenoptera,train,3567.58,745.82,938.44,495.92,607.81,595.12,1025.76,1197.46,1013.13,1431.68,715.74,,,,,1922.05,2111.64,191.21,232.86,,,677.25,720.79,,,673.46,724.68
Dufourea_trautmanni_F_001.jpg,hymenoptera,train,452.16,138.83,62.92,101.03,94.3,113.19,149.23,162.6,150.89,226.65,112.6,273.7,,56.06,,355.22,359.11,121.56,36.0,,,65.88,105.52,,,86.49,94.23
Dufourea_trautmanni_M_001.jpg,hymenoptera,train,426.89,129.43,51.22,98.15,199.57,191.75,138.87,174.51,118.79,201.15,142.15,220.72,255.57,95.2,62.17,347.6,337.32,123.7,117.23,223.96,66.3,65.14,92.52,234.98,63.45,77.41,94.12
Dufourea_wolfi_F_001.jpg,hymenoptera,train,3605.71,,565.86,640.05,774.22,840.84,1112.15,1204.63,,1835.23,1026.51,,,160.51,,2535.37,2473.95,153.89,589.83,,,,,,,,
Dufourea_wolfi_M_001.jpg,hymenoptera,train,,1135.83,482.16,810.92,,782.66,1087.32,1438.89,,,938.45,,,256.02,,2445.61,2434.22,92.33,574.78,,,,,,,,
Halictus_alfkenellus_M_001.jpg,hymenoptera,train,2373.35,,384.94,,,,568.24,805.17,596.73,1183.24,655.36,1237.62,1162.83,439.35,274.87,1480.81,1662.22,489.76,,,,441.51,,,,442.25,673.99
Halictus_asperulus_F_001.jpg,hymenoptera,train,3378.72,1128.76,392.92,785.86,789.84,859.05,1064.16,1380.62,1268.82,1605.18,,,,527.24,413.69,,,,,,,,,,,,
Halictus_asperulus_M_001.jpg,hymenoptera,train,4172.86,1177.97,598.85,812.21,1286.49,1541.12,1115.78,1462.02,1142.13,2112.0,1238.94,,,619.32,652.79,,,,,,,,,,,,
Halictus_brunnescens_F_001.jpg,hymenoptera,train,3299.82,922.72,464.3,620.38,685.37,539.18,885.25,1270.7,999.69,1564.82,,1269.27,,431.78,566.94,,,761.64,645.03,1664.87,569.46,542.37,553.03,1965.19,478.33,655.35,831.51
Halictus_brunnescens_M_001.jpg,hymenoptera,train,2262.83,457.04,334.05,281.05,899.11,974.1,491.93,671.6,558.36,1257.18,,1187.45,1132.45,324.32,336.5,,1529.87,493.71,502.95,,,328.44,264.4,,,339.12,243.52
Halictus_carinthiacus_F_001.jpg,hymenoptera,train,2637.85,566.43,531.59,295.98,352.27,521.15,650.95,764.05,782.87,1342.21,752.07,1239.24,905.0,,,1604.87,1372.37,562.57,367.4,1245.01,317.58,531.94,395.5,,,433.22,
Halictus_carinthiacus_M_001.jpg,hymenoptera,train,2830.02,725.86,379.06,462.93,814.44,987.53,702.09,895.3,736.88,1555.66,757.0,,1491.83,,,1904.91,1970.81,324.61,,,,563.89,575.65,,,544.48,691.62
Halictus_centaureae_F_001.jpg,hymenoptera,train,4204.12,1100.16,1053.21,718.24,729.99,831.88,1160.95,1302.72,1281.26,1848.18,987.17,,,,,2123.63,2221.11,,,,,663.13,1000.28,,,,995.95
Halictus_centaureae_M_001.jpg,hymenoptera,train,2777.0,834.42,518.65,542.95,1313.65,,793.71,880.89,711.64,1377.46,737.4,,,,,2026.0,1931.29,289.72,,,,,,,,564.76,556.44
Halictus_cochlearitarsis_M_001.jpg,hymenoptera,train,2445.35,520.5,557.86,318.62,611.37,768.78,612.22,687.74,497.22,1199.75,387.4,,987.62,,336.45,1579.45,1406.38,305.07,459.0,,,,,839.99,239.55,323.19,277.25
Halictus_compressus_F_001.jpg,hymenoptera,train,2479.3,779.54,486.15,532.17,598.17,623.69,862.08,970.7,903.25,1022.45,594.04,1533.45,1517.95,430.2,478.14,2124.43,2118.75,681.29,635.63,,,519.41,674.92,1549.5,279.1,563.08,707.32
Halictus_compressus_M_001.jpg,hymenoptera,train,2661.58,687.37,692.23,492.36,930.12,846.58,721.4,862.89,653.17,1106.46,473.39,1135.61,1199.06,357.0,322.6,1766.81,1757.08,289.9,406.41,1368.44,370.06,435.52,562.86,1409.22,342.04,457.95,609.23
Halictus_consobrinus_M_001.jpg,hymenoptera,train,1410.8,391.75,279.61,253.26,645.93,716.49,413.07,516.67,407.98,614.53,308.91,803.4,898.43,151.04,202.46,1188.91,1183.82,182.53,,,,,,,,,
Halictus_costantinensis_M_001.jpg,hymenoptera,train,4347.72,,508.35,787.78,1955.9,1778.62,1304.54,1491.41,1191.44,2347.95,839.91,,,786.02,,,,728.31,1086.2,,530.98,570.53,,,696.13,670.47,
Halictus_crenicornis_F_001.jpg,hymenoptera,train,2327.45,731.61,332.6,496.69,469.17,,789.95,909.22,963.08,1085.63,547.45,1715.23,1704.56,385.13,432.3,2052.51,1760.55,631.78,621.55,1303.64,351.63,420.6,531.41,1156.13,357.55,369.97,428.6
Halictus_fatsensis_M_001.jpg,hymenoptera,train,3209.44,834.28,615.56,634.04,1061.77,1012.87,863.91,1075.98,818.29,1517.9,589.42,1849.13,1758.22,667.19,594.71,2570.91,,857.43,786.42,1075.0,508.56,238.1,328.34,,483.77,193.47,
Macropis_europaea_M_001.jpg,hymenoptera,train,2427.73,757.46,240.27,435.49,975.53,1107.6,790.29,851.85,772.66,1335.61,852.1,1427.08,1434.67,96.89,367.95,886.05,1638.71,218.36,556.94,,,,,,,457.28,
Macropis_frivaldszkyi_F_001.jpg,hymenoptera,train,3039.08,1065.33,315.98,687.39,851.27,708.67,1234.37,1202.76,1263.44,1520.34,1186.43,,1606.74,,283.4,2266.86,2471.06,506.52,660.27,,,,,,,704.43,859.52
Macropis_frivaldszkyi_M_001.jpg,hymenoptera,train,1069.56,432.32,110.38,270.77,447.98,557.33,457.19,453.59,429.69,505.59,416.92,755.53,778.35,117.05,212.74,1044.23,791.94,307.3,287.5,,,306.9,357.6,,,320.34,367.3
Macropis_fulvipes_F_001.jpg,hymenoptera,train,2845.35,1024.0,256.99,651.12,893.13,,1077.26,1203.01,1101.07,1385.36,1048.07,1584.18,,138.69,,2058.66,1892.83,396.87,662.95,,,,,,,,
Macropis_fulvipes_M_001.jpg,hymenoptera,train,1532.27,485.96,197.38,301.17,,730.38,529.08,667.59,489.25,667.3,460.24,917.24,898.14,94.06,108.71,1185.99,1155.38,92.23,97.21,,,,,,,,
Melitta_aegyptiaca_M_001.jpg,hymenoptera,train,3333.85,948.44,432.97,516.18,834.89,828.07,1184.17,1369.64,1081.51,1531.24,1197.62,1809.87,1696.19,369.96,231.23,2246.64,2228.23,77.85,24.81,,,413.82,566.24,,,,
Melitta_budashkini_F_001.jpg,hymenoptera,train,1360.59,383.22,225.75,244.35,316.25,338.04,418.84,460.82,469.98,674.02,347.03,707.9,722.57,206.42,163.34,975.68,908.4,292.25,288.61,,,301.28,386.03,,,303.38,400.8
Melitta_budensis_F_001.jpg,hymenoptera,train,1395.6,393.95,166.01,225.97,348.67,179.14,455.6,458.61,474.28,770.98,426.19,,631.15,,197.61,971.76,961.9,302.24,263.64,,,272.05,313.62,,,290.46,318.76
Melitta_budensis_M_001.jpg,hymenoptera,train,1279.6,320.31,226.33,199.38,292.53,307.58,470.02,410.98,376.41,642.28,333.07,649.35,630.37,178.63,113.3,822.37,834.8,16.84,35.51,,,206.0,340.93,,,231.15,328.42
Melitta_dimidiata_F_001.jpg,hymenoptera,train,2864.83,1043.62,322.15,667.27,854.0,886.82,1265.67,1354.53,,1188.15,1115.83,,,,,2508.38,2393.8,716.29,820.83,,,,,,,,
Melitta_haemorrhoidalis_F_001.jpg,hymenoptera,train,1207.87,362.5,100.68,228.31,,285.75,438.46,403.97,443.8,703.23,431.49,649.89,669.96,166.67,141.82,820.69,851.96,210.63,233.73,732.56,292.56,211.78,228.22,805.32,318.86,177.66,308.8
Melitta_haemorrhoidalis_M_001.jpg,hymenoptera,train,2942.46,803.62,287.09,526.04,856.28,1023.38,885.59,1089.4,980.61,1565.97,1026.31,1237.41,1272.69,415.21,350.69,1782.32,1815.8,518.26,438.9,,,346.79,,,,296.7,
Melitta_iberica_F_001.jpg,hymenoptera,train,3205.44,882.4,661.23,523.14,681.81,742.55,1125.84,1133.95,1016.51,1410.27,1071.94,1630.04,,491.74,,2101.5,1733.8,787.83,725.3,,,620.1,795.34,,,458.72,519.24
Melitta_kastiliensis_F_001.jpg,hymenoptera,train,1615.27,375.41,273.13,217.1,222.82,178.39,439.31,477.57,509.99,864.56,509.19,701.93,725.58,91.98,66.19,856.46,793.77,261.33,262.83,,,,,,,288.95,1520.56
Melitta_kastiliensis_M_001.jpg,hymenoptera,train,4576.54,1293.85,640.34,763.91,1581.87,1160.59,1637.93,1486.62,1604.66,2449.58,1549.16,,,,,3136.21,3090.68,1041.42,932.38,,,,,,,,
Amegilla_quadrifasciata_M_001.jpg,hymenoptera,val,2909.2,1158.08,323.88,683.21,1000.85,1049.71,1389.23,1073.21,1319.97,1512.11,1212.27,,,,,2049.73,1732.57,522.57,140.75,,,,,,,,
Ammobates_biastoides_M_001.jpg,hymenoptera,val,2313.64,889.32,323.62,632.18,697.72,636.81,1004.64,733.6,883.71,1256.42,751.87,,,,,1859.07,1819.19,752.85,388.75,,,216.05,574.58,,,,
Ammobates_punctatus_F_001.jpg,hymenoptera,val,2604.89,803.67,668.35,517.38,321.81,663.4,1003.88,831.69,944.06,1104.85,568.04,,,,,1985.62,2022.55,,,,,,,,,361.06,
Ammobatoides_abdominalis_M_001.jpg,hymenoptera,val,2474.75,919.91,517.43,292.23,746.09,681.54,879.07,1000.16,1062.42,957.16,850.22,1531.85,,,,2268.97,2205.99,654.39,,,,647.52,804.25,,,,
Ancyla_holtzi_F_001.jpg,hymenoptera,val,2632.8,864.36,290.32,502.25,641.86,814.31,922.72,948.27,,1394.21,679.37,,,,,1887.1,1818.4,503.53,489.33,,,,,,,311.64,638.49
Andrena_abbreviata_F_001.jpg,hymenoptera,val,,1054.8,349.6,,1022.39,591.33,,1146.03,,,701.05,,,,,2385.08,2309.75,465.34,527.6,,,898.01,,,,443.99,
Andrena_alma_M_001.jpg,hymenoptera,val,2508.32,966.64,466.33,707.03,1101.95,1115.24,760.75,1149.16,767.65,892.84,628.52,,,,,,,,,1408.63,219.36,446.48,742.79,1282.73,483.36,402.1,397.27
Andrena_asperula_F_001.jpg,hymenoptera,val,3452.98,916.42,593.97,599.83,837.55,1022.58,858.91,1133.01,1044.24,1726.0,651.85,,,,,2801.26,2761.75,,339.97,,,,,,,777.14,864.21
Andrena_athenensis_F_001.jpg,hymenoptera,val,3945.12,1014.37,747.72,665.63,1019.65,1014.32,829.27,1270.13,,1927.28,,,,,,3065.91,,588.95,568.35,,,,,,,472.03,
Andrena_atrata_F_001.jpg,hymenoptera,val,3428.83,992.22,450.53,650.54,758.65,790.61,822.78,1289.2,966.01,1689.1,643.01,,,,,2589.24,2604.27,816.95,662.19,,,716.33,738.63,,,682.67,701.42
Andrena_atrotegularis_F_001.jpg,hymenoptera,val,3717.27,1085.82,470.34,505.0,560.95,944.24,1053.49,1309.88,1383.02,1937.06,806.76,,,,,3199.17,2916.86,,,2181.54,500.69,972.81,708.04,2699.18,683.51,951.04,1064.63
Andrena_blanda_F_001.jpg,hymenoptera,val,3048.53,1023.46,377.52,704.39,622.6,834.83,743.99,1109.4,1070.31,1561.61,709.59,1393.63,1755.12,,,2161.76,2374.98,306.31,292.5,,,786.75,774.85,,,,844.42
Anthidium_loti_M_001.jpg,hymenoptera,val,1797.26,642.23,138.94,375.17,508.14,636.47,551.69,528.55,746.88,1129.77,506.01,,,,,,,,,,,459.81,534.73,,,405.31,
Anthidium_melanopygum_F_001.jpg,hymenoptera,val,1275.41,478.19,319.65,287.15,,352.84,397.63,392.1,511.64,563.65,374.91,,,,,,,,,,,,,,,,
Anthidium_montanum_F_001.jpg,hymenoptera,val,3460.68,637.82,713.57,692.13,,,1070.56,1433.42,1260.72,1313.69,977.39,,,,,,,,,,,,,,,,
Anthidium_oblongatum_F_001.jpg,hymenoptera,val,3511.82,1422.37,807.18,908.74,,880.72,1137.61,1089.16,1485.27,1615.49,1116.45,,,,,,,,,,,,873.6,,,646.54,1032.57
Chelostoma_comosum_F_001.jpg,hymenoptera,val,3065.88,761.34,473.82,460.68,368.48,591.91,,1056.39,732.92,1535.67,608.02,,1899.14,,,2416.34,2203.34,709.82,,,,,,,,,
Colletes_acutiformis_M_001.jpg,hymenoptera,val,4051.11,1335.95,567.61,,877.47,1134.72,,1369.95,1143.87,2113.56,1242.68,,,,,2668.02,2632.19,593.04,452.8,,,,,,,,
Colletes_anceps_M_001.jpg,hymenoptera,val,4016.25,1286.7,492.87,815.15,1188.31,1334.31,1197.28,1435.27,1232.82,2088.11,950.26,2187.21,,186.94,,3015.83,2963.84,484.61,,,,,,,,,
Colletes_dimidiatus_F_001.jpg,hymenoptera,val,3515.49,1053.41,447.45,624.19,866.29,674.46,1071.89,1280.82,1225.02,1787.22,992.51,1931.39,1994.35,495.89,370.73,2531.63,1927.0,761.76,753.15,,,,,,,692.37,
Colletes_floralis_F_001.jpg,hymenoptera,val,3114.28,1043.88,570.63,652.66,454.32,833.89,984.24,1268.15,1097.04,1275.5,882.51,1887.13,1903.9,229.85,156.87,2488.34,2609.3,179.02,98.71,,,,,,565.19,655.03,
Colletes_fodiens_F_001.jpg,hymenoptera,val,2516.37,887.95,200.8,507.71,533.91,636.65,942.5,989.34,886.6,1326.22,737.09,1248.48,1257.55,173.36,281.88,1601.79,1669.2,101.6,229.87,,,547.75,467.71,1684.43,394.68,581.95,707.79
Dasypoda_argentata_F_001.jpg,hymenoptera,val,4588.43,1050.6,942.53,675.74,836.99,847.62,1292.71,1284.09,1245.74,2361.81,929.65,,2092.0,,294.04,2835.59,2374.86,627.03,260.65,,,,,,,,
Dasypoda_braccata_M_001.jpg,hymenoptera,val,1167.27,257.65,85.33,129.61,247.36,278.9,340.85,428.21,295.59,653.72,251.95,640.45,652.93,174.91,185.7,819.41,832.45,204.61,224.15,822.23,167.11,203.74,451.39,905.37,207.81,277.43,420.13
Dasypoda_michezi_F_001.jpg,hymenoptera,val,1280.05,340.6,90.64,205.66,,222.73,329.41,446.09,421.56,743.32,303.03,651.94,661.32,139.82,181.87,841.83,908.36,255.1,305.67,,,218.01,460.21,,,254.32,476.86
Dasypoda_panzeri_M_001.jpg,hymenoptera,val,3171.46,774.72,410.17,,870.95,686.08,1034.31,1089.1,929.16,1672.2,854.57,1871.47,1845.94,388.45,424.31,2142.0,2172.75,627.82,680.47,,,470.34,794.4,,,772.17,768.6
Dufourea_styx_m_001.jpg,hymenoptera,val,3719.41,800.19,758.53,517.78,1378.42,1558.93,997.86,1197.51,1052.93,1763.38,701.97,1830.54,1689.75,454.68,259.06,2191.31,2103.11,194.78,250.5,,,587.54,695.37,,,,
Halictus_alfkenellus_F_001.jpg,hymenoptera,val,2774.95,782.01,613.19,566.27,559.15,673.18,786.56,939.25,930.44,1222.51,868.28,,1282.03,,451.42,2051.88,1533.13,699.25,634.22,1609.93,328.56,501.16,780.21,1519.56,346.16,483.19,690.21
Halictus_consobrinus_F_001.jpg,hymenoptera,val,3680.25,922.27,892.97,553.3,929.63,607.89,1053.28,1204.33,1156.16,1582.96,839.83,,1935.4,,486.27,2832.81,,524.69,,,,,,,,,745.08
Halictus_fatsensis_F_001.jpg,hymenoptera,val,2985.16,820.9,740.28,545.76,587.49,641.76,873.29,973.66,928.01,1271.21,593.3,1617.27,1511.07,406.66,299.53,2271.61,2150.91,303.16,,,,,,,,504.54,659.58
Macropis_europaea_F_001.jpg,hymenoptera,val,844.36,341.16,75.32,214.83,312.29,316.34,377.81,377.86,383.87,391.19,400.14,604.5,529.09,136.6,116.89,638.43,702.98,230.28,286.0,,,279.63,286.75,,,263.06,275.58
Melitta_aegyptiaca_F_001.jpg,hymenoptera,val,3317.49,1053.28,626.26,667.58,746.37,608.8,1225.14,1190.87,1211.38,1500.37,1114.87,,,,,2175.89,2244.14,320.8,267.69,,,525.9,722.06,,,495.54,721.27
Melitta_hispanica_F_001.jpg,hymenoptera,val,3410.59,1041.78,406.13,644.54,809.66,740.13,1225.4,1307.29,,1697.17,1108.52,,,,,2481.52,2206.54,775.79,825.79,,,,,,,,
Melitta_iberica_M_001.jpg,hymenoptera,val,1539.25,418.55,278.22,267.78,465.6,438.5,489.8,526.65,471.96,734.38,471.72,716.82,816.85,117.73,182.06,995.73,989.12,325.54,345.09,,,317.41,278.88,,,302.66,280.91
Afranthidium_carduele_M_001.jpg,hymenoptera,test,2837.21,1006.3,547.94,579.76,550.58,757.26,1129.63,864.08,1092.0,1425.19,919.27,,,,,1520.25,1623.52,140.82,167.82,,,,,,,,
Ammobates_biastoides_F_001.jpg,hymenoptera,test,2532.75,916.49,444.03,588.41,1071.44,1165.01,1004.6,810.29,956.65,1278.44,732.08,,,,,1837.84,1804.85,618.32,680.61,,,304.56,603.89,,,305.75,569.71
Ammobates_verhoeffi_F_001.jpg,hymenoptera,test,2259.5,764.03,504.24,,,268.0,798.0,790.65,,964.6,539.55,,1267.85,,,1588.31,1732.19,264.03,,,,,,,,270.97,328.15
Ancyla_asiatica_F_001.jpg,hymenoptera,test,3024.02,877.31,693.57,472.78,389.97,715.07,1136.96,1007.25,,1323.19,727.65,,1577.66,308.76,202.93,2151.41,2150.9,298.65,472.44,,,,,,,,
Andrena_acuta_F_001.jpg,hymenoptera,test,,837.09,211.99,528.05,512.91,539.35,852.52,1095.43,,,597.28,,,394.1,402.11,2103.3,2140.19,356.38,,,,,,,,,
Andrena_aegypticola_F_001.jpg,hymenoptera,test,3564.92,,225.79,789.71,1025.22,1025.66,,1550.95,1178.31,1788.18,892.71,,2289.51,,667.99,2504.85,,,,,,,763.02,,,827.39,900.51
Andrena_asiatica_F_001.jpg,hymenoptera,test,3226.21,859.64,414.23,407.36,662.87,719.95,721.19,1057.21,814.84,1754.77,546.48,,,,,2776.49,2733.08,905.56,552.15,,,,,,,,
Andrena_asiatica_M_001.jpg,hymenoptera,test,4049.9,1039.22,746.28,619.48,1216.38,1223.5,954.92,1259.9,998.57,2043.71,575.8,1012.45,,,,3098.88,3204.38,472.82,,,,,,,403.09,256.22,
Andrena_assimilis_M_001.jpg,hymenoptera,test,3672.43,1026.33,584.61,548.66,844.41,1308.5,867.0,1091.9,1099.23,1995.91,773.75,,,399.67,,2964.68,2978.74,585.58,582.22,,,762.9,1087.53,,,771.01,1024.42
Andrena_barbareae_F_001.jpg,hymenoptera,test,3937.44,1101.51,419.98,733.24,1140.68,832.43,936.47,1408.32,1382.75,2109.13,808.23,,,,,3287.73,3317.8,,,,,972.15,732.99,,,,
Andrena_bellidis_F_001.jpg,hymenoptera,test,2173.95,828.09,299.51,599.02,473.47,449.26,593.6,807.27,759.69,1067.17,475.68,1490.92,1359.86,,,1869.51,1881.68,412.17,383.76,1475.14,357.2,601.71,516.23,1415.53,329.98,590.76,494.79
Andrena_binominata_M_001.jpg,hymenoptera,test,3266.79,944.79,737.33,461.62,1180.89,938.74,,898.3,874.33,1631.15,650.78,1486.19,1768.69,427.75,859.14,2151.26,,715.58,,1911.56,352.14,671.02,888.39,2088.49,468.18,616.65,1003.66
Andrena_brumanensis_M_001.jpg,hymenoptera,test,3139.31,1008.47,403.41,664.75,796.24,924.17,767.15,1205.36,978.06,1530.54,582.52,,1740.41,,,2244.51,2270.89,312.91,167.72,,437.63,509.94,,1633.85,417.7,492.45,723.71
Anthidiellum_troodicum_M_001.jpg,hymenoptera,test,1653.27,653.07,358.22,405.86,446.74,625.67,574.6,552.11,726.8,742.94,542.61,,969.85,,,1351.52,1373.78,421.38,282.66,,,361.76,339.35,,,321.28,356.69
Anthidium_dalmaticum_F_001.jpg,hymenoptera,test,2187.32,911.17,410.19,551.7,,666.75,855.64,770.37,961.29,1006.76,719.52,,1102.81,,265.15,1410.59,1543.88,332.58,508.32,1032.34,153.64,412.43,466.27,1397.57,204.49,552.49,640.58
Chelostoma_edentulum_F_001.jpg,hymenoptera,test,3220.88,729.42,753.7,437.95,581.56,657.84,750.16,1108.66,684.32,1358.53,561.5,,1528.67,,432.01,2017.26,2184.09,,,,,323.02,,,,,
Colletes_abeillei_F_001.jpg,hymenoptera,test,2542.98,855.39,151.73,546.57,384.31,564.93,933.75,1056.97,957.29,1334.29,768.22,1476.64,1545.89,,,2061.54,1889.75,315.16,347.81,,,544.86,648.25,,,,708.37
Colletes_anchusae_F_001.jpg,hymenoptera,test,3204.05,914.97,632.35,600.01,472.39,434.03,1054.5,1169.86,1041.8,1401.83,856.95,,,,,2061.63,2315.15,674.79,668.15,,,,,,,,
Colletes_anchusae_M_001.jpg,hymenoptera,test,3041.8,,255.11,562.02,,1027.31,986.26,1116.05,,1670.64,794.93,,,,,1861.28,1937.59,400.38,330.57,,,,,,,,
Colletes_chengtehensis_M_001.jpg,hymenoptera,test,2724.85,863.73,276.04,557.54,938.98,709.13,644.48,970.62,754.55,1478.19,519.01,,1371.55,,,1796.54,1944.98,278.72,270.45,,,487.11,,,,482.96,
Colletes_eous_F_001.jpg,hymenoptera,test,2809.58,980.1,237.77,559.24,780.34,705.05,831.94,1069.34,1028.28,1502.47,858.38,1685.29,1682.02,500.78,464.96,1938.99,1773.01,608.87,318.6,1598.36,472.54,613.27,512.55,1673.96,370.39,631.6,671.98
Colletes_foveolaris_M_001.jpg,hymenoptera,test,1998.29,669.09,242.96,464.61,734.78,698.39,520.93,772.43,615.31,982.91,599.04,1132.91,1120.21,259.98,225.58,1380.34,1496.78,76.31,84.96,,,307.73,298.23,,,371.2,338.42
Colletes_graeffei_F_001.jpg,hymenoptera,test,3071.49,893.37,577.51,515.4,588.13,418.82,1010.65,1043.58,937.97,1450.4,691.16,,,,,2068.04,2014.83,176.03,596.76,,,,,,,,
Colletes_halophilus_F_001.jpg,hymenoptera,test,3952.96,1093.26,429.22,568.02,435.05,777.1,1015.36,1408.39,1265.63,2115.35,946.2,2020.09,,169.84,,2687.16,2889.98,320.92,877.05,,,,1029.08,,,,1080.8
Dasypoda_cingulata_M_001.jpg,hymenoptera,test,1469.86,407.44,122.93,152.09,487.44,547.47,491.84,477.85,,869.07,399.95,,,116.24,50.91,1126.52,1181.86,296.37,69.85,,,,,,,,
Dasypoda_crassicornis_F_001.jpg,hymenoptera,test,951.37,287.5,136.09,195.22,177.25,224.55,347.73,320.68,339.06,494.59,237.37,538.69,560.08,120.38,122.5,764.56,756.33,194.52,206.07,,,165.51,322.82,,,157.15,318.4
Dasypoda_frieseana_M_001.jpg,hymenoptera,test,1444.54,346.81,139.23,182.78,240.96,287.97,356.49,479.11,,826.2,322.06,,,,,1139.67,1177.87,345.53,354.89,,,265.77,,,,,
Dasypoda_morotei_F_001.jpg,hymenoptera,test,1010.13,263.41,157.85,175.37,175.92,187.81,303.83,312.88,332.39,539.4,239.41,567.36,561.94,101.3,140.81,778.69,766.12,215.39,221.72,575.53,166.86,158.1,250.58,588.09,156.18,218.33,213.58
Dasypoda_spinigera_F_001.jpg,hymenoptera,test,824.72,274.03,91.8,189.12,241.42,236.6,272.18,404.37,290.81,328.55,238.64,595.15,632.63,159.58,33.2,851.52,828.86,220.55,92.31,,,228.84,,791.25,171.36,272.65,347.24
Dufourea_graeca_F_001.jpg,hymenoptera,test,3327.68,795.01,806.81,527.74,644.84,568.49,932.37,1002.48,908.43,1518.39,610.31,,,,,2416.0,2344.07,354.26,255.37,,,627.61,569.56,,,581.38,542.62
Halictus_cochlearitarsis_F_001.jpg,hymenoptera,test,1952.22,513.13,275.49,339.69,527.24,478.13,574.97,664.94,596.33,1011.8,634.69,1139.73,1075.65,267.79,293.25,1257.14,1363.46,430.15,403.38,933.32,190.8,379.7,362.82,,,362.81,420.54
Halictus_constantinensis_F_001.jpg,hymenoptera,test,2483.66,662.39,557.27,447.23,587.78,617.87,737.54,809.06,785.27,1117.33,579.04,,,388.89,372.89,1894.73,,,,,,,,,,,
Halictus_crenicornis_M_001.jpg,hymenoptera,test,3245.97,693.58,662.53,448.45,1182.08,,758.28,1003.42,628.02,1580.02,524.85,,,,,2066.03,2101.05,387.11,447.88,,,466.81,625.43,,,463.32,720.52
Melitta_dimidiata_M_001.jpg,hymenoptera,test,3244.7,881.78,338.33,544.06,1091.78,1089.96,1033.09,1165.07,970.56,1741.31,1018.72,1632.67,1562.58,322.49,78.47,2104.81,2114.52,311.59,524.5,,,,,,,,
Melitta_hispanica_M_001.jpg,hymenoptera,test,2944.89,873.4,424.71,511.14,1016.24,1121.28,996.02,997.36,945.55,1522.83,1047.67,,,,,2134.58,1724.94,657.54,596.7,,,,,,,463.89,664.14
EA1.0HJ.jpg,lepidoptera,train,407.86,66.07,38.18,42.97,240.59,265.51,112.48,133.43,76.32,236.26,96.01,409.43,415.78,321.08,306.89,551.06,563.05,325.4,359.36,,,,,,,,
EA1.0IU.jpg,lepidoptera,train,496.54,80.65,62.57,41.19,,265.26,107.78,151.35,80.56,282.61,110.3,534.49,530.46,303.38,317.86,639.88,655.34,373.49,315.63,,,,,,,,
EA1.0OZ.jpg,lepidoptera,train,420.1,64.35,31.21,36.98,,234.84,103.73,141.42,94.93,247.47,106.02,545.99,538.91,380.13,380.15,696.05,696.98,399.36,419.09,,,,,,,,
EA1.0P3.jpg,lepidoptera,train,442.8,67.63,39.08,34.17,251.55,235.71,120.86,123.13,89.42,280.58,104.61,539.4,538.18,355.02,356.96,671.16,664.22,380.99,382.3,,,,,,,,
EA1.0PX.jpg,lepidoptera,train,591.8,93.93,49.63,60.82,333.2,346.87,214.8,193.05,141.65,349.12,193.58,,,374.12,378.87,600.63,597.44,264.78,269.01,,,,,,,,
EA1.0VZ.jpg,lepidoptera,train,561.79,100.33,48.23,66.65,323.52,288.69,203.47,237.41,168.15,276.15,236.02,,,355.84,357.21,569.47,585.29,243.97,247.68,,,,,,,,
EA1.0WH.jpg,lepidoptera,train,638.76,114.46,56.54,82.0,342.61,382.04,235.38,220.47,216.31,361.76,220.47,523.37,506.63,401.44,384.71,658.42,635.58,291.52,293.14,,,,,,,,
EA1.0WV.jpg,lepidoptera,train,652.23,111.71,41.0,84.83,351.75,367.43,246.06,234.77,188.01,376.46,246.19,,,409.97,417.76,605.02,611.94,277.09,279.45,,,,,,,,
EA1.0Y5.jpg,lepidoptera,train,521.44,103.31,46.65,73.47,304.63,317.43,175.76,197.82,138.6,276.96,193.63,465.81,460.9,387.17,389.27,542.32,563.72,261.63,266.89,,,,,,,,
EA1.114.jpg,lepidoptera,train,552.13,78.75,43.24,54.37,,284.17,125.05,179.65,107.39,329.23,119.53,474.43,,404.76,395.7,617.43,628.12,304.9,309.97,,,,,,,,
EA1.12N.jpg,lepidoptera,train,588.04,87.62,28.29,,366.31,367.87,205.46,199.42,108.95,360.32,202.19,499.63,480.9,332.32,375.51,654.11,646.0,299.85,304.53,,,,,,,,
EA1.16A.jpg,lepidoptera,train,471.93,74.89,26.85,52.31,,,113.56,168.17,77.13,276.91,97.5,499.57,503.32,377.52,365.72,634.47,420.34,356.13,388.38,,,,,,,,
EA1.182.jpg,lepidoptera,train,551.49,96.25,45.24,58.0,,,171.34,183.83,96.13,322.42,158.32,452.86,481.59,413.0,351.34,629.25,464.16,252.07,208.22,,,,,,,154.02,127.91
EA1.19G.jpg,lepidoptera,train,583.81,101.83,43.89,,324.88,267.53,235.84,221.89,142.73,318.03,203.56,433.6,426.33,340.96,391.99,621.5,597.03,317.93,309.89,,,,,,,,
EA1.1DF.jpg,lepidoptera,train,606.72,116.41,75.36,70.88,244.28,134.02,232.84,265.71,163.92,265.65,224.69,419.06,434.15,377.74,370.47,557.07,563.07,271.32,278.98,,,,,,,,
EA1.1F2.jpg,lepidoptera,train,578.32,107.62,62.43,69.37,368.31,341.48,217.49,213.49,114.49,302.4,211.96,431.4,447.86,364.7,385.08,573.87,573.79,266.92,263.6,,,,,,,,
EA1.1M4.jpg,lepidoptera,train,599.71,,27.19,,336.29,381.12,216.64,285.45,183.69,287.07,221.92,461.23,445.28,366.0,369.42,643.18,639.88,274.36,276.84,,,,,,,,
EA1.1MM.jpg,lepidoptera,train,591.28,96.13,39.89,61.17,,297.25,189.36,224.69,135.75,326.71,193.96,421.31,414.95,323.0,321.13,574.44,600.48,210.2,215.33,,,,,,,,
EA1.1N2.jpg,lepidoptera,train,630.34,107.67,56.76,67.28,,228.36,,177.9,67.95,395.69,204.07,477.08,462.06,403.7,394.28,627.93,625.49,298.25,309.48,,,,,,,,
EA1.1N4.jpg,lepidoptera,train,484.32,96.26,51.81,63.72,,327.0,103.85,207.73,120.24,224.78,186.52,394.33,409.49,334.73,327.29,553.63,553.53,278.8,277.45,,,,,,,,
EA1.1QS.jpg,lepidoptera,train,486.31,67.84,56.68,38.17,293.18,289.4,82.06,156.91,42.48,272.72,31.6,568.57,555.75,414.34,431.97,668.49,656.5,377.13,388.15,,,,,,,,
EA1.1RG.jpg,lepidoptera,train,469.27,65.0,52.45,31.22,315.54,299.06,74.47,126.27,35.77,290.55,46.7,572.35,532.16,380.56,394.96,645.12,640.37,371.58,368.97,,,,,,,,
EA1.1RV.jpg,lepidoptera,train,426.67,72.13,43.23,42.41,295.81,256.03,87.65,107.4,67.03,276.04,76.42,527.08,547.89,397.56,394.32,593.86,618.43,365.25,350.74,,,,,,,,
EA1.1SX.jpg,lepidoptera,train,488.95,87.24,37.6,43.81,330.23,332.98,131.85,137.48,71.62,313.87,96.07,465.92,458.43,394.13,408.83,656.66,647.91,358.93,365.38,,,,,,,,
EA1.1UK.jpg,lepidoptera,train,539.51,117.29,71.79,58.53,415.39,382.95,151.1,150.76,65.68,316.97,118.72,537.64,524.8,448.62,459.93,751.21,742.6,347.21,380.35,,,,,,,,
EA1.1VZ.jpg,lepidoptera,train,456.42,100.31,38.62,49.8,329.92,264.97,151.81,150.08,55.89,267.72,107.36,516.02,486.38,402.07,407.97,651.64,634.47,358.31,359.21,,,,,,,,
EA1.1YX.jpg,lepidoptera,train,591.61,103.89,31.78,,273.6,261.75,220.89,243.61,187.98,316.22,227.78,461.76,451.83,332.34,342.71,549.21,565.21,328.26,334.31,,,,,,,,
EA1.268.jpg,lepidoptera,train,352.72,66.28,19.79,41.08,214.75,172.41,107.46,126.62,67.1,206.31,69.84,465.53,482.92,352.75,374.48,614.25,653.87,367.97,373.72,,,,,,,,
EA1.2GR.jpg,lepidoptera,train,513.26,86.19,32.86,52.09,320.94,321.8,115.94,246.63,82.95,233.77,124.74,555.84,566.52,430.06,420.15,660.76,685.02,356.39,353.05,,,,,,,,
EA1.2KI.jpg,lepidoptera,train,418.23,84.11,37.1,40.13,245.63,208.35,122.37,166.58,99.38,214.55,95.41,466.41,472.79,285.94,325.91,680.69,683.52,316.46,315.88,,,,,,,,
EA1.2KP.jpg,lepidoptera,train,390.76,90.98,49.79,50.07,321.47,281.45,141.5,138.44,131.96,202.53,126.35,469.69,483.79,318.36,323.69,706.15,710.11,338.96,335.73,,,,,,,,
EA1.2LG.jpg,lepidoptera,train,476.08,73.74,53.33,43.59,200.88,185.08,116.27,174.56,92.94,248.2,113.72,481.9,500.77,331.64,326.24,674.98,680.86,338.21,354.57,,,,,,,,
EA1.2QT.jpg,lepidoptera,train,452.11,79.74,54.14,41.09,,,134.42,166.24,113.55,231.74,123.04,471.71,460.91,303.93,307.77,656.49,666.08,362.68,373.84,,,,,,,,
EA1.2WK.jpg,lepidoptera,train,527.91,83.16,58.19,48.78,229.81,228.62,131.1,178.35,86.82,291.37,121.07,436.71,442.59,284.84,280.01,663.05,667.63,363.47,361.21,,,,,,,,
EA1.2ZQ.jpg,lepidoptera,train,496.94,92.61,81.84,50.82,224.41,147.25,116.42,139.63,63.7,275.47,92.12,,,,,696.7,699.3,386.97,398.89,,,,,,,,
EA1.31I.jpg,lepidoptera,train,554.96,90.13,25.66,47.86,287.33,267.82,190.22,164.85,200.41,364.45,186.52,506.36,525.44,322.85,330.92,676.93,689.45,310.63,320.06,,,,,,,,
EA1.329.jpg,lepidoptera,train,,,,,297.72,287.47,239.29,232.35,154.88,304.74,182.43,484.95,501.73,397.91,383.09,647.62,643.44,336.17,332.09,,,,,,,,
EA2.05J.jpg,lepidoptera,train,,65.22,45.09,43.12,241.46,249.04,,121.01,,,112.4,421.61,437.64,343.44,355.14,606.76,614.77,323.79,337.64,,,,,,,,
EA2.0D7.jpg,lepidoptera,train,364.82,60.69,50.18,32.81,248.14,110.33,101.48,110.15,86.47,204.49,79.74,445.13,445.29,327.95,329.89,543.43,556.07,331.86,328.0,,,,,,,,
EA2.0E7.jpg,lepidoptera,train,359.83,,33.43,,168.92,197.65,89.02,98.5,65.02,227.9,82.24,379.49,379.17,289.49,299.31,519.59,517.1,283.91,288.99,,,,,,,,
EA3.0MX.jpg,lepidoptera,train,538.82,76.82,68.18,37.65,322.86,284.14,144.08,155.23,94.27,315.41,109.14,543.48,564.93,433.18,437.18,699.08,731.33,399.16,403.77,,,,,,,,
EA3.121.jpg,lepidoptera,train,573.1,97.77,36.7,55.95,342.0,322.86,202.23,183.05,153.48,353.35,200.5,505.81,497.71,421.93,435.18,652.17,627.96,255.01,246.49,,,,,,,,
EA3.12P.jpg,lepidoptera,train,613.65,96.96,22.47,,284.72,243.57,211.44,241.25,166.76,349.93,209.92,461.48,474.14,445.61,431.27,596.38,585.59,255.18,258.21,,,,,,,,
EA3.17D.jpg,lepidoptera,train,531.22,89.53,41.96,56.63,333.91,313.56,198.1,182.06,135.71,307.19,178.68,519.23,500.88,441.81,450.45,699.54,688.63,297.68,309.67,,,,,,,,
EA3.18P.jpg,lepidoptera,train,505.83,106.02,56.96,59.42,333.83,342.74,234.6,221.86,179.47,227.01,226.15,468.85,455.03,410.34,424.83,598.91,593.59,308.78,309.12,,,,,,,,
EA3.1A3.jpg,lepidoptera,train,532.63,83.61,54.77,51.87,330.94,,149.67,167.67,132.94,310.18,133.58,550.15,542.48,389.16,393.74,643.26,640.76,355.98,361.53,,,,,,,,
EA3.1AJ.jpg,lepidoptera,train,475.75,87.43,86.5,61.96,297.5,,139.57,111.81,106.12,277.44,126.37,556.61,543.35,309.0,339.01,649.39,648.25,243.94,248.33,,,,,,,,
EA3.1DZ.jpg,lepidoptera,train,545.99,72.97,30.15,40.45,341.17,377.09,160.53,194.75,146.51,321.09,161.25,533.21,528.7,387.73,417.88,621.69,618.8,346.21,350.74,,,,,,,,
EA3.1GU.jpg,lepidoptera,train,600.27,102.28,63.08,65.07,410.05,399.21,206.45,225.93,142.14,311.25,171.77,512.54,522.09,434.01,428.02,700.9,687.92,341.62,328.4,,,,,,,,
EA3.1JI.jpg,lepidoptera,train,537.54,,26.75,,243.38,258.94,203.26,201.3,157.04,309.48,218.28,512.89,533.35,481.06,497.96,636.37,642.64,303.4,298.9,,,,,,,,
EA3.1LS.jpg,lepidoptera,train,591.26,,36.68,,386.92,351.7,193.87,198.11,134.09,356.47,232.13,434.16,458.66,354.75,349.14,603.4,617.03,270.02,270.49,,,,,,,,
EA3.1LT.jpg,lepidoptera,train,605.21,85.73,46.82,,345.14,331.41,193.59,175.24,135.91,383.14,203.71,436.73,447.02,359.19,321.83,589.91,578.45,270.17,254.64,,,,,,,,
EA4.07U.jpg,lepidoptera,train,,,,,214.41,197.87,89.2,115.42,80.43,276.55,87.49,436.31,420.11,310.77,331.66,600.37,601.97,301.09,302.52,,,,,,,,
EA4.0CA.jpg,lepidoptera,train,429.38,77.18,50.52,39.58,206.43,249.68,110.32,131.51,62.41,247.36,84.81,482.29,468.67,335.75,321.17,617.19,620.36,355.42,345.07,,,,,,,,
EA4.0CJ.jpg,lepidoptera,train,456.78,71.0,40.02,37.27,189.47,141.75,124.27,116.94,74.0,299.83,94.36,496.36,501.15,367.3,360.73,633.88,629.76,382.55,386.7,,,,,,,,
EA4.0DA.jpg,lepidoptera,train,440.56,70.86,38.61,34.05,,189.42,119.32,143.07,89.99,258.88,113.07,489.8,495.1,347.33,338.92,632.42,447.36,347.51,353.91,,,,,,,,
EA4.0F0.jpg,lepidoptera,train,508.48,67.35,38.36,32.65,121.44,157.03,99.44,132.26,64.31,337.87,89.82,559.64,564.18,331.29,329.86,670.88,683.54,334.21,340.04,,,,,,,,
EA4.0F5.jpg,lepidoptera,train,481.39,79.63,68.85,48.24,326.73,350.23,108.46,138.97,63.33,273.57,104.41,583.39,590.9,341.14,325.42,720.41,718.66,382.22,383.89,,,,,,,,
EA4.0L2.jpg,lepidoptera,train,612.88,111.94,87.7,70.79,338.54,350.79,206.29,248.04,113.79,277.13,224.55,423.29,437.54,364.69,354.66,572.74,568.23,277.35,289.35,,,,,,,,
EA4.0M9.jpg,lepidoptera,train,618.49,,24.26,,322.9,257.75,241.02,242.96,115.42,351.26,213.33,508.03,496.98,379.1,390.34,653.03,651.07,319.13,304.39,,,,,,,,
EA4.0N6.jpg,lepidoptera,train,570.2,117.51,41.15,80.79,279.78,279.69,227.23,208.37,171.21,320.68,221.59,473.67,457.13,429.17,434.33,639.88,641.71,305.7,290.58,,,,,,,,
EA4.0O9.jpg,lepidoptera,train,628.28,,23.12,,358.35,353.33,209.89,175.34,168.06,429.83,205.34,472.76,474.79,424.49,421.99,641.7,661.92,298.17,302.57,,,,,,,,
EA4.0TH.jpg,lepidoptera,train,651.4,114.53,40.13,60.49,,395.71,205.82,206.76,87.87,404.5,177.73,483.52,507.94,444.44,463.34,658.86,649.54,322.54,324.41,,,,,,,,
EA4.0W7.jpg,lepidoptera,train,606.25,110.89,42.77,71.24,310.54,196.84,209.51,211.35,220.43,352.12,243.63,530.65,530.12,442.2,453.1,697.92,664.13,355.34,340.07,,,,,,,,
EA4.0Y9.jpg,lepidoptera,train,611.86,114.62,47.9,74.77,223.2,279.45,190.32,222.79,127.43,341.17,168.75,490.7,491.2,275.51,349.21,655.9,665.68,324.25,334.11,,,,,,,,
EA4.0ZL.jpg,lepidoptera,train,,,,,359.1,272.57,230.43,214.79,180.89,493.59,260.07,475.06,469.27,357.11,397.22,557.66,578.85,303.12,303.27,,,,,,,,
EA4.11V.jpg,lepidoptera,train,546.56,,42.67,,328.95,278.07,220.25,210.35,205.71,293.53,222.3,443.77,443.41,335.82,358.94,661.13,668.03,296.12,290.41,,,,,,,,
EA4.120.jpg,lepidoptera,train,651.48,,47.61,,148.77,159.36,231.04,256.87,194.62,347.01,240.2,470.11,450.52,379.04,362.7,666.43,457.42,300.52,292.47,,,,,,,,
EA4.13V.jpg,lepidoptera,train,634.02,,54.44,,240.78,,273.13,207.16,183.69,372.42,240.46,496.46,458.37,425.39,409.59,643.76,646.59,316.11,308.43,,,,,,,,
EA4.15F.jpg,lepidoptera,train,,,,,,392.19,236.03,,136.65,367.88,208.42,459.23,443.91,356.71,329.27,660.32,663.55,295.04,283.51,,,,,,,,
EA4.166.jpg,lepidoptera,train,456.75,58.55,25.8,30.47,210.08,207.62,119.02,158.57,108.7,272.38,67.08,580.11,555.93,444.33,446.76,746.07,731.32,469.4,474.09,,,,,,,,
EA4.18T.jpg,lepidoptera,train,443.68,,34.94,,296.6,254.66,120.45,131.14,46.82,277.59,85.04,490.45,493.74,391.45,402.28,653.15,660.64,378.18,388.67,,,,,,,,
EA4.1AI.jpg,lepidoptera,train,467.7,77.25,43.75,42.63,310.65,308.78,117.16,141.71,78.14,282.25,80.62,501.59,493.95,401.61,392.07,635.69,626.51,382.42,381.29,,,,,,,,
EA4.1BG.jpg,lepidoptera,train,417.99,75.03,55.73,36.29,,,118.82,117.13,66.36,245.13,84.12,525.82,524.57,381.83,380.74,619.03,644.08,383.81,379.88,,,,,,,,
EA4.1EZ.jpg,lepidoptera,train,,,,,,,211.9,264.93,230.58,309.7,179.59,465.25,481.33,360.04,350.15,685.12,715.39,391.3,389.64,,,,,,,,
EA4.1GB.jpg,lepidoptera,train,618.89,,53.4,,215.83,,185.29,229.76,173.02,335.73,190.8,514.41,492.46,430.1,404.86,650.5,640.74,344.22,356.7,,,,,,,,
EA4.1GW.jpg,lepidoptera,train,,,,,242.15,225.17,230.03,184.21,215.94,365.62,191.99,494.21,504.28,392.36,382.66,681.02,697.77,348.19,357.3,,,,,,,,
EA4.1IS.jpg,lepidoptera,train,696.76,,31.16,,244.02,265.26,245.95,181.5,139.91,484.1,237.7,475.89,475.44,402.31,404.8,628.93,633.3,327.65,327.83,,,,,,,,
EA4.1KP.jpg,lepidoptera,train,,,,,,,114.18,118.33,70.36,328.89,131.9,549.78,546.5,458.31,480.94,703.04,714.04,278.76,276.8,,,,,,,,
EA4.1RB.jpg,lepidoptera,train,,,,,,319.41,190.27,182.34,151.52,312.45,208.53,484.65,496.86,335.84,327.16,685.69,690.75,331.77,333.66,,,,,,,,
EA4.1SR.jpg,lepidoptera,train,547.83,97.76,37.41,40.14,278.45,259.24,117.58,189.72,85.88,320.7,124.98,413.11,444.41,270.85,308.64,599.39,570.93,282.99,287.43,,,,,,,,
EA4.20P.jpg,lepidoptera,train,574.53,79.31,42.22,44.53,312.82,285.75,103.04,127.68,71.77,404.64,109.06,569.23,560.82,365.66,374.8,683.14,697.98,354.32,344.89,,,,,,,,
EA5.0ER.jpg,lepidoptera,train,463.66,60.11,26.29,31.08,116.0,202.55,67.44,97.89,48.51,339.48,76.75,423.65,443.8,262.18,288.85,575.8,556.41,289.6,294.24,,,,,,,,
EA5.0FY.jpg,lepidoptera,train,452.26,65.51,30.21,34.93,181.31,231.72,85.5,93.05,64.32,329.0,78.98,459.24,469.59,325.04,325.55,578.2,586.61,299.27,301.96,,,,,,,,
EA5.0MQ.jpg,lepidoptera,train,502.03,65.6,39.23,29.84,187.47,169.26,93.25,89.72,62.07,373.08,80.54,491.73,491.79,335.1,322.14,625.87,630.46,348.3,353.64,,,,,,,,
EA5.0PL.jpg,lepidoptera,train,431.77,64.19,43.41,32.84,252.88,257.91,,91.36,80.48,297.0,89.72,524.8,514.83,308.34,326.2,650.79,653.92,332.21,338.47,,,,,,,,
EA5.0QC.jpg,lepidoptera,train,413.36,55.37,49.59,30.93,214.78,181.47,94.54,116.5,,247.27,99.22,515.94,514.77,361.58,370.03,626.5,646.92,381.74,385.66,,,,,,,,
EA5.0QT.jpg,lepidoptera,train,439.88,64.93,54.6,35.62,254.83,255.65,93.83,93.88,55.73,291.39,78.12,494.7,500.8,357.38,343.96,620.46,626.63,370.85,369.74,,,,,,,,
EA5.0RP.jpg,lepidoptera,train,355.05,64.23,41.21,,283.86,285.29,99.04,97.36,73.42,216.48,94.92,517.58,511.7,362.94,354.83,642.32,633.16,359.66,368.41,,,,,,,,
EA5.15N.jpg,lepidoptera,train,420.49,79.66,52.95,33.17,340.22,341.14,115.34,159.5,62.49,208.04,79.57,522.89,509.47,404.86,398.97,614.29,600.94,375.75,359.97,,,,,,,,
EA5.18Y.jpg,lepidoptera,train,472.1,99.3,46.53,50.16,306.81,313.59,101.03,132.28,84.03,293.29,92.36,510.26,528.84,462.21,455.47,685.87,669.49,373.74,377.78,,,,,,,,
EA5.1GR.jpg,lepidoptera,train,464.11,77.4,31.61,58.27,200.67,167.48,100.04,90.93,141.59,341.57,130.64,473.42,482.44,384.55,372.67,587.77,600.58,288.84,267.64,,,,,,,,
EA5.22U.jpg,lepidoptera,train,365.47,71.85,47.37,41.21,88.77,287.54,108.48,120.03,112.17,198.06,107.61,417.17,414.46,285.89,296.56,617.65,605.28,323.94,321.58,,,,,,,,
EA5.23Q.jpg,lepidoptera,train,444.01,85.09,39.2,46.95,277.1,214.77,126.24,162.72,95.49,242.08,130.36,413.12,409.92,290.85,297.78,617.11,566.2,301.6,310.8,,,,,,,,
EA5.24A.jpg,lepidoptera,train,494.98,80.37,49.68,42.06,310.34,245.3,121.44,140.5,114.85,304.79,120.73,484.23,470.25,322.99,341.54,672.32,675.15,351.75,333.29,,,,,,,,
EA6.0DN.jpg,lepidoptera,train,474.16,77.64,74.74,44.25,,242.77,75.95,88.41,98.57,311.01,74.92,490.74,481.27,327.73,336.4,640.3,638.97,335.76,345.09,,,,,,,,
EA6.0EB.jpg,lepidoptera,train,404.93,65.01,49.94,33.54,219.59,178.97,89.34,78.65,63.56,276.34,74.95,383.0,440.44,295.04,279.94,515.09,527.4,303.78,311.58,,,,,,,,
EA6.0G4.jpg,lepidoptera,train,494.61,72.74,35.63,42.58,256.16,271.96,85.17,125.39,67.41,333.59,88.9,453.3,460.28,300.6,294.99,575.47,576.44,297.43,291.32,,,,,,,,
EA6.0G5.jpg,lepidoptera,train,549.35,73.23,48.48,33.73,212.59,264.05,99.03,120.77,75.82,380.09,97.66,464.8,484.69,325.74,331.46,571.15,566.55,305.56,311.48,,,,,,,,
EA6.0HB.jpg,lepidoptera,train,414.91,62.42,37.57,49.55,160.5,145.89,,112.02,50.92,265.32,75.85,449.74,449.13,304.49,288.94,554.84,558.34,317.52,330.59,,,,,,,,
EA6.0QJ.jpg,lepidoptera,train,507.0,83.12,26.57,56.69,318.21,290.69,175.32,175.58,138.27,304.85,167.26,407.06,422.2,318.41,365.29,543.14,530.52,260.25,264.08,,,,,,,,
EA6.0QS.jpg,lepidoptera,train,586.53,81.77,37.86,,332.61,335.41,185.34,225.58,110.82,323.09,212.77,424.15,451.15,346.75,354.46,541.13,565.07,266.37,253.85,,,,,,,,
EA6.0Z1.jpg,lepidoptera,train,549.13,80.77,45.41,,308.58,305.19,164.51,172.59,106.61,331.13,158.08,429.45,434.87,357.1,386.27,554.19,566.69,285.5,281.53,,,,,,,,
EA6.0ZT.jpg,lepidoptera,train,588.63,105.47,46.25,,344.96,336.92,195.76,230.03,146.46,312.35,205.11,463.88,441.65,381.57,383.49,608.36,593.92,296.48,286.95,,,,,,,,
EA6.119.jpg,lepidoptera,train,493.69,94.24,51.72,58.96,287.15,288.79,200.77,174.33,146.0,267.64,186.7,430.38,415.86,369.05,374.98,616.78,625.32,276.86,270.63,,,,,,,,
EA6.12M.jpg,lepidoptera,train,577.42,91.53,42.06,,319.86,266.65,207.08,208.75,116.88,326.62,211.9,408.55,393.77,329.91,324.04,560.18,563.63,253.11,258.51,,,,,,,,
EA6.12T.jpg,lepidoptera,train,500.4,81.17,33.23,,320.03,313.68,185.89,179.69,136.06,287.48,201.45,404.85,401.13,307.45,302.36,558.59,554.64,257.27,255.24,,,,,,,,
EA6.141.jpg,lepidoptera,train,457.37,118.24,52.28,67.35,237.95,230.74,138.57,116.01,98.02,289.08,115.83,440.0,443.76,367.56,368.67,530.36,526.45,291.47,299.88,,,,,,,,
EA6.182.jpg,lepidoptera,train,439.72,77.9,56.89,,313.9,322.88,95.84,155.04,66.31,227.78,79.02,552.4,538.16,369.13,367.04,623.56,606.37,359.84,364.24,,,,,,,,
EA6.1IG.jpg,lepidoptera,train,325.65,61.15,26.38,36.11,239.1,244.78,95.19,101.18,74.61,198.1,76.71,460.27,471.91,352.13,375.76,602.36,618.61,336.13,333.36,,,,,,,,
EA6.1LM.jpg,lepidoptera,train,460.02,73.09,63.27,38.93,204.22,269.55,120.17,170.32,84.46,226.42,107.28,444.14,453.45,327.78,314.9,650.09,667.05,344.45,365.29,,,,,,,,
EA6.1PR.jpg,lepidoptera,train,409.72,68.05,28.42,37.5,156.82,195.74,96.09,105.4,90.69,275.91,93.89,485.03,495.18,391.14,380.77,635.86,643.94,357.24,345.67,,,,,,,,
EA6.1QM.jpg,lepidoptera,train,422.19,64.77,30.4,38.15,270.33,264.65,108.74,92.9,67.68,298.89,88.79,489.79,482.22,357.53,365.06,591.05,600.06,332.82,341.49,,,,,,,,
EA6.1S0.jpg,lepidoptera,train,466.2,69.35,37.5,33.61,270.37,266.66,118.29,115.83,81.62,312.88,99.55,490.78,504.24,368.31,362.07,629.43,633.94,334.9,332.61,,,,,,,,
EA6.1SK.jpg,lepidoptera,train,482.05,60.57,30.44,,335.31,332.73,98.19,140.34,67.74,311.27,103.52,515.58,524.99,331.74,331.36,556.71,640.38,311.19,311.97,,,,,,,,
EA7.0IJ.jpg,lepidoptera,train,436.94,78.25,47.04,40.1,258.81,300.47,109.63,120.27,,269.63,100.4,464.56,479.17,344.73,336.19,582.64,600.78,329.39,342.43,,,,,,,,
EA7.0N3.jpg,lepidoptera,train,467.37,77.92,42.71,42.77,320.52,320.26,139.63,126.63,102.89,298.03,116.81,546.97,557.24,372.75,370.16,705.37,740.73,391.27,391.0,,,,,,,,
EA7.0VN.jpg,lepidoptera,train,639.07,,21.34,,399.6,380.63,227.52,215.56,172.25,402.17,225.34,495.99,500.51,401.56,434.2,664.37,675.38,287.63,287.89,,,,,,,,
EA7.0Z9.jpg,lepidoptera,train,609.27,88.77,39.42,,274.6,274.23,179.45,223.41,188.76,346.43,188.32,500.87,527.24,397.56,391.18,678.08,680.8,319.42,334.15,,,,,,,,
EA7.112.jpg,lepidoptera,train,655.38,105.96,59.67,67.81,,416.38,210.7,206.53,164.85,389.18,223.7,460.69,455.63,387.54,399.91,634.03,630.69,314.13,313.58,,,,,,,,
EA7.14S.jpg,lepidoptera,train,658.52,109.65,50.37,69.76,239.93,218.04,226.04,267.0,227.01,341.14,223.14,522.73,498.2,406.6,403.19,681.97,678.41,338.71,332.48,,,,,,,,
EA7.16G.jpg,lepidoptera,train,581.46,117.31,45.76,67.89,322.42,324.44,186.53,226.16,187.04,309.54,183.75,548.27,535.1,375.39,401.86,694.91,694.27,341.68,328.26,,,,,,,,
EA7.16O.jpg,lepidoptera,train,624.82,101.78,66.43,67.95,253.96,321.94,189.39,214.9,156.87,343.5,179.47,524.2,511.05,385.19,405.84,717.45,715.83,332.5,336.41,,,,,,,,
EA7.19X.jpg,lepidoptera,train,720.66,120.52,70.88,67.62,375.37,364.2,224.67,223.33,99.16,426.45,210.56,471.16,486.76,388.78,373.07,643.02,639.43,314.6,322.91,,,,,,,,
EA7.1A9.jpg,lepidoptera,train,653.0,104.71,65.06,62.32,410.05,409.17,214.86,203.47,151.2,384.47,202.14,538.08,538.05,438.26,389.67,710.69,705.56,335.55,347.23,,,,,,,,
EA7.1C2.jpg,lepidoptera,train,636.62,111.71,56.56,62.19,387.24,,229.43,246.44,152.62,333.62,221.95,518.5,528.6,372.72,402.29,676.96,678.76,344.36,341.53,,,,,,,,
EA7.1G8.jpg,lepidoptera,train,745.53,75.1,28.82,,325.05,320.61,172.52,214.85,138.51,501.87,188.46,435.33,434.12,300.79,312.78,564.22,586.75,264.17,274.46,,,,,,,,
EA7.1OF.jpg,lepidoptera,train,726.76,96.35,70.88,70.78,270.8,275.03,206.32,179.6,188.06,476.28,210.54,417.18,411.6,265.84,243.7,701.46,693.39,268.69,263.61,,,,,,,,
EA7.1OI.jpg,lepidoptera,train,607.63,83.47,33.95,71.16,225.21,234.84,166.75,178.04,179.65,395.64,158.26,435.36,442.06,260.16,266.52,745.46,761.08,279.0,274.81,,,,,,,,
EA7.1OR.jpg,lepidoptera,train,681.0,120.51,62.57,,292.49,298.31,247.38,253.41,261.43,365.02,222.14,428.02,417.7,287.44,299.56,728.8,732.59,292.71,285.47,,,,,,,,
EA7.1W5.jpg,lepidoptera,train,572.96,67.14,37.41,,330.85,302.27,130.06,104.57,136.12,430.98,115.17,551.88,558.05,399.86,388.68,694.03,709.55,343.17,363.02,,,,,,,,
EA7.1WK.jpg,lepidoptera,train,512.61,73.81,51.18,33.91,216.9,255.75,125.79,164.13,81.0,297.3,104.56,537.89,551.46,415.82,416.75,738.42,744.75,405.23,408.58,,,,,,,,
EA7.1XA.jpg,lepidoptera,train,507.11,71.02,66.4,36.93,279.48,309.1,141.54,166.75,86.87,273.96,108.81,567.49,555.75,413.65,405.66,725.3,418.84,382.94,417.13,,,,,,,,
EA7.203.jpg,lepidoptera,train,479.73,81.21,30.11,42.77,,327.46,140.15,141.52,99.0,308.1,123.07,610.43,589.87,467.91,472.72,754.16,730.94,411.5,411.01,,,,,,,,
EA7.22N.jpg,lepidoptera,train,450.47,79.87,50.77,43.63,353.43,311.69,106.94,137.89,89.5,261.81,102.3,475.32,482.56,331.35,283.65,691.57,678.52,331.17,328.67,,,,,,,,
EA7.23G.jpg,lepidoptera,train,471.66,84.97,51.36,53.21,,,131.6,175.26,107.72,245.04,130.19,496.97,498.82,360.64,364.72,719.16,710.03,386.91,380.53,,,,,,,,
EA7.25Z.jpg,lepidoptera,train,538.16,75.89,36.16,39.25,,157.69,120.31,138.32,98.62,363.68,122.32,625.46,626.05,408.57,407.19,743.25,747.31,369.39,371.94,,,,,,,,
EA7.26E.jpg,lepidoptera,train,647.76,76.58,58.4,40.0,351.6,367.44,124.83,144.88,66.49,444.48,107.28,631.72,624.38,439.45,435.78,749.68,748.2,399.97,394.35,,,,,,,,
EA7.286.jpg,lepidoptera,train,474.81,77.63,43.78,57.47,254.7,356.42,133.14,175.5,105.47,255.52,139.41,561.82,561.55,416.14,401.64,656.57,689.93,357.33,368.34,,,,,,,,
EA7.28P.jpg,lepidoptera,train,485.32,66.27,43.74,36.68,,329.84,119.0,120.0,102.26,321.59,93.17,550.19,569.91,417.2,401.66,653.57,674.29,378.04,364.73,,,,,,,,
EA7.29W.jpg,lepidoptera,train,499.26,68.77,53.97,34.69,261.38,282.95,100.93,104.87,72.72,340.42,95.35,622.9,600.97,385.92,383.67,802.16,797.36,440.04,432.4,,,,,,,,
EA8.0UP.jpg,lepidoptera,train,535.27,155.01,55.98,,345.09,355.72,269.33,188.52,195.71,290.76,270.85,433.44,442.08,416.95,399.1,615.09,601.5,269.23,267.05,,,,,,,,
EA8.0Y7.jpg,lepidoptera,train,590.35,77.25,45.88,,336.99,319.18,245.68,241.5,185.87,302.97,211.67,481.81,473.54,433.56,431.55,632.4,397.79,301.47,295.46,,,,,,,,
EA8.16U.jpg,lepidoptera,train,517.88,90.4,29.61,63.16,307.43,300.55,190.97,181.11,178.12,307.16,201.09,496.6,495.23,417.96,422.37,611.09,608.57,294.8,298.87,,,,,,,,
EA8.181.jpg,lepidoptera,train,586.31,105.39,48.06,64.38,348.2,380.21,201.04,222.93,125.79,315.32,189.27,494.77,487.54,470.71,417.41,599.97,605.5,298.88,278.29,,,,,,,,
EA8.198.jpg,lepidoptera,train,381.23,75.87,23.73,53.52,269.22,224.46,127.76,149.88,110.56,207.62,119.08,475.43,454.22,413.36,423.11,586.68,590.3,322.37,305.44,,,,,,,,
EA8.1AC.jpg,lepidoptera,train,622.7,93.77,37.71,55.19,383.79,351.78,157.16,181.07,112.03,403.91,160.89,507.76,517.19,424.0,425.24,654.04,673.19,333.38,331.04,,,,,,,,
EA8.1B9.jpg,lepidoptera,train,,,,,379.63,362.96,214.18,,158.86,349.44,233.58,441.2,452.59,379.93,329.32,597.77,604.59,314.21,318.73,,,,,,,,
EA8.1BL.jpg,lepidoptera,train,,,,,,263.43,202.78,194.88,158.44,299.28,186.77,467.12,475.39,235.79,279.69,655.9,663.85,289.1,300.77,,,,,,,,
EA8.1ID.jpg,lepidoptera,train,574.73,,47.29,63.08,360.09,,215.46,183.66,168.66,343.77,218.49,475.62,494.74,347.38,426.99,638.68,382.5,278.59,257.53,,,,,,,,
EA8.1IZ.jpg,lepidoptera,train,570.78,103.69,59.36,66.05,367.53,353.66,238.82,182.11,205.07,329.31,234.6,467.42,458.83,426.7,455.37,631.94,629.17,291.57,316.86,,,,,,,,
EA8.1KO.jpg,lepidoptera,train,591.79,95.53,45.33,,330.82,349.64,213.95,200.04,149.91,346.42,224.62,425.07,443.22,388.45,374.11,653.46,369.7,301.54,323.68,,,,,,,,
EA8.1MA.jpg,lepidoptera,train,589.83,105.04,38.59,78.5,284.8,369.39,218.05,202.88,179.56,348.36,214.47,443.99,491.03,402.88,405.7,637.47,643.25,300.36,299.16,,,,,,,,
EA8.1MC.jpg,lepidoptera,train,568.53,107.82,34.66,68.57,284.26,229.77,213.83,223.66,175.14,310.2,225.08,471.97,475.58,401.4,366.5,633.87,633.9,284.09,275.6,,,,,,,,
EA8.1MX.jpg,lepidoptera,train,681.7,114.63,36.75,,370.46,186.77,209.7,219.69,142.31,425.25,243.42,477.25,499.7,439.01,446.08,625.56,647.29,302.32,310.81,,,,,,,,
EA8.1NZ.jpg,lepidoptera,train,412.54,95.17,43.5,52.31,328.38,321.96,172.03,194.58,48.37,174.47,92.28,490.51,483.26,405.05,417.44,601.62,621.96,367.03,363.25,,,,,,,,
EA8.1OA.jpg,lepidoptera,train,456.99,74.66,35.04,37.33,327.65,314.09,112.58,150.93,52.98,271.02,72.46,499.49,481.11,376.18,382.16,639.94,632.3,396.45,376.78,,,,,,,,
EA8.1U1.jpg,lepidoptera,train,640.81,145.15,62.92,48.19,246.28,280.13,188.22,206.28,259.49,371.62,216.34,416.71,438.33,281.15,286.37,696.48,691.94,275.22,280.51,,,,,,,,
EA8.1W8.jpg,lepidoptera,train,409.25,75.84,25.47,43.32,280.76,135.94,,131.56,92.71,252.22,104.27,502.11,539.63,378.67,364.77,733.85,713.0,390.94,387.98,,,,,,,,
EA8.24T.jpg,lepidoptera,train,470.63,71.34,27.26,44.12,,283.81,105.12,152.54,101.46,290.83,120.48,451.15,432.15,309.4,296.58,625.48,617.65,315.13,313.78,,,,,,,,
EA8.27O.jpg,lepidoptera,train,,90.53,64.24,47.63,192.59,175.44,109.89,204.73,,,117.9,481.14,460.65,317.62,311.22,724.62,712.54,344.52,357.77,,,,,,,,
EB1.00W.jpg,lepidoptera,train,502.54,75.32,33.64,50.89,279.02,272.55,137.48,174.09,92.59,294.8,111.97,554.1,561.91,436.96,442.87,697.76,688.46,379.24,390.04,,,,,,,,
EB1.043.jpg,lepidoptera,train,471.79,66.72,20.84,45.47,343.79,290.0,131.82,124.34,105.36,326.61,101.43,474.19,454.09,375.98,375.61,701.06,686.73,336.47,332.25,,,,,,,,
EB1.04X.jpg,lepidoptera,train,474.12,68.04,24.81,41.65,281.86,261.69,112.59,139.2,94.52,310.11,88.4,501.33,503.9,390.5,382.94,722.6,728.78,360.43,360.45,,,,,,,,
EB1.050.jpg,lepidoptera,train,379.98,67.61,31.8,31.06,296.85,,137.25,123.75,100.34,224.43,111.16,458.18,455.46,359.78,368.88,707.15,704.35,339.71,349.46,,,,,,,,
EB1.0CF.jpg,lepidoptera,train,446.92,74.07,46.0,40.4,258.42,222.09,122.82,127.2,106.1,273.72,109.79,457.09,471.25,322.47,313.43,648.84,654.41,362.47,357.3,,,,,,,,
EB1.0FL.jpg,lepidoptera,train,400.47,,44.48,,,,102.48,102.19,90.77,253.8,95.81,404.11,384.88,298.65,304.13,630.78,644.87,315.5,303.81,,,,,,,,
EB1.0I3.jpg,lepidoptera,train,397.19,,31.4,,215.25,,129.16,120.21,110.15,245.58,113.59,428.24,412.24,288.16,309.68,674.07,675.74,320.14,330.48,,,,,,,,
EB1.0JU.jpg,lepidoptera,train,,,,,,,146.4,193.78,90.8,297.35,121.41,457.67,447.33,291.27,311.64,681.95,683.51,321.71,312.65,,,,,,,,
EB1.0NV.jpg,lepidoptera,train,539.75,,59.83,,269.86,292.28,235.71,222.28,158.7,257.64,198.32,411.6,404.51,327.84,315.16,569.94,587.97,274.7,269.15,,,,,,,,
EB1.0P0.jpg,lepidoptera,train,592.46,,48.63,,378.0,358.63,226.84,225.66,173.91,318.17,225.39,423.73,425.5,384.44,379.62,586.69,582.45,286.16,282.55,,,,,,,,
EB1.0VI.jpg,lepidoptera,train,574.18,97.83,39.21,,354.88,339.57,234.2,218.39,116.12,316.58,174.3,505.13,489.11,441.83,411.09,602.86,576.6,315.9,315.31,,,,,,,,
F.100283.jpg,lepidoptera,train,1944.31,336.38,108.7,,,,570.6,691.44,398.59,1144.16,797.52,1686.41,1695.53,1391.95,1381.11,2194.99,2130.32,975.21,939.85,,,,,,,,
F.100429.jpg,lepidoptera,train,1609.92,372.38,194.33,,1072.66,828.94,515.19,623.86,507.91,791.73,625.29,1093.62,1141.75,,797.68,1328.12,1360.25,686.79,657.05,,,,,,,,
F.10070.jpg,lepidoptera,train,,,,,,,232.03,288.04,184.22,750.09,234.16,999.74,1002.78,726.31,553.1,1163.55,1186.82,393.31,390.35,,,,,,,,
F.100798.jpg,lepidoptera,train,2549.08,398.34,272.67,249.39,1309.84,1170.9,564.21,790.31,466.84,1486.1,771.68,1896.74,1913.51,,,2429.74,2281.45,1053.77,1037.06,,,,,,,,
F.100816.jpg,lepidoptera,train,2604.02,381.51,103.02,,1149.66,,746.99,911.06,649.42,1589.93,891.62,1842.74,2009.27,1641.74,1631.72,2580.96,2682.68,1096.43,1064.92,,,,,,,,
F.100832.jpg,lepidoptera,train,2058.3,364.5,166.23,230.6,1000.37,1011.35,555.92,665.86,486.98,1226.21,746.6,1585.87,1523.73,1391.87,1405.14,1899.69,1921.29,826.9,779.66,,,651.15,158.25,,,660.16,
F.10086.jpg,lepidoptera,train,996.18,170.14,67.87,114.16,806.61,,263.29,222.24,231.75,706.06,245.57,1144.5,1131.05,658.01,682.66,1325.98,1359.58,397.45,387.34,,,,,,,,
F.100920.jpg,lepidoptera,train,3020.57,481.49,155.02,259.79,1761.95,1485.68,902.74,1019.67,786.3,1845.88,1097.2,2323.19,2196.33,,,3061.66,,1258.19,1243.26,,,,,,,,
F.100963.jpg,lepidoptera,train,2975.05,511.18,166.86,314.57,1276.68,1402.2,771.56,1033.38,840.6,1774.81,1083.7,2430.4,2482.47,2087.24,2095.29,2959.67,,1228.55,1198.6,,,,,,,,
F.100976.jpg,lepidoptera,train,3171.98,475.04,107.63,284.75,,897.71,935.85,1150.21,823.07,1914.14,976.53,2534.2,2366.78,,,3163.44,,1229.81,1188.7,,,,,,,1039.09,1105.99
F.100980.jpg,lepidoptera,train,3278.99,505.06,195.64,300.24,,,951.39,1013.94,848.01,2069.41,1070.42,2393.22,2236.01,,,3177.74,3091.16,1319.38,1305.33,,,,1175.94,,,,1110.02
F.10116.jpg,lepidoptera,train,1117.0,178.66,109.21,,,686.69,250.52,289.17,191.91,718.62,326.88,936.52,1086.73,,,1060.1,1247.03,411.38,369.98,,,,,,,,
F.101176.jpg,lepidoptera,train,1455.56,241.39,153.41,,896.83,,295.75,440.42,246.6,861.73,431.28,,,,,1521.92,1556.26,524.79,470.25,,,,,,,,
F.101184.jpg,lepidoptera,train,1372.95,257.57,116.66,134.44,1067.96,1072.1,320.1,400.09,262.5,856.19,454.95,1378.18,1340.62,1193.73,1245.81,1632.4,1612.29,537.86,550.87,,,,,,,,
F.101205.jpg,lepidoptera,train,,229.71,233.98,127.82,1065.13,1009.02,337.72,435.24,279.77,,477.71,1339.22,1392.8,1211.12,1270.43,1665.02,1734.27,578.14,565.54,,,,,,,,
F.101212.jpg,lepidoptera,train,1361.47,226.74,158.29,,,567.09,255.44,423.95,274.09,779.23,377.08,1258.68,1262.59,1169.59,1160.96,1508.85,1489.83,484.92,488.78,,,,,,,,
F.1015.jpg,lepidoptera,train,,177.84,97.37,123.4,706.75,663.94,306.47,317.38,,,271.08,1057.58,1081.22,665.31,651.84,1200.14,1273.25,382.34,388.13,,,,,,,,
F.101581.jpg,lepidoptera,train,1668.14,303.09,166.77,,1147.9,999.14,473.64,614.91,459.92,886.45,578.01,1366.82,1382.09,,1076.5,1711.41,1800.17,856.5,858.32,,,,,,,,
F.101587.jpg,lepidoptera,train,1637.8,,139.82,,,964.55,440.02,616.04,436.82,881.94,615.39,1368.07,1342.38,1155.18,1103.08,1738.28,1702.05,850.67,856.96,,,,,,,,
F.101705.jpg,lepidoptera,train,1762.84,269.79,70.03,,944.85,1141.96,509.78,610.34,538.02,1082.47,701.76,1379.52,1430.11,1185.14,1222.76,1751.09,1822.95,791.5,798.26,,,,,,,,
F.10185.jpg,lepidoptera,train,1038.37,173.57,68.82,,,696.11,277.85,290.32,226.38,679.24,286.64,1015.8,979.55,675.43,590.75,1217.69,1178.8,356.85,354.06,,,,,,,,
F.101889.jpg,lepidoptera,train,1757.08,203.57,83.11,,,652.9,490.19,544.45,548.29,1129.53,594.82,1297.99,1268.01,1117.24,1102.27,1538.5,1564.14,610.99,635.43,,,,,,,,
F.101900.jpg,lepidoptera,train,,,,,,,495.5,,373.76,917.26,625.46,1241.45,1277.13,1073.44,1134.81,1500.66,1511.92,595.31,636.49,,,,487.65,,,,
F.102076.jpg,lepidoptera,train,1926.02,298.21,172.02,,,,537.8,610.42,587.64,1143.58,686.74,1484.06,1449.47,1147.44,1167.94,1796.42,1791.46,829.15,791.64,,,,,,,,
F.102113.jpg,lepidoptera,train,1981.1,286.43,153.07,,797.24,,469.73,664.21,468.62,1163.83,690.09,1315.07,1301.99,934.75,981.13,1582.01,1600.16,683.72,719.64,,,,594.94,,,,
F.102599.jpg,lepidoptera,train,2469.25,326.7,154.07,187.39,1179.3,1195.97,689.37,746.43,653.74,1568.75,814.47,1748.91,1721.01,1612.66,1604.76,2240.4,2244.9,1019.65,1046.04,,,,392.21,,,,
F.102654.jpg,lepidoptera,train,,331.58,82.4,177.66,,,635.56,696.05,,,778.54,,,,,2183.64,2194.61,958.2,,,,,,,,,
F.1030.jpg,lepidoptera,train,614.81,127.49,42.13,105.26,426.91,493.3,,143.87,163.59,428.81,200.52,685.25,658.3,400.11,419.36,810.58,822.41,256.56,259.57,,,,,,,,
F.103003.jpg,lepidoptera,train,2122.41,360.56,110.0,235.15,1019.47,731.09,473.25,671.4,580.11,1341.01,680.53,,1709.51,,1458.81,2138.03,2100.12,979.0,973.49,,,,738.59,,,,682.1
F.103157.jpg,lepidoptera,train,2777.7,395.57,141.87,,1195.73,1133.88,675.07,910.24,981.23,1725.59,953.94,1399.99,1582.16,,,1874.71,2063.67,1053.84,1006.62,,,,,,,,
F.103193.jpg,lepidoptera,train,2319.79,,29.23,,1250.7,,657.98,642.48,807.36,1648.08,921.72,2086.14,2127.2,,2019.94,2714.5,2765.36,1180.16,1131.63,,,,626.96,,,,575.03
F.103202.jpg,lepidoptera,train,3028.12,,83.4,,,,789.91,925.2,972.67,2019.52,1027.59,2304.34,2271.03,,,,,1245.85,1229.62,,,,1489.91,,,,1355.62
F.103207.jpg,lepidoptera,train,,,,,661.69,718.47,727.46,847.88,898.13,2076.15,894.91,2227.01,2238.97,2032.31,2062.28,2920.78,2892.48,1198.71,1171.37,,,,,,,,
F.103259.jpg,lepidoptera,train,2550.44,358.02,67.39,211.88,,,646.18,824.72,731.69,1658.33,831.88,1949.72,1827.71,1759.45,1749.0,2504.44,2326.24,1051.51,1010.31,,,,,,,,
F.103272.jpg,lepidoptera,train,2519.13,305.51,58.93,,1003.53,,710.45,711.86,651.47,1748.34,994.36,,,,,,,,684.15,,,,,,,,
F.103381.jpg,lepidoptera,train,1968.81,298.94,153.05,181.31,1122.42,1192.84,459.52,527.95,389.72,1287.81,541.74,1612.65,1557.24,1199.43,1163.39,2035.2,2076.54,992.51,971.49,,,,,,,,
F.103471.jpg,lepidoptera,train,2148.77,346.44,122.13,221.14,,999.35,568.56,575.66,541.77,1450.98,682.84,1620.58,1648.34,,1316.11,2071.97,2068.6,914.47,929.87,,,,,,,,
F.103527.jpg,lepidoptera,train,2124.9,352.22,136.29,208.29,1008.01,970.52,535.22,623.63,809.56,1364.98,720.81,1706.67,1689.11,1415.87,,2061.1,2101.88,886.57,894.88,,,,,,,,
F.103545.jpg,lepidoptera,train,2177.69,360.24,182.24,204.92,1085.22,1299.0,540.31,587.02,632.32,1408.43,749.92,1665.25,1642.34,1342.3,1405.99,2114.59,2092.66,893.93,867.34,,,,,,,,
F.103651.jpg,lepidoptera,train,1684.36,,108.82,,916.38,944.36,436.87,514.46,323.46,1061.08,572.37,1463.97,1337.35,1241.0,1068.17,1860.08,1564.52,919.86,909.98,,,,525.99,,,,
F.103671.jpg,lepidoptera,train,1597.88,,67.92,,867.14,864.76,371.22,544.62,354.42,985.34,555.69,1631.57,1650.12,1252.61,1208.22,1987.03,2070.37,1056.3,1061.18,,,,,,,,
F.103685.jpg,lepidoptera,train,,,,,,,442.96,,364.66,1011.7,507.85,1496.63,1475.98,1049.8,1078.3,1835.96,1925.84,926.02,902.99,,,,,,,,
F.103721.jpg,lepidoptera,train,1644.63,231.15,137.91,,1058.62,,526.77,521.92,285.01,984.8,581.22,1383.6,1420.95,1104.88,1104.11,1853.66,1951.55,764.2,684.68,,,,,,,,
F.103725.jpg,lepidoptera,train,1458.15,290.68,120.27,196.99,1001.55,894.48,441.67,557.88,315.42,780.0,555.0,1298.41,1333.13,1101.64,941.03,1719.02,1773.54,726.0,736.91,,,,,,,,
F.104094.jpg,lepidoptera,train,,,,,607.39,,264.39,,231.63,,406.58,1330.64,1333.74,994.45,916.95,1648.72,1751.48,799.95,806.8,,,440.28,480.39,,,,
F.104179.jpg,lepidoptera,train,,,,,878.67,820.44,516.25,662.56,412.69,1027.39,625.5,1602.39,1486.31,1182.81,1172.67,2114.03,2007.13,1030.43,1016.61,,,,,,,,
F.104194.jpg,lepidoptera,train,1945.18,300.13,102.69,192.24,1002.26,1077.58,527.34,663.59,501.02,1178.9,711.48,1620.37,1648.93,,1291.66,2167.26,2184.6,1042.42,1064.06,,,,599.74,,,,615.31
F.104363.jpg,lepidoptera,train,,311.32,134.18,206.65,928.4,855.13,468.52,643.71,,,597.26,,1415.39,,,1718.57,1797.83,812.86,836.4,,,543.24,619.81,,,,
F.104370.jpg,lepidoptera,train,1664.14,279.85,135.47,174.98,799.91,,430.7,565.18,508.35,963.49,484.89,1559.55,1522.39,1205.92,1148.65,2038.52,2035.53,980.07,990.77,,,,,,,,
F.104450.jpg,lepidoptera,train,,,,,,,416.79,476.01,385.11,1256.51,582.76,1633.15,1631.27,1400.5,1311.7,2055.11,2088.57,1004.76,987.35,,,,,,,,
F.104533.jpg,lepidoptera,train,,,,,,,575.71,591.58,494.57,1249.5,719.16,1561.78,1616.07,1192.43,1174.35,1907.64,1942.51,987.13,1018.14,,,,,,,,
F.104535.jpg,lepidoptera,train,1794.08,251.74,105.31,,957.79,905.18,560.67,696.6,565.02,992.16,717.47,1453.94,1484.07,1145.74,1126.81,1822.33,1787.27,1003.25,1001.79,,,,,,,,
F.104816.jpg,lepidoptera,train,,302.27,163.55,195.34,1094.73,885.09,578.08,626.14,,,826.29,1533.48,1551.4,1318.69,1319.68,1908.71,1859.26,823.05,797.95,,,,,,,,547.33
F.105034.jpg,lepidoptera,train,1198.15,216.49,115.36,,898.37,878.17,432.02,507.36,355.49,575.43,512.39,1066.19,1094.95,837.87,863.38,1387.02,1371.97,576.34,583.69,,,,500.78,,,,496.15
F.105125.jpg,lepidoptera,train,1796.74,282.86,123.95,176.04,,1116.87,454.2,575.56,490.49,1097.24,608.71,1527.49,1519.69,1370.47,1340.5,1857.32,1966.09,948.23,939.03,,,,,,,,
F.105172.jpg,lepidoptera,train,1817.71,307.61,162.65,,1172.41,1083.43,540.03,611.5,413.35,1043.56,749.38,1449.64,1430.27,1137.89,1222.99,1704.11,1757.45,867.56,874.7,,,,,,,,
F.105189.jpg,lepidoptera,train,1411.31,257.5,123.86,171.82,,,439.52,450.96,310.56,836.49,569.43,1206.91,1251.5,,987.56,1652.26,1705.93,757.29,732.19,,,,,,,,
F.105328.jpg,lepidoptera,train,2499.32,360.46,110.69,,1363.15,1312.64,635.0,746.29,718.28,1642.34,824.57,1919.97,1932.94,1410.35,1443.21,2452.74,2445.9,1026.65,1085.61,,,,,,,,
F.105393.jpg,lepidoptera,train,1878.9,,115.37,,,,374.62,537.64,442.24,1225.89,428.86,1729.98,1700.69,1299.27,1187.37,2186.74,2107.85,962.0,949.34,,,,,,,,
F.105442.jpg,lepidoptera,train,1772.87,261.55,156.76,,918.35,970.47,484.0,551.58,320.71,1064.53,533.44,1417.75,1414.67,1101.59,1040.16,1660.6,1638.88,798.96,820.63,,,,,,,,444.9
F.105508.jpg,lepidoptera,train,,,,,,,625.37,779.97,486.22,1071.18,682.46,1379.89,1424.23,1248.02,1254.26,1705.82,1792.95,884.66,861.93,,,,,,,,
F.105635.jpg,lepidoptera,train,,,,,,858.67,460.0,485.67,499.12,877.72,532.48,1123.01,1106.47,,,1403.73,1446.37,594.37,596.06,,,,,,,,
F.105660.jpg,lepidoptera,train,,,,,1028.65,1052.25,496.83,626.37,446.75,891.38,647.2,1308.69,1386.15,972.32,933.3,1584.94,1651.87,734.11,690.44,,,,587.6,,,,551.45
F.105726.jpg,lepidoptera,train,2064.71,277.78,116.02,,,1178.96,438.05,562.44,491.86,1386.26,748.24,1655.7,1660.81,,,,2106.11,1020.48,1010.18,,,,,,,,
F.105738.jpg,lepidoptera,train,1220.9,,105.79,,,,350.09,412.58,320.64,702.54,507.95,1426.67,1398.91,,,1757.68,1649.63,851.83,818.13,,,,532.88,,,,
F.105774.jpg,lepidoptera,train,,260.16,,161.11,,1016.91,415.83,450.65,,773.95,489.23,,,,,1658.7,1411.65,713.49,647.36,,,,,,,,
F.105821.jpg,lepidoptera,train,1677.71,283.74,198.17,,953.33,716.19,625.83,638.86,465.31,840.68,680.56,1292.89,1333.66,1129.8,1137.71,1546.66,1605.26,783.64,763.08,,,,481.77,,,,
F.106126.jpg,lepidoptera,train,1764.46,,120.8,,,801.92,506.95,586.79,363.32,1056.88,579.93,1291.0,1316.46,1094.66,1106.75,1565.14,1427.97,733.99,769.26,,,,,,,,
F.106177.jpg,lepidoptera,train,1730.02,273.85,96.45,,1030.56,,516.72,647.66,423.57,985.91,580.09,1386.7,1373.04,1260.84,,1741.3,1764.02,935.3,911.71,,,,,,,,
F.106189.jpg,lepidoptera,train,1649.14,259.87,129.72,170.71,927.11,766.49,426.29,582.77,344.33,936.65,566.16,1297.37,1337.33,1071.33,1064.02,1653.99,1643.9,778.56,804.31,,,,513.49,,,,
F.106274.jpg,lepidoptera,train,,,,,,790.94,436.58,457.75,,963.94,522.92,,,,,1549.39,1567.7,714.38,,,,,,,,,
F.106312.jpg,lepidoptera,train,,317.2,143.04,,,,778.74,638.0,,,839.96,,,,,2068.13,2059.18,,983.99,,,,,,,,
F.106424.jpg,lepidoptera,train,2061.91,292.52,106.92,,706.96,,587.14,664.41,638.04,1290.59,729.67,1316.4,1260.48,,983.03,1792.38,1725.52,850.27,861.68,,,,,,,,
F.106449.jpg,lepidoptera,train,1680.06,304.85,158.04,254.13,481.28,623.83,569.32,614.44,557.33,907.58,600.91,1283.36,1256.69,1033.99,1006.31,1759.32,1694.91,838.52,823.88,,,,,,,,
F.107028.jpg,lepidoptera,train,,,54.81,,,787.71,580.85,456.67,,,662.39,,,,,1457.71,1465.63,781.03,,,,,,,,,
F.107178.jpg,lepidoptera,train,1595.08,252.72,129.06,,928.58,777.48,520.04,541.01,492.5,925.01,651.28,1215.43,1203.64,1052.71,1001.78,1530.25,1517.97,790.36,763.38,,,,,,,,
F.107322.jpg,lepidoptera,train,1497.68,281.6,200.73,193.38,824.69,758.26,472.14,580.9,,716.06,560.1,,,,,,1427.34,,567.33,,,,,,,,
F.1074.jpg,lepidoptera,train,778.16,128.93,49.25,,642.19,663.76,226.36,153.93,198.35,574.98,231.97,832.25,811.28,509.76,482.97,926.28,942.59,301.06,279.26,,,,,,,,
F.107472.jpg,lepidoptera,train,1596.03,305.43,200.6,208.85,1101.69,1012.78,527.39,607.27,533.36,788.16,679.88,1288.13,1309.47,1084.58,1061.07,1668.72,1629.48,773.43,780.65,,,306.33,301.48,,,396.25,336.77
F.107615.jpg,lepidoptera,train,2810.19,414.66,123.59,260.38,1567.97,1510.78,764.34,913.61,723.71,1772.99,830.97,1967.76,1962.45,1458.3,,2629.83,2558.13,1162.33,1181.98,,,,741.97,,,,731.01
F.107766.jpg,lepidoptera,train,1969.81,298.03,161.97,189.46,1007.87,995.15,568.7,595.81,583.8,1212.03,585.89,1322.32,1280.97,1024.44,,1695.12,1614.48,745.18,767.7,,,,,,,,
F.107793.jpg,lepidoptera,train,2012.69,305.09,143.07,,,961.35,657.84,596.83,371.52,1272.79,709.46,1258.91,1233.66,1039.13,1062.27,1626.8,1593.46,759.77,761.83,,,,,,,,
F.108075.jpg,lepidoptera,train,1558.25,,55.5,,775.11,850.32,507.6,594.06,,908.69,556.73,,,,,1564.04,1482.04,758.08,593.44,,,,,,,,
F.108120.jpg,lepidoptera,train,1725.57,,94.48,,959.38,952.0,521.12,603.68,,1027.41,616.8,,,,,1712.61,1695.78,778.58,857.92,,,,,,,,
F.108192.jpg,lepidoptera,train,1513.95,305.02,104.21,174.31,,,413.24,532.08,322.18,877.66,473.64,1211.36,1092.18,921.05,952.63,1432.66,1432.0,737.63,727.35,,,,,,,,
F.108236.jpg,lepidoptera,train,1721.94,,128.48,,,658.6,524.47,544.8,347.93,1048.66,658.26,,,,,1475.74,1459.63,644.68,707.37,,,,,,,,
F.108314.jpg,lepidoptera,train,2030.58,,76.6,,940.24,929.97,441.18,611.06,433.34,1342.92,557.13,1320.55,1373.15,823.82,870.99,1575.2,1593.56,735.77,721.09,,,,,,,,
F.108361.jpg,lepidoptera,train,1623.2,309.53,129.04,219.45,985.63,1056.02,581.52,588.33,370.98,905.84,651.35,1234.07,1254.32,954.74,1016.83,1561.89,1582.1,762.67,744.43,,,,261.93,,,,174.02
F.108417.jpg,lepidoptera,train,2077.15,311.59,121.42,227.07,1121.32,773.15,644.35,648.09,,1307.65,785.87,,,,,1774.27,1807.34,812.79,832.64,,,,,,,,
F.108472.jpg,lepidoptera,train,1581.11,288.61,148.76,186.6,1005.99,1010.18,419.51,469.63,430.75,962.72,579.15,1175.3,1199.65,,,1530.07,1520.52,687.48,682.73,,,,515.73,,,,521.34
F.108716.jpg,lepidoptera,train,,,,,,,469.89,585.3,,992.71,585.17,,,,,,1443.87,613.6,543.44,,,,,,,,
F.108771.jpg,lepidoptera,train,1711.79,370.28,165.78,,973.27,,514.32,546.16,364.81,999.85,612.43,1246.55,1177.64,,936.73,1497.86,1523.14,738.93,767.74,,,,,,,461.96,531.99
F.109478.jpg,lepidoptera,train,2004.02,,259.51,,625.1,540.22,577.36,625.53,538.14,1118.98,774.55,1481.05,1562.04,,1289.89,1818.47,1862.48,918.62,925.98,,,,,,,,
F.109956.jpg,lepidoptera,train,1744.96,284.04,116.05,181.38,779.86,698.93,462.39,534.51,533.88,1094.4,519.88,1198.42,1284.62,1032.37,1041.92,1544.94,1609.4,796.66,800.37,,,,,,,,
F.110047.jpg,lepidoptera,train,1888.93,,98.78,,,,528.92,621.04,519.94,1169.1,662.4,1399.96,1411.01,1139.99,1143.14,1807.39,1799.31,827.81,797.81,,,,,,,,
F.110069.jpg,lepidoptera,train,1780.35,292.64,150.22,165.22,945.57,903.39,506.69,622.08,331.58,1008.05,601.19,1280.51,1189.14,994.02,1003.69,1541.79,1538.89,691.61,693.48,,,,,,,,
F.11011.jpg,lepidoptera,train,1142.17,192.27,120.63,130.06,601.68,756.74,240.61,255.72,276.45,765.82,338.03,1265.74,1268.88,935.52,861.43,1457.65,1437.65,508.38,530.86,,,,,,,,
F.110146.jpg,lepidoptera,train,1880.43,262.75,124.77,181.81,957.75,940.3,474.33,615.86,486.5,1139.8,483.89,1356.24,1347.7,1078.11,1095.59,1782.37,1741.86,727.39,700.61,,,,,,,,
F.110268.jpg,lepidoptera,train,,153.34,136.75,82.63,473.05,404.4,248.45,271.81,145.62,,238.11,790.94,779.54,677.72,680.4,948.63,945.56,297.65,335.59,,,263.28,166.36,,,,
F.110436.jpg,lepidoptera,train,1925.85,346.42,122.32,,590.75,592.08,639.91,682.57,619.89,1120.96,852.52,1450.43,1491.81,,,1918.38,1901.54,932.49,939.39,,,,,,,,
F.110608.jpg,lepidoptera,train,1515.22,284.98,149.65,181.79,581.87,725.21,492.85,541.23,,824.34,594.31,,,,,1490.28,1575.83,733.46,635.72,,,,,,,,
F.110824.jpg,lepidoptera,train,1920.35,294.94,105.65,,888.69,800.15,658.1,694.95,,1119.75,763.95,,,,,2094.64,2054.57,891.52,891.49,,,,,,,,
F.11100.jpg,lepidoptera,train,1002.35,197.24,98.91,119.97,918.79,802.55,213.11,317.95,185.82,585.48,305.02,1191.94,1183.3,739.76,830.55,1380.59,1386.51,471.72,473.59,,,,,,,,
F.111013.jpg,lepidoptera,train,,273.35,112.84,,,676.18,396.4,559.22,,,578.61,,,,,1737.65,1635.05,589.74,,,,,,,,,
F.11231.jpg,lepidoptera,train,,,,,656.37,,,255.73,240.3,532.5,201.5,1265.0,1185.6,703.68,780.05,1695.43,1667.81,617.76,598.95,,,,,,,,
F.11291.jpg,lepidoptera,train,,193.93,,,1035.2,1120.7,241.95,,228.84,755.53,310.09,1225.6,1206.58,808.97,773.05,1510.1,1540.47,506.54,476.28,,,,,,,,
F.11457.jpg,lepidoptera,train,,,,,909.76,984.94,251.53,296.85,264.31,657.07,341.26,1349.71,1356.62,642.77,651.44,1773.45,1774.51,679.13,674.15,,,,,,,,
F.11750.jpg,lepidoptera,train,1115.06,,123.91,,1091.34,1061.85,318.19,230.31,287.36,760.84,333.47,1263.65,1237.93,585.43,589.04,1421.49,1424.96,495.44,493.84,,,,,,,,
F.12296.jpg,lepidoptera,train,1188.44,189.14,129.35,134.65,1101.53,1009.66,275.77,262.42,237.61,796.66,291.26,1202.11,1237.04,597.38,655.5,1465.42,1481.82,520.22,484.34,,,,,,,,
F.124337.jpg,lepidoptera,train,1761.75,152.58,86.29,,950.18,976.22,451.81,900.19,320.16,775.27,521.19,1100.76,1076.7,369.91,507.43,1744.9,1621.51,812.7,855.02,700.76,247.39,228.28,225.1,,,,
F.124421.jpg,lepidoptera,train,2024.3,356.96,111.77,,,935.49,626.77,757.86,434.96,1154.67,694.7,1557.72,1525.24,954.71,876.77,2115.65,2052.55,1009.92,948.61,,,,,,,,
F.124426.jpg,lepidoptera,train,2086.72,239.63,127.23,,1004.69,1045.72,725.74,783.41,492.48,1176.07,698.34,1534.06,1638.35,1032.56,1209.35,2234.27,2157.01,933.13,997.23,,,,,,,,
F.124545.jpg,lepidoptera,train,1766.15,250.84,158.62,209.17,739.32,706.48,594.72,574.7,464.94,1032.82,663.33,1533.76,1506.52,1080.44,986.04,2047.22,2132.56,879.2,703.75,,,203.51,,847.58,234.82,264.86,347.9
F.124570.jpg,lepidoptera,train,1771.92,283.37,174.29,,,1004.1,678.93,598.1,421.86,999.52,635.58,1175.56,1194.56,642.61,654.61,1693.58,1696.98,783.25,798.09,,,,,,,,
F.124818.jpg,lepidoptera,train,1861.1,235.21,158.14,153.9,917.73,,551.69,557.45,338.16,1145.51,596.39,1114.49,1156.99,703.47,672.99,1560.5,1536.5,693.63,702.43,,,,,533.09,202.37,163.0,167.73
F.124839.jpg,lepidoptera,train,1317.78,219.44,196.42,170.36,662.35,975.32,458.04,494.66,283.64,626.7,424.54,1298.68,1241.96,642.71,661.27,1658.42,1669.23,703.33,740.82,668.93,102.69,236.22,330.02,637.99,103.26,195.01,339.72
F.124987.jpg,lepidoptera,train,1673.82,159.04,79.07,,894.64,960.74,308.79,876.53,,718.22,765.69,,,,,1656.39,1661.23,897.96,984.13,,,,,,,,
F.125110.jpg,lepidoptera,train,2010.55,243.97,108.55,,927.47,744.93,592.09,703.77,335.83,1198.23,574.32,1422.04,1371.53,955.6,850.86,1978.41,2004.96,779.57,676.56,,,,,,,,
F.125213.jpg,lepidoptera,train,2284.3,231.92,104.66,,708.02,1133.84,674.19,727.78,324.42,1451.85,692.96,1399.89,1392.18,911.55,853.13,2062.17,1901.07,826.89,817.94,,,,,,,,
F.125268.jpg,lepidoptera,train,1351.19,250.19,150.24,,793.05,712.46,613.39,489.76,373.73,711.18,623.87,1002.73,995.81,614.63,619.66,1221.05,1189.33,615.69,626.18,,,,,,,,
F.125397.jpg,lepidoptera,train,1507.16,213.56,181.02,,733.65,894.6,502.45,765.28,308.65,560.86,596.33,1122.82,1177.7,678.03,491.02,1372.53,1446.96,665.72,656.17,,,,,,,,
F.125452.jpg,lepidoptera,train,2255.33,408.88,258.7,257.83,1300.71,1381.33,730.26,879.38,533.27,1117.25,738.71,1419.49,1424.97,1171.4,1090.44,2159.2,2028.54,797.53,792.12,,,,,,,,
F.125487.jpg,lepidoptera,train,2290.49,337.68,88.27,218.61,650.4,630.69,598.03,762.88,457.14,1439.35,633.41,1468.47,1446.21,957.43,989.52,2153.59,2168.85,857.34,885.56,1128.26,244.1,338.52,545.63,1099.64,218.29,333.3,548.05
F.125537.jpg,lepidoptera,train,2144.61,240.15,69.95,,654.93,304.78,689.4,757.42,443.24,1317.25,,1516.79,1560.76,933.86,1065.62,,2171.86,,781.66,,,,,,,,
F.125626.jpg,lepidoptera,train,2066.9,328.65,88.59,,1083.01,1141.91,615.19,941.81,351.5,1036.5,592.6,1181.89,1177.22,803.25,798.52,1713.01,1770.42,838.53,854.5,,,,,835.19,307.09,267.52,260.58
F.125837.jpg,lepidoptera,train,1381.48,289.0,90.6,,843.6,695.26,476.8,559.81,292.35,731.07,574.84,1083.58,1098.03,799.34,,1438.65,1427.95,676.1,656.26,,,,,,,,
F.125895.jpg,lepidoptera,train,1476.12,421.58,112.94,,228.89,764.22,370.19,540.44,310.31,822.74,391.83,1173.71,1208.21,695.01,690.28,1501.34,1496.63,766.28,758.77,,,,,,,,
F.125966.jpg,lepidoptera,train,1702.96,449.17,154.99,165.74,920.7,1038.21,498.93,479.29,330.45,1068.68,,1361.41,1349.87,1032.17,961.67,1839.76,,693.58,719.07,,,,,,,,
F.126131.jpg,lepidoptera,train,1889.03,362.39,147.55,246.87,,979.91,792.95,860.63,690.21,880.85,,1848.38,1801.75,1420.07,1319.59,2681.72,,1073.35,1079.96,,,499.92,180.47,,,,
F.126228.jpg,lepidoptera,train,1534.37,289.68,186.41,,951.8,1076.06,499.8,579.38,326.44,768.58,530.74,1200.38,1212.27,891.63,904.04,1693.41,1580.4,774.05,802.7,,,278.97,246.46,,,307.85,214.68
F.126251.jpg,lepidoptera,train,1592.34,173.39,73.57,,849.86,730.76,583.01,576.1,376.04,942.67,474.82,1167.67,1122.76,738.5,713.89,1540.41,1547.59,806.0,767.06,,,,,,,,
F.1264.jpg,lepidoptera,train,985.11,163.43,88.62,115.71,743.95,730.45,,223.49,229.28,673.0,268.67,1040.88,1009.31,469.21,442.2,1095.88,1163.16,362.72,374.61,,,,,,,,
F.126402.jpg,lepidoptera,train,1671.89,279.08,118.22,,,770.31,578.39,562.43,358.72,991.24,612.44,1315.84,1291.18,867.27,850.86,1633.11,1622.08,748.44,739.04,,,,,,,,
F.126414.jpg,lepidoptera,train,1932.97,310.38,188.54,,1068.77,1043.95,548.21,786.1,443.18,958.33,568.83,1196.95,1251.54,771.42,872.61,1850.87,1859.13,822.65,740.23,,,,,,,,
F.126663.jpg,lepidoptera,train,1982.64,308.15,170.48,201.94,,606.52,681.79,610.45,351.62,1201.71,642.93,1275.74,1250.87,706.62,772.39,1756.9,1711.81,674.02,656.77,,,,,,,,
F.126717.jpg,lepidoptera,train,2527.77,334.97,217.18,,714.12,1405.48,777.54,741.66,699.66,1568.92,816.61,1772.98,1810.9,723.26,777.3,2688.55,2593.1,1037.05,1111.07,,,,,,,,
F.126817.jpg,lepidoptera,train,1793.06,223.64,116.83,,746.69,907.76,783.42,922.37,515.92,753.85,681.77,1188.74,1318.9,714.21,756.94,1891.8,1830.6,943.06,962.61,,,,,,,,
F.126935.jpg,lepidoptera,train,1303.33,242.1,34.5,147.25,831.3,948.33,474.23,462.15,298.69,806.68,462.73,1121.1,1145.38,682.05,785.7,1591.65,1600.05,681.39,693.14,,,,,,,,
F.12696.jpg,lepidoptera,train,1218.36,203.05,131.85,,,1128.15,389.48,257.35,293.2,829.16,370.73,1377.96,1427.82,670.15,655.02,1618.66,1677.45,537.36,528.71,,,,,,,,
F.126992.jpg,lepidoptera,train,2199.84,359.38,225.41,218.94,936.22,1295.68,803.41,930.57,716.81,1043.86,810.01,1602.67,1606.72,1256.37,1197.9,2183.08,2186.69,1014.88,1032.19,,,,,,,,
F.127108.jpg,lepidoptera,train,1801.71,293.53,115.58,,649.1,664.52,578.06,612.88,466.97,1073.26,626.58,1190.54,1214.25,727.22,641.48,1517.98,1545.6,669.28,663.51,,,,,,,344.41,450.54
F.127119.jpg,lepidoptera,train,2372.41,289.51,114.79,,1162.22,,956.82,962.17,913.7,1295.45,867.61,1559.02,1601.92,1020.19,1121.48,2632.7,2559.07,1113.66,1121.84,,,,,,,,
F.127235.jpg,lepidoptera,train,1786.36,304.83,196.88,,717.95,1119.59,783.65,566.94,614.28,1022.55,753.23,1541.37,1521.03,914.64,1084.91,2050.95,2080.25,926.52,875.72,,,,,,,281.6,331.04
F.127238.jpg,lepidoptera,train,2093.94,217.05,146.95,,709.32,452.46,769.73,598.11,505.56,1348.88,765.68,1560.13,1428.56,1018.03,909.11,1971.75,1866.02,868.11,785.23,,,,,,,,
F.12745.jpg,lepidoptera,train,1249.21,204.19,155.66,142.45,1158.42,1055.93,315.92,288.93,226.13,804.61,288.93,1324.76,1313.13,598.98,610.22,1556.63,1513.14,459.64,487.71,,,,,,,,
F.127574.jpg,lepidoptera,train,1899.71,194.96,132.94,,1076.61,918.12,482.59,504.15,617.98,1262.62,487.64,1581.83,1584.15,1108.13,1129.31,2164.6,2188.63,886.97,863.12,,,,,,,,
F.127637.jpg,lepidoptera,train,2136.82,269.17,73.82,,679.52,1174.93,621.78,1033.35,454.95,1029.64,712.57,1348.02,1358.51,421.87,474.18,2031.13,2157.07,856.1,870.68,,,,,,,,
F.12770.jpg,lepidoptera,train,974.84,,107.1,,1127.52,,224.53,260.12,242.24,607.62,272.65,1166.59,1150.2,809.27,777.09,1259.44,1373.99,438.27,424.21,,,,,,,,
F.127978.jpg,lepidoptera,train,1948.09,315.52,130.34,,502.18,1038.96,532.06,675.65,411.09,1142.1,590.15,1596.61,1548.48,901.53,948.7,1957.75,1956.04,864.12,856.05,,,,,,,,
F.127985.jpg,lepidoptera,train,1845.09,287.2,120.27,205.07,937.04,945.73,520.48,603.01,415.77,1121.8,559.95,1484.57,1463.24,1059.05,1045.16,2007.21,1975.18,994.72,914.6,,,,,,,,
F.127998.jpg,lepidoptera,train,1869.83,336.21,159.11,220.57,1125.13,206.45,624.75,609.82,397.86,1100.91,712.15,1519.94,1540.29,1057.76,1097.71,1991.19,2040.06,911.1,868.76,,,,,,,,
F.12802.jpg,lepidoptera,train,1211.9,203.16,89.59,137.93,838.07,1069.06,312.46,287.44,290.9,834.87,354.2,1300.83,1340.97,771.08,797.94,1403.29,1517.64,472.01,446.2,,,,,,,,
F.12836.jpg,lepidoptera,train,1207.12,187.99,91.54,,,,278.67,267.57,201.95,848.01,270.78,1368.62,1428.54,678.08,657.64,1657.35,1706.36,501.32,499.75,,,,,,,,
F.128564.jpg,lepidoptera,train,777.92,134.02,76.61,,642.93,662.1,304.85,375.28,79.83,326.04,,,,,,1311.64,,617.62,543.04,,,,,,,,
F.128681.jpg,lepidoptera,train,1765.25,240.54,130.44,190.05,690.26,1000.37,335.36,541.41,197.51,1093.39,371.46,1379.58,1385.66,892.44,785.07,1615.26,1541.26,796.42,780.57,,,175.89,,,,255.89,
F.128706.jpg,lepidoptera,train,,292.56,123.75,175.7,,488.48,443.95,560.46,,,458.76,1165.41,1245.65,824.1,749.88,1514.16,1527.09,846.55,869.41,,,,,,,,
F.128716.jpg,lepidoptera,train,1523.24,154.38,141.49,,881.29,924.44,474.34,396.38,365.86,985.38,433.18,1148.72,1142.68,863.26,727.92,1515.98,1510.74,783.24,809.78,,,,,,,,
F.128762.jpg,lepidoptera,train,1864.98,197.73,118.69,,844.1,593.38,320.97,480.93,168.84,1265.36,337.05,1295.28,1233.51,940.44,842.77,1557.77,1557.1,754.6,806.94,,,,,,,,
F.129084.jpg,lepidoptera,train,2009.66,354.39,200.77,220.57,1236.28,1031.18,736.97,673.09,417.63,1135.79,748.34,1489.8,1520.83,989.49,1007.05,2102.85,2042.49,844.41,847.33,,,,,,,207.29,374.45
F.129174.jpg,lepidoptera,train,2670.63,318.41,114.96,,1501.55,1133.16,643.39,813.39,433.61,1742.28,701.25,1744.02,1697.48,1287.65,1329.82,2474.32,2504.04,855.41,849.47,1141.6,304.61,396.39,440.6,,,,
F.129344.jpg,lepidoptera,train,1679.26,360.59,129.77,,948.5,764.51,530.92,555.63,372.24,993.86,541.0,1247.37,1277.2,921.38,940.31,1610.31,1636.82,811.71,824.03,,,,,,,,
F.129415.jpg,lepidoptera,train,1586.13,291.57,112.38,174.3,1029.9,956.79,503.21,570.36,211.29,903.39,525.37,1184.96,1140.7,770.52,828.99,1621.91,1514.68,777.6,733.81,729.45,216.39,185.07,328.0,1009.1,255.15,248.33,505.62
F.129437.jpg,lepidoptera,train,1059.79,421.89,161.79,,254.48,796.12,475.41,541.31,340.64,356.69,545.53,1216.02,1324.02,966.38,960.89,1577.5,1743.41,800.99,768.54,,,,,,,,
F.129520.jpg,lepidoptera,train,2305.57,398.32,151.54,,1061.44,866.47,769.94,846.33,564.97,1307.69,764.88,1638.59,1617.38,1247.35,1059.32,2222.18,2122.8,1086.96,1033.27,,,270.26,361.94,,,,
F.129521.jpg,lepidoptera,train,2101.41,333.21,104.23,,660.37,864.49,684.09,821.32,399.51,1175.86,682.79,1592.77,1547.67,1429.62,1253.04,2117.72,2093.35,1132.55,1153.57,,,,,1149.04,364.32,390.67,394.04
F.129639.jpg,lepidoptera,train,2500.72,397.07,169.11,251.95,168.29,1077.56,468.86,741.56,399.48,1590.05,629.81,1713.16,1831.47,1287.21,1272.42,2224.98,2246.52,1046.18,1121.39,,,,,,,,
F.129798.jpg,lepidoptera,train,1836.19,368.52,250.86,,623.76,266.23,581.82,604.09,340.08,981.24,501.66,1516.13,1423.75,1026.77,588.45,2060.31,1858.29,879.99,886.0,,,,,,,,
F.129885.jpg,lepidoptera,train,2030.62,375.02,129.74,215.44,,606.44,691.71,778.02,188.69,1122.85,724.47,,,,,2129.26,2138.63,874.53,867.47,,,,,,,,
F.129906.jpg,lepidoptera,train,2220.1,220.17,78.52,,,1161.09,443.43,812.86,572.64,1328.72,656.85,1907.27,1799.24,948.97,1034.97,2334.98,2328.11,1090.09,1051.03,,,,,873.39,415.78,290.57,167.05
F.129969.jpg,lepidoptera,train,2823.93,415.68,183.1,,1480.92,1189.98,813.23,910.04,473.9,1730.8,743.88,1882.72,1841.68,1518.03,1544.04,2554.18,2516.44,1267.36,1169.87,,,,,,,,
F.13006.jpg,lepidoptera,train,1266.78,200.07,108.03,136.56,834.64,951.25,284.31,195.24,231.2,963.51,343.04,1363.27,1313.91,749.18,723.83,1588.3,1150.6,567.21,662.72,,,,,,,,
F.130235.jpg,lepidoptera,train,2095.57,364.62,196.04,228.63,914.05,774.65,720.42,665.23,520.31,1234.3,699.47,1484.58,1384.4,1057.52,1020.9,2195.1,2099.85,970.81,942.69,,,,,,,,
F.130249.jpg,lepidoptera,train,1577.8,290.24,135.44,,665.38,890.94,589.08,638.51,428.05,803.85,498.29,1275.42,1360.27,819.81,924.7,1709.02,1816.34,739.29,783.38,,,,,,,196.3,286.31
F.130387.jpg,lepidoptera,train,1781.62,265.71,94.49,,784.43,736.59,740.4,684.78,736.62,1002.35,716.86,1584.12,1712.5,1095.29,957.19,2191.37,2224.61,1205.5,1185.06,,,296.23,350.98,,,,463.67
F.130448.jpg,lepidoptera,train,1456.22,223.67,81.32,,825.37,773.47,558.87,496.7,281.43,878.2,455.69,1379.56,1371.53,785.06,742.29,1851.1,1879.56,902.56,904.63,,,,,,,,
F.130514.jpg,lepidoptera,train,1381.24,240.64,68.19,164.01,828.49,826.72,445.83,474.98,366.32,838.07,431.32,1291.3,1330.4,792.32,818.66,1694.58,1687.52,843.04,806.85,,,,,,,,
F.130554.jpg,lepidoptera,train,,304.05,100.25,,702.24,182.04,396.14,543.62,,,436.38,1321.53,1298.41,837.57,772.84,1765.68,1794.21,920.13,874.19,,,,,,,,
F.130623.jpg,lepidoptera,train,1566.22,163.79,52.21,,823.8,798.39,518.92,523.45,446.02,990.55,539.34,1436.22,1416.69,955.59,927.34,2008.58,1967.13,1039.01,957.88,,,,299.75,,,,
F.130728.jpg,lepidoptera,train,1435.26,264.35,87.29,161.16,852.26,881.45,573.15,504.45,369.99,843.51,536.64,1475.71,1497.81,846.82,963.35,2077.82,2040.0,1022.48,994.5,820.42,233.67,278.99,307.75,,,,
F.130936.jpg,lepidoptera,train,1333.3,291.89,105.49,177.84,804.66,802.05,499.82,517.32,449.26,710.5,485.46,1256.32,1217.3,737.92,771.48,1710.77,1705.6,917.81,828.91,,,,,,,,
F.130944.jpg,lepidoptera,train,1409.16,271.65,84.86,173.66,,865.78,517.83,417.5,293.77,906.79,367.14,1325.54,1286.08,879.37,782.0,1828.84,1829.43,873.94,835.55,,,,,,,,
F.131108.jpg,lepidoptera,train,1719.78,196.29,57.21,,794.36,841.39,662.61,521.46,526.13,1141.12,624.15,1318.49,1291.96,796.49,722.78,1901.11,1917.74,750.7,765.85,,,,,,,212.25,268.05
F.131153.jpg,lepidoptera,train,1364.69,246.3,55.92,,791.07,781.42,621.68,515.92,323.16,792.85,622.25,1055.72,1046.19,660.05,610.77,1456.35,1504.66,637.94,635.07,,,,,720.39,315.58,224.35,180.46
F.131294.jpg,lepidoptera,train,1518.36,187.47,55.52,,366.96,,612.51,646.65,380.54,816.19,613.63,1232.68,1211.39,825.76,724.09,1622.76,1626.74,736.91,769.27,,,,,,,,
F.131512.jpg,lepidoptera,train,2026.8,258.42,97.64,196.9,657.88,890.62,703.39,715.17,539.2,1213.99,665.73,1398.86,1402.55,887.29,861.29,2120.93,2084.68,957.91,889.29,,,,,644.4,252.57,202.19,189.64
F.131528.jpg,lepidoptera,train,2212.22,263.65,133.7,,925.04,892.78,564.31,746.83,454.25,1331.69,518.7,1473.49,1401.54,856.66,934.9,2090.52,1942.68,958.17,995.4,,,,,,,,
F.131538.jpg,lepidoptera,train,2087.83,231.24,47.15,,475.78,699.0,715.79,755.11,604.42,1285.57,671.43,1496.64,1483.46,978.74,1029.97,2114.26,2306.86,1119.37,1172.84,,,381.34,288.6,,,279.11,288.15
F.131686.jpg,lepidoptera,train,,312.79,,,774.78,662.76,353.85,,232.24,933.71,462.11,,,,,2295.7,2169.23,1023.64,979.03,,,,,,,,
F.131814.jpg,lepidoptera,train,2190.66,338.07,124.08,,1088.34,1052.86,636.14,797.37,469.0,1269.21,685.49,1613.87,1549.68,1007.99,897.39,2131.86,2172.99,971.15,951.26,969.82,364.08,242.53,363.22,,,305.03,
F.131899.jpg,lepidoptera,train,1934.28,201.58,87.9,,955.09,942.48,692.91,688.45,380.65,1157.94,685.43,1591.7,1447.23,1200.71,975.49,2301.6,2075.94,1162.47,1105.46,,,245.35,538.29,,,329.52,487.75
F.131962.jpg,lepidoptera,train,1903.24,133.84,47.62,,1016.78,1022.25,697.25,662.03,418.12,1193.6,660.84,1594.92,1479.62,854.66,773.81,2090.17,2143.32,1026.37,1061.36,,,,,,,,
F.132129.jpg,lepidoptera,train,1792.21,299.49,136.09,193.49,937.3,902.02,627.74,644.47,524.25,1011.65,621.36,1589.84,1569.94,1037.01,851.72,2129.06,2094.46,1033.19,1030.84,,,,,,,,
F.132332.jpg,lepidoptera,train,1800.22,288.81,136.94,,959.7,960.19,632.54,605.67,426.81,1057.62,679.9,1332.22,1364.85,794.2,922.49,1909.04,1900.67,922.77,926.53,,,,,,,,
F.132483.jpg,lepidoptera,train,2217.61,127.45,199.36,,687.71,884.31,629.43,853.63,546.03,1164.62,634.3,1427.93,1450.56,1042.71,986.51,2104.77,2036.72,1089.91,1029.17,,,,,,,,
F.132571.jpg,lepidoptera,train,1984.72,281.91,136.18,,767.1,837.51,656.25,591.86,589.52,1256.67,606.3,1496.04,1495.54,946.46,961.92,2050.82,2101.51,1000.38,1013.7,,,,,,,,
F.132575.jpg,lepidoptera,train,1883.48,277.93,89.75,,870.89,952.71,597.9,655.28,512.64,1138.45,622.7,1481.93,1396.7,864.11,827.87,2054.75,2047.54,1033.05,994.21,,,,,,,,
F.132718.jpg,lepidoptera,train,2199.13,146.11,51.7,,953.29,764.9,292.21,803.31,304.33,1344.12,500.64,,,,,2250.84,2158.85,769.28,738.65,,,297.63,457.17,,,,
F.132728.jpg,lepidoptera,train,1947.96,188.8,92.62,,827.01,906.91,524.59,655.42,550.63,1199.92,528.95,1567.71,1551.18,1034.63,1014.36,2080.84,2132.62,1111.54,1099.28,,,,,,,,
F.132772.jpg,lepidoptera,train,2204.75,402.89,168.32,254.52,871.18,824.94,707.29,700.77,702.46,1335.66,667.78,1699.77,1631.46,1224.44,1027.94,2196.41,1985.98,1015.12,1067.28,,,,,,,,655.79
F.132821.jpg,lepidoptera,train,2211.72,369.97,139.82,199.88,1251.74,1148.22,695.5,727.85,659.82,1344.04,781.53,1536.28,1465.16,992.37,904.81,1919.16,1783.54,992.48,892.54,,,,,,,327.88,364.99
F.132909.jpg,lepidoptera,train,1806.14,288.72,169.41,183.75,879.73,917.2,585.94,564.79,475.18,1071.94,563.28,1421.32,1394.69,1000.63,918.85,1784.87,1806.78,903.65,881.22,,,,,,,,
F.133056.jpg,lepidoptera,train,,292.16,,170.97,876.93,1056.16,578.55,,413.47,910.98,600.74,1522.24,1516.19,884.32,966.96,2136.77,2161.95,1035.55,1040.24,,,,,,,,
F.133233.jpg,lepidoptera,train,1433.49,217.92,121.66,127.8,737.7,677.85,324.26,423.54,211.78,888.29,322.13,1208.14,1226.47,728.27,645.59,1585.81,1605.89,766.6,740.63,632.64,207.07,209.27,216.3,,,,
F.133297.jpg,lepidoptera,train,,318.32,146.77,187.71,874.56,621.58,664.98,759.34,,,624.38,1676.01,1621.82,996.84,906.07,2100.38,2019.7,1013.92,1004.79,1204.54,310.38,487.7,406.46,1342.22,337.42,510.48,494.32
F.133381.jpg,lepidoptera,train,2253.91,317.51,163.99,197.61,795.31,816.17,669.95,648.19,536.54,1441.73,605.93,1620.79,1660.59,1025.67,1156.59,2272.21,2238.7,1090.28,1034.68,,,,,,,,
F.133417.jpg,lepidoptera,train,1827.04,309.07,152.6,197.06,650.79,900.13,584.92,619.85,414.31,1054.59,618.45,1448.81,1455.49,911.45,907.6,1964.51,1950.16,958.81,894.52,,,,,,,237.31,241.34
F.133826.jpg,lepidoptera,train,1743.86,318.38,201.52,169.95,730.65,994.67,592.1,674.29,580.25,868.04,617.17,1527.46,1512.97,992.67,957.75,1911.89,1886.45,961.92,957.27,,,,,,,221.66,212.11
F.13389.jpg,lepidoptera,train,1017.5,,79.07,,614.7,631.13,215.41,187.71,177.36,750.72,224.23,1000.99,1009.74,550.91,521.13,1161.12,1181.26,412.42,391.45,,,,,,,,
F.133914.jpg,lepidoptera,train,2091.32,316.27,138.59,189.58,656.78,894.15,662.28,659.44,612.76,1293.29,607.33,1442.73,1284.88,981.3,992.8,2019.52,1798.99,973.14,909.4,,,,,,,,
F.133986.jpg,lepidoptera,train,1723.16,304.04,182.66,200.22,616.04,878.9,618.13,671.72,512.17,868.78,554.37,1512.47,1455.91,1062.01,1045.56,2004.06,2078.69,1037.55,1022.57,,,,,,,,
F.134060.jpg,lepidoptera,train,1809.57,264.84,102.45,,902.06,636.84,617.48,662.86,384.53,1044.26,616.39,1454.35,1446.75,970.85,988.82,1939.06,2006.07,952.0,957.3,,,228.46,330.23,,,586.56,409.02
F.134068.jpg,lepidoptera,train,2028.69,317.78,104.44,210.84,636.26,787.48,633.08,639.89,377.95,1284.36,640.43,,1160.04,,403.9,2058.5,1929.62,777.3,,,,,,,,,
F.13417.jpg,lepidoptera,train,1465.97,216.53,91.68,134.23,1102.98,749.92,345.27,283.84,291.51,1090.45,352.58,1492.79,1530.11,630.81,903.62,1628.07,1714.96,554.63,571.96,,,,,,,,
F.134323.jpg,lepidoptera,train,1396.05,159.93,84.5,,,550.96,325.09,449.43,250.25,862.12,371.28,,,,,1418.28,1462.32,616.3,831.29,,,,,587.8,133.87,143.95,309.98
F.134469.jpg,lepidoptera,train,1308.1,364.91,137.34,,,,527.88,556.22,295.96,614.54,617.12,1176.47,1255.39,760.65,717.07,1429.98,1416.13,642.73,645.9,,,,,,,,
F.134495.jpg,lepidoptera,train,1966.66,185.41,75.68,,842.28,843.33,500.41,707.96,417.34,1183.02,518.28,,,,,2207.94,2102.31,743.96,645.11,,,,,,,,
F.134514.jpg,lepidoptera,train,2608.96,419.87,180.11,270.7,1382.53,1341.78,725.24,945.67,461.24,1483.19,841.97,1788.01,1622.83,1047.12,996.34,2429.09,2545.73,900.08,914.0,,,319.32,447.55,,,349.86,532.31
F.135344.jpg,lepidoptera,train,1033.54,182.26,87.01,114.8,497.87,476.75,319.63,340.82,265.28,605.71,311.15,836.33,854.94,647.37,617.16,1046.49,1138.54,502.26,497.12,,,,,,,,
F.135420.jpg,lepidoptera,train,2143.09,374.71,187.02,200.21,1069.93,1097.41,777.48,899.83,488.8,1056.23,748.42,1524.64,1500.26,1111.77,915.95,2014.73,1816.85,931.65,902.17,,,,,,,,
F.135467.jpg,lepidoptera,train,,333.51,146.13,241.15,618.57,743.9,805.83,1120.58,,,747.12,,,,,1753.42,1860.11,976.91,1043.67,,,,,,,,
F.135479.jpg,lepidoptera,train,,279.89,71.07,198.26,743.24,,674.83,823.78,,,607.18,,,,,1197.81,1283.21,733.13,667.49,,,,,,,,
F.135547.jpg,lepidoptera,train,1489.0,285.58,120.32,182.13,702.47,367.84,603.92,556.01,396.97,812.67,564.5,1164.87,1176.95,870.81,747.63,1514.61,1472.9,732.47,704.83,,,,,,,258.06,244.83
F.135713.jpg,lepidoptera,train,2031.05,333.61,130.57,219.86,1072.37,1071.08,672.94,734.33,498.88,1166.15,712.32,1725.82,1709.02,1061.81,1034.18,2358.06,2301.34,1159.76,1115.19,,,,,,,302.94,293.81
F.135718.jpg,lepidoptera,train,1849.81,298.06,159.99,190.98,941.04,941.92,595.19,620.6,377.05,1069.22,530.72,1409.39,1386.14,913.33,852.56,1930.6,1917.61,893.71,867.8,,,516.08,325.85,,,,
F.135971.jpg,lepidoptera,train,1945.66,314.19,151.55,220.61,1015.89,958.53,713.63,713.1,704.38,1081.01,701.63,1357.51,1350.4,937.73,1009.26,1868.97,1818.3,871.48,845.52,,,,,,,,
F.136110.jpg,lepidoptera,train,1736.31,182.78,51.52,,839.46,,689.36,631.43,471.1,1053.37,699.92,1237.93,1222.79,896.37,856.78,1656.91,1601.47,820.28,778.19,,,,,,,,
F.136191.jpg,lepidoptera,train,1788.04,267.53,120.58,,924.71,960.18,621.09,636.06,444.93,1031.4,633.3,1452.89,1269.05,913.07,917.12,1845.33,1733.21,866.11,822.71,,,,,,,,
F.136300.jpg,lepidoptera,train,1494.16,248.12,81.73,,606.77,685.05,514.11,512.97,483.18,899.46,550.53,1016.65,1167.94,785.55,779.69,1417.87,1526.07,791.25,754.97,,,,,,,,
F.136301.jpg,lepidoptera,train,1323.76,253.65,97.64,,698.47,301.36,675.54,635.96,472.75,590.16,691.5,1375.9,1282.21,797.88,815.27,1672.76,1710.45,851.6,808.49,,,,,,,,
F.136420.jpg,lepidoptera,train,1708.84,272.31,109.15,,888.2,873.97,592.28,623.55,600.37,976.14,632.83,1298.18,1282.23,948.83,802.26,1601.53,1586.87,877.35,857.21,,,,,,,,
F.136480.jpg,lepidoptera,train,1662.07,198.2,52.39,,654.14,724.51,607.35,561.71,569.55,1047.98,628.98,1285.05,1362.07,900.61,819.29,1701.92,1662.65,882.57,866.0,,,,,,,,
F.136578.jpg,lepidoptera,train,1663.12,284.48,98.45,173.37,,,507.69,590.16,489.71,974.52,473.26,1453.55,1442.53,987.51,1014.03,1744.92,1700.53,871.18,876.9,,,,238.51,,,,
F.136601.jpg,lepidoptera,train,,270.92,,,,805.81,566.13,,472.11,914.32,525.21,1363.39,1330.34,858.2,806.43,1739.7,1804.67,760.06,791.27,,,,,,,,
F.136709.jpg,lepidoptera,train,1840.56,246.27,92.31,,,705.67,619.68,565.21,445.68,1183.03,565.67,1375.53,1341.02,792.14,747.34,1733.26,1827.08,819.96,816.59,,,,,,,268.72,372.3
F.136779.jpg,lepidoptera,train,1532.43,215.36,80.75,,402.89,442.06,489.95,472.15,500.35,979.53,555.95,1400.74,1235.87,747.8,824.01,1694.08,1613.78,761.91,785.03,,,,,762.65,292.23,203.3,267.11
F.136814.jpg,lepidoptera,train,1753.82,196.86,74.22,,708.0,817.38,540.83,587.09,506.01,1092.5,579.15,1331.14,1310.73,884.7,1047.03,1725.87,1690.63,830.47,834.69,,,,,,,,
F.136831.jpg,lepidoptera,train,1536.96,268.73,98.49,180.11,844.81,786.96,303.83,556.52,454.82,881.96,407.05,1499.54,1536.26,955.41,841.08,1821.54,1785.97,867.73,837.81,,,,,,,,
F.136895.jpg,lepidoptera,train,1560.17,260.84,104.75,,,424.88,321.38,588.47,413.87,866.95,522.99,1400.0,1454.23,951.5,978.75,1733.2,1754.35,851.19,846.35,878.32,229.73,298.53,350.06,,,,
F.137017.jpg,lepidoptera,train,1680.3,268.25,101.95,,508.12,632.49,613.1,538.04,344.11,1040.3,564.43,1508.18,1642.05,1016.23,1104.14,1939.61,1907.03,852.36,881.69,,,,,,,,
F.137018.jpg,lepidoptera,train,1537.75,165.27,99.4,,463.32,564.26,499.25,511.69,446.71,926.66,517.65,1372.38,1315.04,971.83,871.81,1847.86,1780.2,875.87,882.34,,,,264.9,,,,314.3
F.137053.jpg,lepidoptera,train,1627.64,272.93,136.37,,851.3,741.0,601.24,618.94,484.7,872.33,603.85,1366.96,1286.37,998.6,999.83,1691.75,1685.15,811.91,835.69,,,,265.77,,,,270.8
F.137231.jpg,lepidoptera,train,1902.87,304.9,124.8,,984.42,953.25,516.59,602.99,470.5,1175.08,577.67,1608.52,1597.07,1045.38,913.9,2031.59,2037.64,1039.58,959.92,,,,,,,,
F.14178.jpg,lepidoptera,train,1180.45,195.23,73.31,112.44,1048.89,914.36,338.61,317.79,250.46,789.34,313.44,1368.86,1456.98,682.68,708.43,1750.04,1722.63,512.05,498.55,,,,,,,,
F.14454.jpg,lepidoptera,train,1202.34,202.2,112.24,,752.17,,329.1,297.39,223.44,792.71,342.59,1246.18,1278.63,,487.82,1417.53,1410.79,467.38,476.63,,,,,,,,
F.14612.jpg,lepidoptera,train,745.9,126.22,80.63,,676.78,686.53,,260.34,116.58,404.93,210.81,815.42,856.46,340.08,403.44,1115.46,1101.82,320.01,331.66,,,,,,,,
F.14625.jpg,lepidoptera,train,692.25,124.61,85.34,,,,,217.37,117.75,389.54,225.0,786.25,792.94,199.21,230.6,977.28,1016.72,318.16,291.92,,,,,,,,
F.15134.jpg,lepidoptera,train,672.73,119.04,69.89,81.99,,,157.69,215.33,138.53,387.51,216.29,,783.72,257.87,308.1,884.33,948.45,251.31,247.29,,,,,,,,
F.15419.jpg,lepidoptera,train,623.6,111.94,75.18,,267.7,,149.66,215.84,103.45,332.58,196.98,710.23,713.16,250.82,218.28,898.13,904.74,290.83,244.91,,,,,,,,
F.15638.jpg,lepidoptera,train,605.07,111.1,79.4,,,,136.43,180.03,103.2,345.64,167.9,650.05,654.31,177.14,185.09,792.4,772.15,228.79,230.9,,,,,,,,
F.15683.jpg,lepidoptera,train,,122.93,,83.4,428.36,220.54,155.03,,86.91,421.31,186.04,728.24,629.57,352.6,283.5,860.4,865.01,247.94,232.9,,,,,,,,
F.15686.jpg,lepidoptera,train,626.48,110.49,75.09,75.17,570.64,552.29,174.18,134.82,94.89,416.58,169.47,605.34,647.7,231.37,190.27,739.92,778.11,226.34,218.57,,,,,,,,
F.15688.jpg,lepidoptera,train,662.91,108.42,70.84,80.3,523.96,542.42,155.63,201.36,86.45,390.7,193.88,688.89,678.53,236.44,303.41,809.4,830.22,250.9,259.37,,,,,,,,
F.16234.jpg,lepidoptera,train,652.93,112.93,69.84,86.5,479.55,511.23,191.94,151.22,163.03,431.87,207.9,680.93,685.14,184.45,172.27,855.76,828.48,229.59,231.38,,,,,,,,
F.16667.jpg,lepidoptera,train,,,,,496.56,,164.33,,99.22,331.15,168.21,520.51,550.3,145.4,116.8,683.95,667.33,196.5,167.38,,,,,,,,
F.17668.jpg,lepidoptera,train,843.04,,58.18,,,579.43,219.24,233.18,174.5,551.68,224.69,725.03,735.08,293.99,287.37,970.75,974.93,312.73,312.28,,,,,,,,
F.17711.jpg,lepidoptera,train,774.22,127.99,64.71,,636.33,631.27,158.03,200.48,91.62,509.03,157.94,753.58,739.01,284.09,293.75,952.3,968.1,278.92,268.0,,,,,,,,
F.17806.jpg,lepidoptera,train,695.15,130.0,66.17,99.95,285.52,587.31,209.87,142.8,158.63,486.19,223.33,795.4,791.39,253.99,257.6,1019.9,1086.55,262.86,268.36,,,,,,,,
F.17871.jpg,lepidoptera,train,509.13,98.32,74.36,,529.01,514.31,138.14,141.83,119.41,292.94,183.0,572.43,526.34,179.64,178.37,719.82,723.66,192.51,211.52,,,,,,,,
F.17877.jpg,lepidoptera,train,529.68,114.46,79.13,,515.17,533.51,175.97,188.02,97.73,262.52,186.11,598.85,613.92,199.18,193.61,751.57,742.95,206.99,215.85,,,,,,,,
F.17878.jpg,lepidoptera,train,495.29,94.73,52.75,,276.22,415.36,112.06,106.61,85.3,335.92,148.27,470.56,492.86,115.81,112.25,619.79,564.55,152.86,165.33,,,,,,,,
F.18098.jpg,lepidoptera,train,1156.93,201.48,115.31,144.68,1043.58,1065.24,264.39,290.32,193.14,751.3,324.44,1242.25,1249.52,485.52,577.09,1555.92,1507.26,503.73,505.15,,,,,,,,
F.18598.jpg,lepidoptera,train,733.0,109.09,81.62,,413.64,,180.81,185.62,112.67,465.75,187.84,754.91,,186.88,181.74,853.66,923.27,211.6,213.93,,,,,,,,
F.18702.jpg,lepidoptera,train,776.46,161.58,75.22,,816.89,842.92,208.02,281.61,182.9,419.63,267.19,1080.55,1083.03,363.96,285.15,1332.38,1347.55,340.41,293.43,,,,,,,,
F.19286.jpg,lepidoptera,train,1159.84,184.72,148.47,145.13,,875.26,202.03,324.15,234.83,687.23,283.55,1308.27,1341.54,,592.78,1586.63,1644.93,498.49,504.2,,,,,,,,
F.19297.jpg,lepidoptera,train,1136.87,160.32,108.21,,967.66,993.28,,246.62,189.62,782.03,304.98,1388.82,1407.22,535.87,557.46,1660.85,1649.17,495.94,486.54,,,,,,,,
F.19335.jpg,lepidoptera,train,983.13,176.12,105.36,124.59,,838.26,241.65,323.18,182.59,554.59,327.39,1294.26,1286.45,,532.06,1507.34,1523.36,489.78,486.83,,,,,,,,
F.31343.jpg,lepidoptera,train,1402.84,234.58,99.54,165.23,809.04,905.79,435.75,405.65,264.11,897.65,504.84,1020.82,1015.71,820.09,859.54,1348.88,1326.18,580.46,585.84,,,,,,,,
F.31454.jpg,lepidoptera,train,1201.4,240.29,83.22,140.4,279.03,778.69,445.86,389.36,265.83,728.82,430.45,1100.74,1096.36,773.6,817.63,1527.85,1488.74,655.83,682.68,,,,,,,,
F.31656.jpg,lepidoptera,train,1654.89,210.64,109.65,,762.68,730.67,683.37,484.91,511.65,1060.33,444.88,1404.83,1460.32,1123.34,1127.98,1946.99,1966.35,807.32,809.16,,,,,,,,
F.31741.jpg,lepidoptera,train,1476.96,234.04,129.34,148.19,842.64,813.72,495.33,476.38,134.9,871.23,419.29,1114.78,1039.62,875.8,933.88,1508.49,1540.1,761.38,761.94,,,,,,,,
F.31777.jpg,lepidoptera,train,1317.51,249.6,124.77,152.85,801.58,791.15,475.15,481.81,368.73,710.93,384.68,1017.44,1049.39,868.3,849.5,1396.78,1402.28,742.17,736.38,,,,,,,,
F.31800.jpg,lepidoptera,train,1343.04,122.36,92.55,,,828.62,442.64,495.7,316.84,754.79,471.52,1225.46,1256.67,956.26,984.35,1551.44,1598.03,790.37,789.76,,,,,,,,
F.31824.jpg,lepidoptera,train,1630.06,267.0,132.45,,1000.99,956.29,523.46,597.91,355.09,899.7,512.01,1182.88,1254.32,955.31,995.82,1635.25,1716.7,753.98,754.23,,,,,,,,
F.31851.jpg,lepidoptera,train,1412.43,259.83,151.85,161.97,904.59,991.18,583.1,531.86,322.7,728.72,402.36,1080.26,1100.96,902.28,950.1,1568.41,1640.12,706.2,732.27,,,,,,,,
F.32073.jpg,lepidoptera,train,1538.54,297.6,146.26,184.87,1052.89,1045.6,563.51,594.76,350.08,797.52,591.32,1310.78,1305.83,1102.07,1078.84,1797.0,1824.33,788.95,777.54,,,,,,,,
F.32272.jpg,lepidoptera,train,1389.94,254.98,121.73,174.67,805.25,851.27,575.15,505.1,393.19,763.1,536.81,1175.36,1170.6,874.31,902.77,1531.05,1535.28,738.32,732.26,,,,,,,,
F.32341.jpg,lepidoptera,train,1416.5,261.15,151.66,168.47,966.05,854.67,491.51,502.64,380.3,762.2,516.57,1127.24,1105.11,891.72,865.57,1490.51,1473.05,697.91,696.22,,,,,,,,
F.32385.jpg,lepidoptera,train,1372.92,199.32,93.26,,875.73,814.26,467.01,449.47,339.1,830.19,433.07,1285.1,1316.75,970.93,928.0,1733.8,1709.93,791.75,779.36,,,,,,,,
F.32653.jpg,lepidoptera,train,1520.43,285.16,176.62,158.17,1036.7,988.55,553.4,468.16,402.71,875.65,589.31,1114.29,1144.23,965.49,941.4,1569.13,1594.23,748.71,778.59,,,,,,,,
F.32848.jpg,lepidoptera,train,1776.32,267.08,172.24,,970.74,822.73,686.7,520.68,399.85,1083.4,703.86,1316.08,1405.32,1151.18,1146.09,1798.29,1796.81,762.54,790.44,,,,,,,,
F.32863.jpg,lepidoptera,train,1880.8,214.66,129.35,,824.33,461.91,650.07,659.64,443.05,1091.82,637.03,1333.06,1313.7,1197.55,,1886.46,1870.05,845.52,860.74,,,,,,,,
F.33093.jpg,lepidoptera,train,1623.04,272.59,110.33,171.65,,,492.68,514.12,369.24,998.6,539.98,1106.33,1143.64,810.68,821.52,1451.36,1522.41,670.58,659.52,,,,,,,,
F.33096.jpg,lepidoptera,train,1617.72,,139.7,,871.75,751.35,565.19,474.87,328.43,1003.15,488.84,1111.31,1120.41,762.09,812.87,1553.23,1577.17,673.23,661.11,,,,,,,,
F.33606.jpg,lepidoptera,train,1525.16,263.71,127.55,168.37,837.79,804.92,485.63,569.81,297.31,827.8,494.19,1170.08,1096.3,960.2,870.7,1452.07,850.7,679.67,771.58,,,,,,,,
F.33770.jpg,lepidoptera,train,1266.41,243.53,87.1,192.56,686.74,704.66,498.68,517.15,464.75,662.16,516.44,1073.44,1062.84,,780.1,1385.75,1381.82,621.93,625.55,,,,,,,,
F.33798.jpg,lepidoptera,train,,,,,917.75,861.01,560.18,474.31,484.73,914.96,602.63,1095.6,1032.47,815.4,864.06,1506.03,1482.06,696.94,689.48,,,,,,,,
F.34284.jpg,lepidoptera,train,1458.52,217.49,75.92,,796.7,955.13,533.04,559.4,426.11,823.2,506.01,1162.5,1108.47,966.84,903.69,1615.7,1598.52,738.86,742.34,,,,,,,,
F.34287.jpg,lepidoptera,train,1505.98,284.55,155.69,176.25,767.27,,561.66,625.0,429.25,725.29,559.82,1172.88,1222.73,906.99,906.11,1618.24,1640.01,764.35,788.79,,,,,,,,
F.34350.jpg,lepidoptera,train,1344.85,277.42,126.44,169.75,1040.09,760.34,511.47,516.46,469.5,701.95,585.2,1193.37,1181.33,857.76,896.9,1545.04,1534.34,728.05,714.99,,,,,,,,
F.34458.jpg,lepidoptera,train,1584.09,275.27,145.49,191.32,860.55,849.59,603.95,546.9,305.01,891.7,513.13,1175.74,1203.18,1123.11,1099.37,1716.23,1731.22,797.91,826.46,,,,,,,,
F.34587.jpg,lepidoptera,train,1530.21,270.95,158.05,169.7,,,577.04,563.49,453.79,808.67,628.92,1076.96,1150.29,877.8,893.5,1361.24,1415.05,727.22,709.87,,,,,,,,
F.34828.jpg,lepidoptera,train,1446.45,254.8,104.76,160.41,824.75,601.56,507.09,581.07,405.69,760.62,461.14,1085.61,1094.1,,,1482.87,1486.64,811.1,782.22,,,,,,,,
F.34863.jpg,lepidoptera,train,1479.64,250.58,94.4,155.41,806.51,836.34,434.84,487.25,295.8,898.0,472.38,1144.24,1061.59,929.39,930.11,1475.3,1440.86,757.71,775.6,,,,,,,,
F.34877.jpg,lepidoptera,train,,247.56,,151.3,724.32,727.44,430.23,,282.26,733.91,454.09,1050.26,1082.72,953.98,963.07,1389.47,1418.9,737.48,736.42,,,,,,,,
F.34938.jpg,lepidoptera,train,1364.76,246.01,132.09,134.24,776.47,655.02,454.21,455.56,195.16,777.11,414.98,1092.6,1007.38,633.37,884.48,1277.19,1436.65,623.93,696.57,,,,,,,,
F.35024.jpg,lepidoptera,train,1473.8,251.23,119.04,136.17,,721.91,508.16,440.9,292.66,913.86,415.27,1044.66,1068.77,927.47,918.98,1436.96,1425.49,723.92,720.93,,,,,,,,
F.35092.jpg,lepidoptera,train,1240.54,227.34,88.66,,887.9,919.22,522.9,406.76,348.49,745.12,517.12,1183.6,1170.98,921.0,859.64,1582.98,1600.38,693.8,703.69,,,,,,,,
F.35298.jpg,lepidoptera,train,1568.01,250.82,141.2,173.83,949.81,714.56,629.51,496.39,401.25,930.42,635.05,1032.92,1074.32,895.13,899.76,1345.6,1390.58,692.95,714.52,,,,,,,,
F.35461.jpg,lepidoptera,train,1463.58,247.56,106.57,177.75,821.71,929.89,503.57,489.62,361.0,867.39,538.3,1169.83,1196.49,936.09,893.43,1508.47,1538.21,717.51,744.8,,,,,,,,
F.35467.jpg,lepidoptera,train,1385.54,223.82,133.75,142.37,823.16,759.46,471.57,414.49,302.46,837.3,469.7,1065.39,1102.29,946.19,920.58,1428.48,1385.41,707.89,699.91,,,,,,,,
F.35591.jpg,lepidoptera,train,1272.26,210.99,139.46,133.8,,677.97,392.64,453.21,370.13,679.59,436.82,1047.28,1098.51,895.34,920.64,1224.77,1339.78,657.11,629.3,,,,,,,,
F.35693.jpg,lepidoptera,train,1305.41,269.46,88.94,,713.48,984.51,546.21,576.41,387.48,640.06,527.72,1181.66,1207.12,994.15,966.27,1666.71,1663.73,766.33,762.18,,,,,,,,
F.35858.jpg,lepidoptera,train,1481.72,296.06,124.51,169.99,1005.89,1011.08,580.64,606.17,366.94,751.04,533.3,1129.18,1117.93,906.68,1011.98,1564.36,1528.91,745.75,740.1,,,,,,,,
F.35890.jpg,lepidoptera,train,1663.51,267.32,149.49,153.05,1028.76,1035.73,483.32,459.55,383.73,1054.47,434.09,1128.72,1161.08,926.44,929.39,1632.89,1689.57,838.61,799.65,,,,,,,,
F.35891.jpg,lepidoptera,train,1457.02,240.72,123.53,,902.8,913.1,454.08,456.35,279.8,877.13,455.6,1137.88,1120.95,871.62,840.37,1545.85,1532.31,756.7,745.22,,,,,,,,
F.35996.jpg,lepidoptera,train,1593.72,255.66,151.3,153.3,893.15,964.46,451.36,466.17,346.77,976.26,422.99,1107.25,1132.2,911.52,922.27,1518.59,1551.79,792.57,797.98,,,,,,,,
F.36017.jpg,lepidoptera,train,1641.05,272.16,157.14,162.75,734.42,868.5,556.36,482.77,272.16,1001.14,488.21,1059.12,1054.22,807.37,895.46,1500.82,1455.97,740.23,737.11,,,,,,,,
F.36019.jpg,lepidoptera,train,1671.44,252.07,132.07,,872.75,651.19,511.77,505.39,382.43,1033.98,436.81,1078.3,1096.3,839.88,828.89,1488.65,1493.58,772.99,739.79,,,,,,,,
F.36329.jpg,lepidoptera,train,1643.27,248.57,127.73,155.82,616.46,684.75,573.47,541.35,494.93,974.2,543.69,1047.41,1047.34,828.27,839.2,1375.01,1379.18,709.0,711.89,,,,,,,,
F.36516.jpg,lepidoptera,train,,175.98,62.52,,534.43,689.6,415.04,385.53,,,353.98,957.85,918.42,669.27,735.13,1186.07,1180.32,563.98,560.41,,,,,,,,
F.36540.jpg,lepidoptera,train,1038.47,201.44,97.33,132.09,657.26,701.18,362.27,431.04,244.22,510.11,423.5,937.22,952.41,844.06,849.69,1201.77,1214.51,582.54,577.36,,,,,,,,
F.36895.jpg,lepidoptera,train,,,,,1132.84,964.15,524.64,627.79,291.73,1230.99,583.95,1327.61,1356.98,1042.68,1044.8,1700.72,1706.9,783.5,794.88,,,,,,,,
F.37096.jpg,lepidoptera,train,,,,,,987.03,583.04,542.74,292.3,1056.26,523.73,1270.34,1292.56,1098.53,1093.4,1714.65,1653.68,734.91,712.09,,,,,,,,
F.37320.jpg,lepidoptera,train,2359.61,363.33,180.77,207.07,1209.2,1074.46,617.52,760.19,727.51,1418.65,651.24,1788.42,1741.77,1290.7,1495.01,2280.32,2302.72,1128.26,1170.41,,,,,,,,
F.3740.jpg,lepidoptera,train,1198.67,200.54,125.14,131.84,843.0,834.03,253.32,259.16,230.91,814.37,320.62,1301.58,1301.38,817.48,851.47,1497.64,1493.59,451.99,446.29,,,,,,,,
F.37580.jpg,lepidoptera,train,,347.91,,209.94,1123.46,1169.96,631.55,,356.97,1134.41,518.03,1662.17,1633.2,1339.65,1277.61,2255.16,2254.46,1068.0,1060.75,,,,,,,,
F.37860.jpg,lepidoptera,train,1608.63,303.12,113.12,175.98,,1032.99,632.15,618.89,514.03,876.63,565.33,1253.93,1284.22,1025.11,990.04,1742.67,1736.09,827.14,817.16,,,,,,,,
F.38086.jpg,lepidoptera,train,947.16,,122.48,,685.58,,386.26,329.96,283.91,494.73,312.73,862.19,863.11,620.35,635.64,1146.9,1134.26,536.28,534.3,,,,,,,,
F.38108.jpg,lepidoptera,train,957.97,173.43,117.46,113.94,687.9,663.29,368.58,272.53,272.72,567.98,325.21,813.46,848.06,624.94,641.88,1091.99,1091.4,508.07,530.87,,,,,,,,
F.38114.jpg,lepidoptera,train,1106.59,177.95,95.36,115.99,702.76,721.74,336.45,301.05,220.82,710.18,343.85,857.28,838.38,613.62,599.53,1109.15,1118.81,539.36,529.37,,,,,,,,
F.38138.jpg,lepidoptera,train,988.93,176.57,87.03,,636.68,465.93,399.31,376.55,274.47,525.35,348.9,933.87,883.02,614.34,595.93,1183.07,1135.94,491.29,518.82,,,,,,,,
F.38140.jpg,lepidoptera,train,964.1,166.02,107.7,,641.75,652.6,279.23,230.97,208.32,625.42,284.46,840.55,805.97,551.39,557.98,995.9,1041.16,484.24,471.3,,,,,,,,
F.38182.jpg,lepidoptera,train,1160.94,158.78,102.48,,356.55,677.8,379.04,318.37,238.25,740.08,325.76,788.7,789.71,601.4,605.74,1044.61,1078.81,508.3,521.0,,,,,,,,
F.38232.jpg,lepidoptera,train,1001.07,160.42,82.99,113.46,688.13,690.87,321.23,304.0,174.73,614.09,299.22,806.26,824.57,570.89,570.61,1070.57,1095.87,453.79,477.67,,,,,,,,
F.38299.jpg,lepidoptera,train,1093.43,,123.44,,,669.42,291.4,279.07,225.5,690.92,313.96,835.22,833.34,685.19,637.37,1083.0,1209.79,553.44,563.61,,,,,,,,
F.38310.jpg,lepidoptera,train,1082.04,176.55,72.35,123.21,585.46,666.62,333.1,373.11,243.77,636.58,361.21,834.11,870.84,690.69,701.56,1082.16,1110.79,571.31,581.93,,,,,,,,
F.38470.jpg,lepidoptera,train,1124.28,174.93,81.96,118.79,748.52,733.86,320.19,321.48,276.39,720.84,369.65,864.07,872.97,749.74,764.37,1105.13,1101.52,616.27,620.45,,,,,,,,
F.38485.jpg,lepidoptera,train,1044.0,165.1,55.8,,733.31,759.44,342.25,394.17,214.04,594.03,374.97,863.45,885.32,655.05,694.01,1134.64,1106.74,548.44,564.34,,,,,,,,
F.38728.jpg,lepidoptera,train,1078.24,178.19,130.58,101.26,,,406.29,302.74,226.81,644.91,405.4,921.66,865.18,741.78,,1176.31,1142.78,614.25,628.26,,,,,,,,
F.38800.jpg,lepidoptera,train,1210.89,239.84,108.82,182.04,815.38,802.05,513.2,434.45,320.87,667.63,579.93,863.54,893.42,705.08,711.32,1112.14,1113.87,521.04,557.35,,,,,,,,
F.38848.jpg,lepidoptera,train,1328.45,243.77,95.47,,736.76,814.12,492.23,457.49,358.53,775.5,495.37,945.89,842.69,714.67,573.05,1243.93,829.6,556.93,575.03,,,,,,,,
F.39133.jpg,lepidoptera,train,2030.46,291.63,102.09,184.13,,1254.1,543.57,631.48,440.08,1296.89,589.55,1283.06,1302.18,1163.74,1182.93,1750.8,1730.91,878.7,905.42,,,,,,,,
F.39287.jpg,lepidoptera,train,1813.79,332.68,141.52,239.35,1229.22,1231.26,841.33,840.34,672.57,831.93,802.28,1450.68,1525.41,1118.76,1030.25,2402.53,2478.71,1038.62,1052.75,,,,,,,,
F.39332.jpg,lepidoptera,train,1814.21,301.1,296.45,196.69,332.92,739.56,665.31,643.02,396.5,874.74,830.52,1341.9,1497.29,1083.86,1022.3,2006.68,1864.56,955.45,998.17,,,,,,,,
F.39503.jpg,lepidoptera,train,1469.64,295.94,151.3,184.06,,810.94,651.66,666.5,505.23,651.83,628.99,1268.47,1252.72,1093.31,919.32,1669.57,1661.06,843.28,827.31,,,,,,,,
F.39601.jpg,lepidoptera,train,1634.2,296.58,125.22,179.39,480.56,618.17,472.01,597.38,369.65,911.6,574.79,1393.9,1217.77,1029.67,,1641.15,1626.45,870.63,888.52,,,,,,,,
F.39791.jpg,lepidoptera,train,1446.11,220.35,82.27,,805.7,889.65,622.62,601.73,416.99,762.11,584.5,1112.94,1096.78,1002.19,966.75,1625.88,1618.94,789.06,792.62,,,,,,,,
F.39800.jpg,lepidoptera,train,1596.34,165.66,54.48,,838.39,859.92,631.93,549.82,393.67,992.03,593.74,1159.97,1144.16,939.51,894.6,1621.4,1660.76,779.29,779.83,,,,,,,,
F.40649.jpg,lepidoptera,train,,223.89,,146.94,406.53,577.35,457.97,,220.77,659.05,447.33,1039.6,979.93,880.41,854.44,1279.41,1269.02,603.77,565.15,,,,,,,,
F.40693.jpg,lepidoptera,train,,,,,654.0,715.22,377.8,,160.84,663.24,365.71,874.66,884.15,693.15,681.91,1139.41,1165.75,537.06,514.34,,,,,,,,
F.40733.jpg,lepidoptera,train,1078.48,188.95,81.4,130.32,682.59,505.41,375.61,378.44,252.76,618.64,362.49,943.15,931.73,767.54,723.48,1222.29,1183.4,604.39,634.26,,,,,,,,
F.40754.jpg,lepidoptera,train,,,,,776.96,794.51,455.23,472.09,298.98,756.72,408.32,1150.03,1164.84,897.29,878.75,1357.47,1459.93,688.62,723.97,,,,,,,,
F.40956.jpg,lepidoptera,train,1637.23,299.18,142.41,178.97,749.09,1044.6,537.13,622.16,399.92,872.66,584.87,1494.02,1525.03,1238.0,1332.82,2042.56,2088.61,982.51,973.33,,,,,,,,
F.40994.jpg,lepidoptera,train,1400.36,280.13,146.5,171.63,674.49,585.14,534.19,456.96,362.09,796.9,478.61,1189.16,1180.87,946.84,909.69,1730.06,1753.72,769.21,750.48,,,,,,,,
F.41231.jpg,lepidoptera,train,,241.67,129.06,142.36,897.3,,547.14,495.73,,,402.39,,,,,1576.44,1594.76,746.66,718.19,,,,,,,,
F.41436.jpg,lepidoptera,train,1561.47,241.96,102.74,150.44,943.93,920.33,486.29,441.07,335.84,1017.66,513.9,1127.72,1101.11,880.65,824.91,1631.59,1627.45,734.89,723.09,,,,,,,,
F.41583.jpg,lepidoptera,train,717.61,140.7,56.01,97.94,499.25,485.23,151.82,220.27,93.37,441.33,,740.4,736.13,573.65,590.02,,942.8,457.72,456.65,,,,,,,,
F.41660.jpg,lepidoptera,train,1803.34,207.01,87.6,,953.81,821.57,621.51,434.21,376.87,1281.53,618.74,1239.84,1195.62,964.42,998.11,1626.78,1665.45,792.77,798.66,,,,,,,,
F.41946.jpg,lepidoptera,train,1556.19,295.64,129.08,180.28,918.54,800.97,606.42,595.47,358.66,831.63,568.78,1173.63,1189.32,964.63,980.8,1683.89,1666.09,781.63,772.23,,,,,,,,
F.41986.jpg,lepidoptera,train,1618.05,318.35,108.7,209.46,1000.44,1001.75,651.28,574.74,433.53,934.61,627.07,1254.4,1259.15,998.0,1035.23,1678.98,1632.53,828.22,838.72,,,,,,,,
F.42009.jpg,lepidoptera,train,1683.5,371.47,132.37,233.37,1029.81,984.09,678.43,569.37,454.2,981.75,674.01,1301.14,1311.43,1043.08,1046.82,1704.19,1685.38,834.37,833.81,,,,,,,,
F.42015.jpg,lepidoptera,train,1747.71,308.23,114.47,195.04,1077.86,1091.39,579.3,556.52,377.81,1076.72,518.9,1170.45,1339.46,1068.73,1028.79,1732.15,1745.92,844.94,825.94,,,,,,,,
F.42028.jpg,lepidoptera,train,1798.85,197.44,77.89,,1006.8,936.2,569.21,556.69,452.48,1164.27,613.16,1281.1,1334.95,1092.41,1057.3,1680.81,1667.64,797.05,804.34,,,,,,,,
F.42129.jpg,lepidoptera,train,1206.94,,95.66,,709.25,710.03,464.12,447.53,309.91,663.75,477.96,896.82,952.19,756.88,746.89,1225.72,1241.92,596.43,603.04,,,,,,,,
F.42194.jpg,lepidoptera,train,1456.24,245.53,116.72,152.17,,,445.98,461.37,294.76,878.15,499.11,1078.97,1057.71,819.9,840.45,1296.46,1307.27,653.96,652.74,,,,,,,,
EA1.0VD.jpg,lepidoptera,val,568.93,110.22,59.77,80.65,280.07,349.12,253.03,255.75,180.91,253.41,252.94,,,383.33,341.71,638.81,634.82,289.69,281.33,,,,,,,,
EA1.16W.jpg,lepidoptera,val,609.04,98.92,28.59,66.41,279.38,324.46,219.21,200.35,178.4,380.1,221.89,455.37,454.36,313.73,339.76,631.63,641.24,300.77,300.82,,,,,,,,
EA1.1HC.jpg,lepidoptera,val,,,,,231.24,165.02,162.61,250.51,110.26,289.75,178.05,389.94,361.15,247.38,240.55,464.63,457.23,232.82,235.63,,,,,,,,
EA1.20T.jpg,lepidoptera,val,609.92,106.32,65.02,,311.56,295.14,244.52,224.95,145.12,319.95,202.24,483.82,503.12,396.22,398.56,650.87,666.58,363.01,375.09,,,,,,,,
EA1.30P.jpg,lepidoptera,val,,,,,125.67,283.83,107.76,,92.55,,96.14,594.77,589.76,434.83,440.74,687.03,694.85,410.11,406.3,,,,,,,,
EA3.0JH.jpg,lepidoptera,val,431.3,69.98,24.51,29.86,235.14,202.72,111.29,124.91,108.78,281.88,117.63,524.12,520.41,367.5,368.57,668.66,662.72,374.19,379.99,,,,,,,,
EA3.10Q.jpg,lepidoptera,val,608.04,97.82,42.71,61.88,367.66,,194.0,219.11,149.69,346.22,192.79,512.22,501.39,437.79,462.66,656.39,659.99,281.34,278.24,,,,,,,,
EA4.0L7.jpg,lepidoptera,val,592.27,120.41,60.48,76.31,399.96,354.43,211.56,233.29,169.07,298.5,227.45,509.04,519.26,396.68,386.69,668.9,666.7,337.44,329.4,,,,,,,,
EA4.0OC.jpg,lepidoptera,val,689.84,,28.37,,353.6,239.57,197.52,254.41,127.35,407.06,221.26,460.69,446.41,341.1,346.78,600.49,595.15,304.98,297.78,,,,,,,,
EA5.0F6.jpg,lepidoptera,val,423.15,61.47,42.24,,243.23,220.14,82.68,67.41,51.05,313.5,75.77,440.91,465.51,332.86,334.84,594.53,354.92,279.74,337.92,,,,,,,,
EA5.0XF.jpg,lepidoptera,val,527.95,91.77,33.22,56.49,298.36,241.72,169.8,166.95,124.53,327.78,185.5,413.19,402.69,320.26,301.55,543.89,548.27,245.07,244.96,,,,,,,,
EA5.160.jpg,lepidoptera,val,431.93,89.68,42.63,51.21,317.62,318.2,95.85,168.16,68.41,221.14,82.39,483.7,493.05,451.84,482.82,690.54,676.58,408.58,401.63,,,,,,,,
EA6.135.jpg,lepidoptera,val,524.87,88.62,43.53,64.4,312.51,280.22,191.0,171.63,166.31,309.72,212.36,386.69,384.48,295.17,296.45,556.49,547.32,245.86,242.12,,,,,,,,
EA6.17V.jpg,lepidoptera,val,435.16,62.39,65.67,24.25,305.33,300.63,100.95,143.06,58.79,226.44,68.27,495.57,503.0,377.96,406.94,583.74,572.92,363.13,358.25,,,,,,,,
EA6.18M.jpg,lepidoptera,val,426.89,77.58,38.7,41.2,277.45,152.78,115.27,158.62,85.12,229.57,80.88,543.98,534.05,361.49,359.1,634.3,402.48,351.95,328.58,,,,,,,,
EA7.0VF.jpg,lepidoptera,val,636.35,104.89,33.42,72.44,303.12,320.08,192.23,285.2,148.58,317.72,202.43,473.45,488.57,378.47,380.11,603.62,647.52,273.37,285.74,,,,,,,,
EA7.16H.jpg,lepidoptera,val,611.05,103.19,45.57,65.06,315.18,313.38,204.93,220.47,172.39,345.0,192.17,536.68,519.23,412.86,399.57,695.32,684.59,329.85,322.01,,,,,,,,
EA8.0WW.jpg,lepidoptera,val,564.71,85.52,44.43,,322.84,324.52,218.03,236.54,167.3,283.74,200.46,436.09,425.36,377.5,365.53,610.78,633.12,284.37,275.96,,,,,,,,
EA8.123.jpg,lepidoptera,val,587.52,91.15,66.05,,343.94,347.28,199.1,200.32,144.65,321.16,212.9,463.01,471.87,417.14,413.91,575.14,580.94,301.8,300.65,,,,,,,,
EA8.1EY.jpg,lepidoptera,val,576.93,102.17,69.54,68.57,325.26,316.52,191.49,189.21,126.76,318.18,179.74,493.37,480.89,386.0,401.15,581.33,603.33,309.03,306.4,,,,,,,,
EB1.02V.jpg,lepidoptera,val,423.86,56.08,34.27,38.02,263.64,249.68,94.59,145.56,67.44,244.03,69.87,442.97,446.29,341.88,340.9,560.39,550.32,317.62,335.04,,,,,,,,
EB1.04F.jpg,lepidoptera,val,503.82,75.68,18.67,38.31,193.38,286.47,128.56,159.09,76.6,326.06,113.25,450.79,443.86,360.53,341.56,703.21,691.55,327.07,330.41,,,,,,,,
EB1.0KU.jpg,lepidoptera,val,434.21,81.92,33.56,51.17,244.39,,117.95,141.54,105.48,259.11,115.37,417.54,434.66,262.06,287.62,635.53,634.25,330.0,342.17,,,,,,,,
F.102140.jpg,lepidoptera,val,1807.62,322.7,187.3,,,,471.15,531.56,355.9,1088.76,633.66,1255.88,1275.15,,990.27,1539.44,1552.21,697.37,722.98,,,,561.11,,,,594.8
F.102635.jpg,lepidoptera,val,,322.62,89.55,170.34,,,512.92,704.95,,,790.77,,,,,2198.04,2249.09,,785.03,,,,,,,,
F.102638.jpg,lepidoptera,val,2000.19,312.69,69.58,185.08,974.3,990.53,482.74,704.26,524.1,1226.34,782.31,,,,,1936.77,1734.98,776.17,,,,,,,,,
F.103428.jpg,lepidoptera,val,1656.8,256.96,107.4,192.45,,1106.51,421.56,491.22,411.75,1058.17,554.11,1376.9,1395.37,995.68,1134.69,1855.87,1841.71,859.64,872.34,,,,,,,,296.61
F.103511.jpg,lepidoptera,val,1977.83,332.65,159.06,213.7,1003.6,834.06,570.34,683.6,632.7,1135.16,667.44,1627.1,1599.63,1206.48,1217.37,2036.86,2054.25,885.87,879.89,,,,,,,,
F.103948.jpg,lepidoptera,val,1547.91,281.05,173.69,190.06,997.63,1043.92,431.68,563.49,387.18,810.73,553.47,1414.17,1309.58,,,1764.98,1692.65,675.89,688.02,,,,474.61,,,,621.17
F.104812.jpg,lepidoptera,val,1922.96,309.86,143.44,214.42,,1165.2,495.14,576.45,567.22,1203.07,604.06,1606.21,1575.68,1366.4,1319.98,2050.57,2017.24,876.43,911.24,,,,,,,,
F.105010.jpg,lepidoptera,val,2000.57,,90.33,,1029.67,1031.5,524.73,535.99,477.88,1374.25,728.87,1553.56,1529.28,2484.99,2304.48,1826.17,1837.82,854.72,840.93,,,,,,,,676.86
F.10575.jpg,lepidoptera,val,1080.45,196.33,114.4,131.64,694.64,,269.26,246.77,284.37,719.29,302.52,1132.63,1119.95,846.74,870.44,1323.73,1308.0,494.82,465.77,,,,,,,,
F.105914.jpg,lepidoptera,val,2358.1,383.02,172.35,210.87,,1404.58,583.17,786.04,518.87,1399.72,697.84,1719.11,1740.15,,1249.33,2052.69,2113.31,1002.64,996.85,,,,,,,,
F.106241.jpg,lepidoptera,val,1592.02,236.68,85.35,,841.89,880.9,470.91,499.5,398.33,1007.17,534.9,1302.62,1281.35,1130.82,1115.77,1540.45,1551.39,781.03,780.41,,,,,,,,
F.106969.jpg,lepidoptera,val,,170.37,60.51,,686.01,,502.54,481.24,,,600.29,,,,,1320.97,1297.8,,697.74,,,,,,,,
F.10796.jpg,lepidoptera,val,,181.44,,125.43,,,288.96,,297.27,791.48,309.14,1032.54,1023.92,687.39,655.13,1227.39,1305.37,398.09,395.55,,,,,,,,
F.108330.jpg,lepidoptera,val,,,,,,,642.94,610.13,,,710.11,,,,,1546.82,1589.01,715.49,647.22,,,,,,,,
F.12299.jpg,lepidoptera,val,1234.1,209.91,137.32,154.53,1072.45,1139.4,,281.23,272.07,815.55,,1305.54,1298.67,615.25,590.21,1539.97,,549.49,540.09,,,,,,,,
F.125008.jpg,lepidoptera,val,1537.24,320.37,130.77,203.91,1029.14,1001.14,500.77,642.26,304.76,764.21,599.76,1148.47,1090.01,675.26,645.78,1531.79,1493.31,740.55,724.29,,,,,,,,
F.125551.jpg,lepidoptera,val,2274.99,553.15,251.1,229.36,996.15,1266.68,627.27,859.31,512.77,1164.58,685.46,1624.5,1614.88,1147.39,1278.62,2299.51,2258.15,826.35,800.29,,,,,,,,
F.12564.jpg,lepidoptera,val,1556.16,226.69,88.63,151.58,935.23,1234.07,385.82,391.96,198.01,1075.58,392.63,1383.54,1386.09,637.18,,1710.44,1705.72,543.81,520.59,,,,,,,,
F.125706.jpg,lepidoptera,val,1670.29,316.05,150.34,215.77,974.22,978.45,700.21,622.81,287.33,897.13,697.27,1166.52,1197.23,917.47,959.18,1498.87,1489.74,746.87,766.67,,,,,,,,
F.126610.jpg,lepidoptera,val,1561.52,313.17,110.29,202.34,798.89,553.82,533.52,508.61,370.35,942.63,583.05,1235.11,1261.13,728.22,662.96,1706.98,1741.75,653.74,654.5,,,,,,,,
F.126798.jpg,lepidoptera,val,2235.52,402.19,153.91,230.9,1386.2,1392.09,727.23,756.62,548.06,1324.98,818.46,1687.11,1639.24,901.84,843.91,2161.64,2237.19,976.22,1028.72,,,375.82,371.59,,,,
F.127184.jpg,lepidoptera,val,1715.41,325.53,212.63,182.37,903.68,865.38,702.42,578.79,640.91,923.99,691.43,1386.53,1347.56,938.62,985.79,1829.88,1789.41,841.37,847.53,,,,,,,,
F.127982.jpg,lepidoptera,val,,,,,702.11,793.89,690.05,595.03,357.37,1180.27,720.03,1269.86,1327.68,818.71,813.25,1801.21,1000.89,855.69,935.85,,,,,,,,
F.128201.jpg,lepidoptera,val,1902.53,225.22,156.16,,839.31,749.55,643.68,689.45,488.86,1056.91,762.66,1441.17,1490.21,831.75,854.74,1870.15,2042.94,882.7,862.76,,,,,,,,
F.128691.jpg,lepidoptera,val,1621.67,284.33,169.78,,913.17,908.53,460.25,469.0,327.48,982.89,441.48,1208.52,1210.1,799.76,789.49,1511.11,1492.77,746.7,880.37,990.04,476.76,247.7,265.58,,,159.44,348.11
F.130258.jpg,lepidoptera,val,1683.51,325.49,170.81,,963.79,981.83,615.48,687.55,421.15,825.15,599.6,1258.07,1243.9,890.63,858.53,1661.4,1704.45,810.11,834.45,,,,,,,,240.26
F.130294.jpg,lepidoptera,val,2047.61,352.1,155.04,,823.93,740.99,745.49,749.47,453.87,1143.09,790.46,1267.45,1290.75,874.49,852.42,1819.4,1784.76,834.05,849.07,,,,,,,,
F.131266.jpg,lepidoptera,val,1702.49,209.37,21.47,,781.66,785.18,534.81,487.62,305.38,1193.41,482.96,1301.79,1389.2,904.01,806.58,1680.56,1743.1,899.05,913.53,647.52,140.75,219.64,287.12,,,181.61,231.07
F.131909.jpg,lepidoptera,val,1827.44,273.07,142.56,,781.69,988.45,731.93,746.78,408.07,938.1,639.15,1393.46,1309.65,990.21,932.75,1921.37,1927.41,934.45,898.88,,,,,,,,
F.133751.jpg,lepidoptera,val,1791.01,283.9,137.32,,888.73,,602.38,475.1,315.39,1178.59,538.49,1430.95,1317.34,999.74,923.63,1879.78,1981.58,907.36,970.93,,,441.42,,,,,
F.134960.jpg,lepidoptera,val,1565.84,251.76,101.2,174.49,166.41,410.92,263.8,571.84,134.91,892.8,,1225.23,,719.28,,1607.57,,790.97,,794.43,319.37,282.49,192.57,,,266.23,
F.136365.jpg,lepidoptera,val,1627.21,494.59,85.82,,776.93,767.35,581.94,579.29,426.48,962.11,537.11,1262.15,1169.46,817.63,751.34,1694.1,1684.38,783.75,792.92,,,,,,,,
F.32657.jpg,lepidoptera,val,1324.28,232.44,110.9,,669.06,871.76,495.25,436.9,447.68,776.48,419.1,1205.76,1202.49,967.36,959.12,1661.84,1652.64,764.53,737.04,,,,,,,,
F.33622.jpg,lepidoptera,val,1626.72,251.46,106.64,177.96,,,589.87,527.18,498.88,992.91,556.76,1019.21,968.49,764.69,826.34,1419.35,1442.45,689.03,672.75,,,,,,,,
F.35108.jpg,lepidoptera,val,1373.19,279.85,129.12,192.49,838.95,1004.75,562.42,584.65,224.21,659.42,549.76,1173.39,1212.37,996.26,953.21,1612.64,1581.59,791.55,778.41,,,,,,,,
F.3540.jpg,lepidoptera,val,1121.7,196.71,101.16,134.67,699.61,427.01,332.08,314.04,276.34,706.5,309.92,1237.49,1153.2,732.94,691.39,1361.44,1349.28,417.63,428.0,,,,,,,,
F.35793.jpg,lepidoptera,val,1492.86,272.79,154.46,,887.06,847.19,587.03,483.34,491.1,855.06,553.78,1109.25,1191.16,941.44,958.4,1577.39,1631.55,722.33,740.56,,,,,,,,
F.35879.jpg,lepidoptera,val,1396.47,264.37,112.84,,880.26,1060.29,581.04,493.03,540.25,790.6,567.52,1126.19,1158.45,880.6,904.47,1621.14,1657.17,745.85,753.31,,,,,,,,
F.38652.jpg,lepidoptera,val,964.05,160.32,80.23,,,,253.62,351.02,278.39,532.8,363.28,842.4,813.62,396.24,356.34,1057.57,704.33,428.05,488.64,,,,,,,,
F.39189.jpg,lepidoptera,val,,,54.76,,859.72,1333.56,611.28,639.79,,,590.45,1459.79,1302.06,1240.23,1142.63,1965.7,1757.63,896.43,913.82,,,,,,,,
F.39386.jpg,lepidoptera,val,1685.3,,125.08,,,389.81,820.7,372.83,397.65,1187.39,809.82,1405.02,1363.86,647.62,791.97,1938.86,1914.63,853.58,876.76,,,,,,,,
F.39606.jpg,lepidoptera,val,1904.73,224.51,42.69,,930.91,972.58,595.56,711.26,441.65,1150.77,609.98,1279.97,1332.87,1122.74,1070.29,1800.23,1823.9,896.4,878.59,,,,,,,,
F.42341.jpg,lepidoptera,val,1665.96,292.85,117.87,169.81,1066.38,1096.0,648.13,611.91,428.66,936.19,562.68,1333.56,1368.59,1164.09,1195.0,1810.92,1806.37,946.4,910.53,,,,,,,,
EA1.19C.jpg,lepidoptera,test,571.82,103.24,41.84,67.88,340.45,319.14,227.22,213.02,158.42,316.96,202.14,462.0,473.98,382.57,386.73,601.0,606.93,290.75,287.93,,,,,,,,
EA1.1G5.jpg,lepidoptera,test,523.06,94.68,36.74,63.65,332.25,335.97,171.43,176.72,101.78,309.6,155.84,459.77,480.01,366.92,358.04,600.35,589.04,285.22,281.36,,,,,,,,
EA1.1ZW.jpg,lepidoptera,test,,,,,,,206.31,254.6,219.68,407.66,198.43,412.74,429.75,285.43,293.97,622.11,329.92,326.69,366.73,,,,,,,,
EA1.2PS.jpg,lepidoptera,test,433.19,,41.05,,181.46,114.71,136.12,128.75,103.41,263.4,129.85,454.39,444.08,322.12,309.32,643.09,638.81,356.31,360.86,,,,,,,,
EA3.19W.jpg,lepidoptera,test,555.15,81.94,61.4,47.73,163.29,249.72,151.42,149.24,101.17,344.51,124.63,494.67,469.3,395.71,429.91,631.72,613.05,310.75,311.58,,,,,,,,
EA3.1GZ.jpg,lepidoptera,test,,,,,246.19,369.7,210.41,240.1,131.78,374.94,204.66,491.39,498.65,444.66,439.99,643.16,622.14,339.23,346.62,,,,,,,,
EA4.0LU.jpg,lepidoptera,test,590.43,101.45,44.22,73.05,301.7,270.22,189.81,216.72,127.09,329.49,169.97,354.2,405.44,322.14,336.24,514.72,525.21,248.55,261.39,,,,,,,,
EA4.0QF.jpg,lepidoptera,test,527.63,,38.29,,275.33,343.36,144.43,129.81,114.49,359.54,126.44,551.48,542.46,426.56,429.68,706.92,713.36,375.15,369.64,,,,,,,,
EA4.0VD.jpg,lepidoptera,test,697.03,118.25,78.55,79.96,390.67,397.44,224.83,260.07,202.68,358.4,231.85,525.04,524.77,450.36,450.7,694.84,680.91,330.26,326.2,,,,,,,,
EA4.1FW.jpg,lepidoptera,test,,,,,293.81,280.22,178.79,,116.56,392.97,194.37,548.65,557.46,436.69,415.29,677.59,685.95,351.59,345.73,,,,,,,,
EA4.1GA.jpg,lepidoptera,test,611.02,,30.98,,240.0,267.07,207.41,211.78,178.89,368.26,177.7,503.01,485.43,399.86,404.62,638.47,660.67,343.74,337.16,,,,,,,,
EA4.1J2.jpg,lepidoptera,test,,,,,203.3,130.58,200.81,192.36,198.16,385.52,199.68,470.59,471.76,333.58,364.12,690.61,694.79,327.1,322.88,,,,,,,,
EA4.1U3.jpg,lepidoptera,test,418.73,61.27,53.63,,218.67,211.29,75.0,121.71,81.54,243.39,101.71,511.4,520.58,194.3,234.35,652.91,650.56,218.65,214.52,,,,,,,,
EA5.104.jpg,lepidoptera,test,558.84,94.65,40.11,72.72,339.46,382.21,204.99,203.68,186.55,315.05,217.51,463.8,459.45,362.37,382.72,585.3,591.61,276.55,280.13,,,,,,,,
EA6.1RE.jpg,lepidoptera,test,,,,,315.0,302.39,183.77,,144.58,313.76,197.22,453.14,467.32,333.15,318.8,635.83,655.51,285.32,289.89,,,,,,,,
EA7.0I2.jpg,lepidoptera,test,441.95,75.3,35.63,52.46,286.54,285.23,125.28,128.69,97.99,277.62,116.7,532.99,549.8,397.45,388.68,667.05,677.23,369.86,360.44,,,,,,,,
EA7.122.jpg,lepidoptera,test,660.92,109.97,87.55,61.13,,336.68,216.61,232.88,138.29,340.49,210.11,518.43,489.38,470.21,484.09,688.11,671.75,324.38,326.54,,,,,,,,
EA7.1KT.jpg,lepidoptera,test,529.97,96.12,80.38,40.47,299.28,212.76,104.61,154.12,58.78,295.46,68.07,611.82,606.34,465.81,466.72,737.42,746.14,413.28,394.65,,,,,,,,
EA7.28A.jpg,lepidoptera,test,519.72,72.35,22.79,43.08,,321.78,107.72,129.53,43.9,367.4,82.4,619.5,657.96,435.47,409.77,749.54,768.54,402.54,406.19,,,,,,,,
EA8.0Y3.jpg,lepidoptera,test,587.62,109.49,42.85,75.09,307.11,302.17,262.23,217.79,157.41,326.98,259.94,468.97,444.4,437.49,403.81,596.11,599.1,284.08,281.25,,,,,,,,
EA8.289.jpg,lepidoptera,test,,,,,,,108.83,114.34,,,78.32,407.09,362.26,267.22,231.69,596.25,568.19,302.42,302.81,,,,,,,,
EB1.07Q.jpg,lepidoptera,test,521.12,80.66,50.5,44.49,342.66,297.33,118.5,134.15,77.8,336.46,109.35,535.41,529.68,343.33,332.32,706.49,702.69,354.34,357.43,,,,,,,,
EB1.0H8.jpg,lepidoptera,test,415.34,86.12,44.57,45.79,301.36,245.8,125.53,171.01,90.73,199.76,123.14,429.93,397.67,288.38,282.4,646.05,653.06,329.9,322.98,,,,,,,,
F.100825.jpg,lepidoptera,test,1850.65,324.45,180.89,207.39,1123.79,1250.3,523.43,564.22,392.64,1105.53,718.19,1482.79,1475.6,1285.71,1216.02,1770.36,1771.24,749.85,753.06,,,,745.37,,,,712.75
F.101328.jpg,lepidoptera,test,1660.37,270.95,154.01,133.78,798.12,942.86,309.29,418.53,269.19,1087.83,434.36,1410.89,1324.74,,1169.32,1657.36,1567.66,554.28,577.69,,,,,,,,
F.103264.jpg,lepidoptera,test,2694.56,393.09,108.42,200.47,1312.93,1465.29,677.62,922.37,844.02,1663.76,912.97,2127.8,2085.53,1932.49,1921.49,2771.27,,1127.65,1129.32,,,,,,,,
F.10343.jpg,lepidoptera,test,1123.81,184.86,92.34,127.59,822.93,798.88,262.83,395.62,232.36,635.85,269.53,1088.08,1119.82,699.45,713.3,1312.51,1319.75,427.88,425.73,,,,,,,,
F.105014.jpg,lepidoptera,test,1918.89,316.24,130.98,217.36,1236.76,1148.02,518.45,621.12,382.37,1166.8,711.1,1657.71,1731.77,1329.53,1336.97,1992.41,2012.82,939.55,922.88,,,,788.37,,,,711.18
F.105637.jpg,lepidoptera,test,1240.85,188.22,75.94,,830.31,617.72,403.3,377.3,298.46,787.62,488.29,1022.83,1006.34,,,1264.6,1306.58,563.56,538.08,,,,,,,,
F.107213.jpg,lepidoptera,test,1850.45,278.95,140.26,192.0,876.37,800.36,543.19,620.01,602.23,1090.18,610.96,1217.94,1170.7,1013.34,939.19,1597.4,1571.94,736.01,740.54,,,,,,,,
F.107523.jpg,lepidoptera,test,1701.28,287.48,210.34,,1004.79,649.22,626.97,662.84,,828.1,681.64,,,,,1702.87,1664.8,699.23,714.41,,,,,,,,
F.107712.jpg,lepidoptera,test,1995.83,260.64,70.95,,,979.09,655.13,582.88,,1342.0,715.05,,,,,1881.48,1856.85,913.18,802.94,,,,,,,,
F.108549.jpg,lepidoptera,test,2262.0,392.45,133.98,231.77,1512.09,1496.34,579.33,631.33,615.39,1496.69,805.61,1842.06,1802.55,1387.38,1427.66,2659.06,2607.05,1087.13,1090.24,,,,828.25,,,,822.23
F.108634.jpg,lepidoptera,test,1401.57,281.43,123.6,187.37,715.46,848.28,576.5,558.54,490.0,719.42,639.54,1149.27,1178.58,919.89,939.82,1435.99,,698.29,698.98,,,,,,,,
F.110164.jpg,lepidoptera,test,1753.82,298.0,135.53,191.6,1000.08,890.22,509.41,590.94,527.91,1027.35,564.71,1294.12,1288.63,1056.87,1015.79,1625.02,1705.75,718.47,719.8,,,,,,,,
F.110910.jpg,lepidoptera,test,1760.08,314.15,145.5,,748.67,756.27,550.58,714.53,,900.05,752.84,,,,,1857.02,1837.92,863.93,800.63,,,,,,,,
F.125508.jpg,lepidoptera,test,1879.46,317.82,146.05,204.25,456.98,,622.74,664.52,342.4,1068.89,647.62,1323.55,1282.3,965.42,951.44,1883.59,1796.93,713.88,716.19,,,,,923.86,188.03,326.75,409.08
F.126354.jpg,lepidoptera,test,1777.62,229.92,132.89,,608.46,596.55,519.22,635.29,502.13,1009.44,657.74,1599.97,1612.63,709.85,1031.55,1860.03,1856.1,715.75,746.45,,,,,,,,
F.12680.jpg,lepidoptera,test,1326.52,211.34,99.27,,,,277.21,197.36,206.48,1029.89,269.8,1436.28,1336.64,711.47,755.89,1745.62,1703.65,546.62,496.41,,,,,,,,
F.128032.jpg,lepidoptera,test,1454.8,260.74,109.09,,129.16,947.23,433.44,626.18,371.08,719.53,544.28,1386.18,1194.92,877.09,918.88,1974.07,1932.06,877.98,858.82,,,,,,,,
F.128252.jpg,lepidoptera,test,2124.12,333.98,153.93,212.68,1024.04,1045.31,537.12,593.59,478.6,1376.6,654.61,1516.0,1517.57,1116.01,1054.38,1992.16,1974.0,909.4,883.49,,,,271.24,,,,246.97
F.128342.jpg,lepidoptera,test,1574.41,515.34,241.23,,893.0,186.38,515.67,485.04,385.25,848.15,622.82,1255.09,1360.01,727.46,962.2,1852.35,1897.2,843.14,822.26,,,,,,,,
F.129283.jpg,lepidoptera,test,1327.38,215.17,69.5,137.29,,566.98,352.69,435.91,352.35,821.97,234.36,1101.95,1124.83,639.71,602.01,1462.61,1351.52,607.92,653.34,646.96,267.77,185.09,194.1,,,,
F.129350.jpg,lepidoptera,test,1864.4,297.61,90.39,,699.11,520.54,411.48,555.92,377.32,1218.08,438.51,1102.08,1150.75,637.13,663.83,1514.76,1436.82,696.82,710.34,,,263.22,,,,,
F.129953.jpg,lepidoptera,test,2822.96,469.91,170.55,255.63,1663.85,994.23,821.48,1001.12,626.5,1651.28,777.99,2219.71,2120.26,1592.5,1443.71,2994.85,2997.73,1485.14,1382.95,,,,,,,,
F.130878.jpg,lepidoptera,test,,,,,511.4,484.11,559.68,,334.05,651.28,461.8,913.72,1009.41,490.56,597.13,1443.14,1417.35,654.64,651.43,,,,,,,358.87,380.8
F.131639.jpg,lepidoptera,test,1878.36,240.47,139.77,,964.4,982.98,711.7,761.89,275.47,976.7,648.98,1588.56,1565.8,1033.81,1004.86,2213.46,2227.3,1082.32,1092.21,,,,,,,,
F.131874.jpg,lepidoptera,test,2201.6,224.38,79.25,,940.3,872.87,470.66,817.56,512.66,1304.79,650.07,1590.18,1582.28,852.92,795.69,2087.24,2130.5,1079.48,1071.54,,,331.23,234.34,,,,
F.131995.jpg,lepidoptera,test,1838.12,256.18,105.51,165.53,917.78,932.74,655.45,677.14,401.61,1055.47,561.89,1444.82,1389.16,852.12,591.04,2058.2,1913.32,1003.15,1002.02,,,,,,,,
F.133112.jpg,lepidoptera,test,1841.54,264.18,135.95,,755.41,624.99,,623.19,395.17,1082.41,516.2,1623.32,1400.39,1010.84,863.14,1967.17,1923.71,991.06,935.18,,,,,,,,
F.134120.jpg,lepidoptera,test,2247.45,283.1,102.92,,996.17,989.35,641.25,735.78,623.58,1408.74,631.81,1502.26,1442.68,982.29,880.83,2020.51,1996.9,901.88,890.31,,,,,,,,
F.135865.jpg,lepidoptera,test,1871.44,302.58,148.17,182.41,958.36,946.47,564.08,634.12,467.94,1089.15,543.19,1611.99,1637.04,1024.08,1149.67,2113.83,2148.17,981.34,975.25,,,341.16,302.93,,,,
F.135883.jpg,lepidoptera,test,2518.29,314.98,90.06,,1006.47,853.15,650.09,730.73,624.48,1697.5,718.38,1835.98,1898.59,1060.4,1065.46,2480.79,2438.17,1162.77,1045.99,,,,,,,,
F.13681.jpg,lepidoptera,test,1022.84,169.71,85.18,,972.04,956.14,234.82,289.45,222.53,648.21,,1232.16,1189.14,617.53,591.38,,1546.69,480.47,464.9,,,,,,,,
F.14557.jpg,lepidoptera,test,1152.56,240.09,97.66,,,,330.95,334.99,198.53,719.91,333.73,1202.23,1302.24,,804.17,1369.07,1522.11,454.58,453.55,,,,,,,,
F.16698.jpg,lepidoptera,test,568.25,96.44,83.79,,,535.15,105.41,161.76,82.23,322.7,174.73,569.01,556.75,159.36,144.09,709.23,689.96,191.78,184.34,,,,,,,,
F.31708.jpg,lepidoptera,test,1425.64,231.2,104.45,136.6,733.86,830.32,445.36,387.1,264.56,934.09,406.43,1096.67,1076.25,908.78,941.54,1450.79,1432.56,705.92,724.5,,,,,,,,
F.32363.jpg,lepidoptera,test,1361.81,211.95,103.06,,991.39,980.23,501.53,520.95,380.03,737.8,490.44,1224.35,1219.25,871.46,867.48,1637.56,1636.57,751.74,752.47,,,,,,,,
F.32606.jpg,lepidoptera,test,1422.73,268.18,133.63,167.05,759.7,836.82,457.65,542.26,233.91,746.85,453.38,1161.31,1170.67,904.87,809.22,1531.72,1567.29,708.84,721.93,,,,,,,,
F.33291.jpg,lepidoptera,test,,,,,,,509.31,494.81,332.4,1064.33,541.75,1065.44,1108.63,878.71,891.05,1493.84,1553.34,691.2,704.86,,,,,,,,
F.33806.jpg,lepidoptera,test,1382.51,252.41,119.34,164.22,909.0,702.1,555.72,586.73,339.06,676.44,583.12,1060.2,1094.52,,850.43,1455.22,1470.45,721.18,729.87,,,,,,,,
F.36023.jpg,lepidoptera,test,1680.48,246.64,157.33,,973.15,964.26,512.8,497.98,341.23,1025.18,504.77,1139.52,1100.46,835.8,908.65,1562.51,1548.81,775.53,751.81,,,,,,,,
F.38377.jpg,lepidoptera,test,,172.47,55.08,122.97,572.02,758.0,385.47,415.9,,,393.09,899.96,848.21,688.15,735.85,1128.87,1045.86,569.71,577.77,,,,,,,,
F.38591.jpg,lepidoptera,test,1071.38,158.24,77.31,109.51,683.44,457.96,236.13,409.24,268.9,584.83,309.07,864.99,875.11,639.77,634.36,1055.34,1064.62,531.89,518.24,,,,,,,,
F.40559.jpg,lepidoptera,test,1162.76,208.5,71.47,138.33,628.31,,406.65,418.98,211.1,672.3,405.37,925.16,949.78,740.06,799.81,1299.95,1285.93,563.37,567.63,,,,,,,,
F.41099.jpg,lepidoptera,test,1310.39,215.86,116.4,127.55,748.67,697.86,402.59,400.09,207.45,793.91,399.61,866.11,893.25,728.36,711.78,1197.05,1183.37,571.06,549.94,,,,,,,,
F.41741.jpg,lepidoptera,test,1083.19,160.09,117.07,,690.49,572.34,281.13,236.36,255.87,729.76,304.31,899.62,876.89,678.08,711.35,1131.2,1100.0,547.62,532.62,,,,,,,,
F.41796.jpg,lepidoptera,test,1635.19,284.29,165.06,198.08,920.88,997.02,597.76,583.71,337.24,886.42,573.86,1190.78,1201.1,948.33,1003.51,1569.51,1553.08,746.4,757.45,,,,,,,,
