{
  "yolo26n-pose": {
    "name": "yolo26n-pose.pt",
    "training time": 360,
    "keypoints perf": [
      4.988513864503484,
      4.805424977035621,
      4.302250738577312,
      4.255917482867024,
      4.739128043943995,
      3.9192071407996387,
      5.338962822738646,
      2.924130270965727,
      24.606735928347902,
      38.88470912331955,
      71.8479149708538,
      16.970640114433813,
      4.512178690368806,
      34.44273465789329,
      61.6041841280357,
      3.9316681354535183,
      29.76304218646531,
      38.378044185794984,
      4.749017346448749,
      11.381353974233244,
      7.412437492683713,
      8.86895590754484,
      3.9417688336285606,
      11.20851511877234,
      7.748276516073391,
      26.972282508442106,
      380.36066994123814,
      360.54786060091027,
      382.6174025501537,
      356.88758917842523,
      330.8767436667005,
      354.06288019352667,
      341.33292341000435,
      372.8694122059461,
      374.9515650676359,
      131.83584243869487,
      377.3881691616227,
      379.1394211124101,
      314.9260702113472,
      373.28961584955607,
      482.9328944029773,
      492.5855351346686
    ],
    "metrics": [],
    "traning time": 422.14994192123413
  },
  "yolo26s-pose": {
    "name": "yolo26s-pose.pt",
    "training time": 600,
    "keypoints perf": [
      5.572482234648581,
      4.698775238576092,
      4.715467088249102,
      4.132573643815805,
      5.288646761903052,
      3.9553849930281486,
      5.06670859708208,
      3.3478023264645493,
      24.233427227583935,
      37.42686782378847,
      71.95527914003704,
      16.81017017957398,
      3.7340033786823303,
      31.037383680931505,
      51.24636806655942,
      4.663517920358979,
      38.102461818671415,
      52.36425600626585,
      4.867567028567492,
      11.433768455490277,
      7.054805355663089,
      9.351131366811156,
      4.47623060206241,
      13.320574059656119,
      8.472958803040227,
      28.750564865752217,
      354.184631445052,
      319.96300199093105,
      386.3484710423075,
      357.48708753865657,
      346.2799319583448,
      371.2110287317489,
      345.24229160350865,
      348.66659380512465,
      363.1756064819856,
      127.35413835842496,
      366.9815274536027,
      394.1430343366284,
      351.89529959101117,
      371.8362757490216,
      477.768157635314,
      497.46169500208043
    ],
    "metrics": [],
    "traning time": 637.8523018360138
  },
  "yolo26x-pose": {
    "name": "yolo26x-pose.pt",
    "training time": 1800,
    "keypoints perf": [
      5.282130336871926,
      4.994646709916131,
      4.848502048012717,
      4.79185167642756,
      5.188791036399913,
      4.81419754184208,
      5.688884654828252,
      3.8103524505764086,
      23.97595810699317,
      39.310881909368476,
      73.28139278544039,
      19.42097831417152,
      4.314467684935904,
      50.275121579012605,
      87.77067970097481,
      5.070246700915504,
      42.215343464509886,
      76.76194598029466,
      5.89264144542882,
      13.496744715153918,
      9.692531154695857,
      11.574754579981256,
      4.08798409331775,
      11.217005944670056,
      9.17449956175797,
      28.519990175413618,
      377.0332327492125,
      378.3996624827088,
      399.13816809018846,
      415.8366014275355,
      363.0986473042581,
      412.8473754679816,
      376.27124441716643,
      409.31051564189795,
      361.1438548974817,
      136.81272314652003,
      390.750560132223,
      405.96951688411116,
      378.8436365626178,
      374.87156321201945,
      487.8298720349053,
      495.7646304634288
    ],
    "metrics": [],
    "traning time": 1999.3833410739899
  },
  "yolo26s-pose_pose100.0": {
    "name": "yolo26s-pose.pt",
    "training time": 0,
    "keypoints perf": [
      5.185878452360734,
      4.466429818360666,
      4.748360608511871,
      3.8837988691852,
      5.365384896099643,
      2.9292118966914424,
      4.816374153354795,
      3.5297441774867258,
      24.468363056424213,
      37.90971908167738,
      71.85850800722167,
      17.024641893326535,
      4.384846147506522,
      57.731513652665875,
      101.55536324341556,
      4.679962405100673,
      46.53595170390809,
      90.94605505523086,
      5.1168816366054575,
      13.396504229380508,
      8.783068014558001,
      9.900506176433693,
      5.050175221481994,
      11.033448567584319,
      8.809765122532752,
      28.81851012062102,
      330.36733222333856,
      308.55703860129745,
      363.5993281790494,
      329.4207949397166,
      318.80157379991954,
      331.81670881813636,
      358.58879839864926,
      336.73173000323607,
      354.3497987446555,
      129.72099573260655,
      346.26036155818576,
      374.3333581156936,
      343.5478551168078,
      377.3376157811832,
      468.32103376449425,
      482.054974337322
    ],
    "metrics": [],
    "traning time": 626.3922901153564
  },
  "yolo26s-pose_pose12.0_kws500epochs": {
    "name": "yolo26s-pose.pt",
    "training time": 0,
    "keypoints perf": [
      4.551382185188195,
      4.0364579275240065,
      3.707961239787226,
      3.9661342282872454,
      4.200802501737371,
      3.85838736286941,
      4.098154315635233,
      2.86100494052573,
      24.296346393680942,
      37.330199712118215,
      72.54180125545415,
      12.626902322312128,
      3.4240433902051053,
      23.389382059629902,
      18.520222936565766,
      4.51861870108994,
      28.195563877886734,
      18.389124539942415,
      4.004717495203176,
      6.7418261246995215,
      5.11136464392589,
      7.468872054038812,
      3.5472556275015634,
      7.641699181558161,
      6.623632925706542,
      25.423861327754413,
      368.32037359314523,
      334.9218732950083,
      375.53720883987125,
      368.67766220356054,
      356.97307361066015,
      372.6342972764454,
      351.8078963169396,
      358.67783027259543,
      376.6958564609638,
      129.8167515652104,
      373.5964824005558,
      392.24169696380943,
      356.2286054827625,
      371.4885562561313,
      481.8437542321914,
      493.69697426061475
    ],
    "metrics": [],
    "traning time": 2088.8740668296814
  },
  "yolo26s-pose_pose100.0_kws500epochs": {
    "name": "yolo26s-pose.pt",
    "training time": 0,
    "keypoints perf": [
      4.423048525725493,
      4.406493142678461,
      4.212201497594487,
      3.4269767382168146,
      5.022813802846929,
      2.884488932059876,
      4.570300400213777,
      3.15894832394835,
      24.67619146266609,
      36.78775526819276,
      71.75592377844922,
      13.902836416008734,
      3.551327796598126,
      23.06845154941886,
      58.573430316194745,
      4.893265206123695,
      42.494000625688415,
      85.79425486847268,
      5.308448093327756,
      7.049242652016853,
      6.1095113719272565,
      8.661254519342023,
      4.223615595616591,
      7.439684591044776,
      7.805348616581209,
      26.617035601986764,
      330.9122051483935,
      320.60899165968607,
      354.96777486907365,
      324.71135021256663,
      334.4029614446623,
      334.6781699136096,
      339.9606560505812,
      337.8238577727046,
      350.59327559654196,
      122.72298818193583,
      350.8959229692329,
      359.5268094116685,
      344.3711679289562,
      371.0752153531069,
      468.75800183949485,
      490.6186053442534
    ],
    "metrics": [],
    "traning time": 2092.6491792201996
  },
  "yolo26s-pose_pose1.0_kws500epochs": {
    "name": "yolo26s-pose.pt",
    "training time": 0,