{
  "yolo26n-pose": {
    "name": "yolo26n-pose.pt",
    "training time": 360,
    "keypoints perf": [
      4.988513864503484,
      4.805424977035621,
      4.302250738577312,
      4.255917482867024,
      4.739128043943995,
      3.9192071407996387,
      5.338962822738646,
      2.924130270965727,
      24.606735928347902,
      38.88470912331955,
      71.8479149708538,
      16.970640114433813,
      4.512178690368806,
      34.44273465789329,
      61.6041841280357,
      3.9316681354535183,
      29.76304218646531,
      38.378044185794984,
      4.749017346448749,
      11.381353974233244,
      7.412437492683713,
      8.86895590754484,
      3.9417688336285606,
      11.20851511877234,
      7.748276516073391,
      26.972282508442106,
      380.36066994123814,
      360.54786060091027,
      382.6174025501537,
      356.88758917842523,
      330.8767436667005,
      354.06288019352667,
      341.33292341000435,
      372.8694122059461,
      374.9515650676359,
      131.83584243869487,
      377.3881691616227,
      379.1394211124101,
      314.9260702113472,
      373.28961584955607,
      482.9328944029773,
      492.5855351346686
    ],
    "metrics": [],
    "traning time": 422.14994192123413
  },
  "yolo26s-pose": {
    "name": "yolo26s-pose.pt",
    "training time": 600,
    "keypoints perf": [
      5.572482234648581,
      4.698775238576092,
      4.715467088249102,
      4.132573643815805,
      5.288646761903052,
      3.9553849930281486,
      5.06670859708208,
      3.3478023264645493,
      24.233427227583935,
      37.42686782378847,
      71.95527914003704,
      16.81017017957398,
      3.7340033786823303,
      31.037383680931505,
      51.24636806655942,
      4.663517920358979,
      38.102461818671415,
      52.36425600626585,
      4.867567028567492,
      11.433768455490277,
      7.054805355663089,
      9.351131366811156,
      4.47623060206241,
      13.320574059656119,
      8.472958803040227,
      28.750564865752217,
      354.184631445052,
      319.96300199093105,
      386.3484710423075,
      357.48708753865657,
      346.2799319583448,
      371.2110287317489,
      345.24229160350865,
      348.66659380512465,
      363.1756064819856,
      127.35413835842496,
      366.9815274536027,
      394.1430343366284,
      351.89529959101117,
      371.8362757490216,
      477.768157635314,
      497.46169500208043
    ],
    "metrics": [],
    "traning time": 637.8523018360138
  },
  "yolo26x-pose": {
    "name": "yolo26x-pose.pt",
    "training time": 1800,
    "keypoints perf": [
      5.282130336871926,
      4.994646709916131,
      4.848502048012717,
      4.79185167642756,
      5.188791036399913,
      4.81419754184208,
      5.688884654828252,
      3.8103524505764086,
      23.97595810699317,
      39.310881909368476,
      73.28139278544039,
      19.42097831417152,
      4.314467684935904,
      50.275121579012605,
      87.77067970097481,
      5.070246700915504,
      42.215343464509886,
      76.76194598029466,
      5.89264144542882,
      13.496744715153918,
      9.692531154695857,
      11.574754579981256,
      4.08798409331775,
      11.217005944670056,
      9.17449956175797,
      28.519990175413618,
      377.0332327492125,
      378.3996624827088,
      399.13816809018846,
      415.8366014275355,
      363.0986473042581,
      412.8473754679816,
      376.27124441716643,
      409.31051564189795,
      361.1438548974817,
      136.81272314652003,
      390.750560132223,
      405.96951688411116,
      378.8436365626178,
      374.87156321201945,
      487.8298720349053,
      495.7646304634288
    ],
    "metrics": [],
    "traning time": 1999.3833410739899
  }
}